{"type":"FeatureCollection", "features": [
{"type":"Feature","geometry":{"type":"Polygon","coordinates":[[[-5.864452,40.708127],[-5.866194,40.708281],[-5.866994,40.708565],[-5.867986,40.708691],[-5.868787,40.708972],[-5.870135,40.709118],[-5.870896,40.709493],[-5.87273,40.711122],[-5.873687,40.711431],[-5.874249,40.712216],[-5.876075,40.713526],[-5.876681,40.713733],[-5.878036,40.713874],[-5.878594,40.71428],[-5.879283,40.714977],[-5.882803,40.712129],[-5.884048,40.711339],[-5.884159,40.711008],[-5.883926,40.709616],[-5.884171,40.709187],[-5.884849,40.708574],[-5.885412,40.707884],[-5.885862,40.707114],[-5.886719,40.706417],[-5.887895,40.706027],[-5.888216,40.705735],[-5.88903,40.705563],[-5.889298,40.704988],[-5.890308,40.704179],[-5.891083,40.703277],[-5.891223,40.702466],[-5.892664,40.701497],[-5.893713,40.7013],[-5.893879,40.700909],[-5.894545,40.700358],[-5.895622,40.699898],[-5.896625,40.699775],[-5.897212,40.699506],[-5.898779,40.69822],[-5.899502,40.697724],[-5.899144,40.69688],[-5.898713,40.696292],[-5.898553,40.695524],[-5.898137,40.69443],[-5.89773,40.694062],[-5.896777,40.692741],[-5.896684,40.692445],[-5.8966,40.69093],[-5.896454,40.690597],[-5.89582,40.690099],[-5.895665,40.689294],[-5.89616,40.688032],[-5.896173,40.687343],[-5.896679,40.685751],[-5.896622,40.68434],[-5.89684,40.683592],[-5.896857,40.682914],[-5.896723,40.680341],[-5.896551,40.679802],[-5.896672,40.678791],[-5.896469,40.678002],[-5.896619,40.677105],[-5.897191,40.676238],[-5.898432,40.675818],[-5.898522,40.675493],[-5.898165,40.675009],[-5.897458,40.674799],[-5.896518,40.67502],[-5.895022,40.675067],[-5.894197,40.674814],[-5.892061,40.673291],[-5.891677,40.672681],[-5.89158,40.67093],[-5.891165,40.670062],[-5.890765,40.669688],[-5.890485,40.668519],[-5.8901,40.668279],[-5.889884,40.667842],[-5.889195,40.667461],[-5.888854,40.667045],[-5.889136,40.666512],[-5.889824,40.666341],[-5.890198,40.665736],[-5.890007,40.661537],[-5.890112,40.661092],[-5.891341,40.660225],[-5.891897,40.659531],[-5.892038,40.658324],[-5.892737,40.657138],[-5.893004,40.656135],[-5.89308,40.655143],[-5.893863,40.65403],[-5.895662,40.653278],[-5.896775,40.652981],[-5.897831,40.652863],[-5.898447,40.652489],[-5.898718,40.651506],[-5.898726,40.650449],[-5.899053,40.64981],[-5.899655,40.649149],[-5.9006,40.648951],[-5.90149,40.648414],[-5.901908,40.647268],[-5.902557,40.646423],[-5.902696,40.645809],[-5.903125,40.645438],[-5.903566,40.644524],[-5.904206,40.643673],[-5.90403,40.643259],[-5.904069,40.642493],[-5.904439,40.642099],[-5.904772,40.641212],[-5.904908,40.640398],[-5.905557,40.639756],[-5.905688,40.639065],[-5.906319,40.638338],[-5.907814,40.637744],[-5.908606,40.637107],[-5.908719,40.636307],[-5.908625,40.635226],[-5.908257,40.634889],[-5.907237,40.634398],[-5.905486,40.633129],[-5.905451,40.632975],[-5.906245,40.632053],[-5.907226,40.631225],[-5.907449,40.630875],[-5.909245,40.629749],[-5.909438,40.629314],[-5.910009,40.62885],[-5.910559,40.62867],[-5.910929,40.628111],[-5.912106,40.62743],[-5.912693,40.62586],[-5.912618,40.623925],[-5.912968,40.623512],[-5.914606,40.623361],[-5.915734,40.623128],[-5.91661,40.622659],[-5.917361,40.622105],[-5.9185,40.621784],[-5.919985,40.621742],[-5.920656,40.621476],[-5.920962,40.621098],[-5.921744,40.620649],[-5.922879,40.62042],[-5.923388,40.620414],[-5.924198,40.619701],[-5.924481,40.61866],[-5.924238,40.617751],[-5.924513,40.617403],[-5.925791,40.616347],[-5.926224,40.61543],[-5.927567,40.61514],[-5.927827,40.614879],[-5.927894,40.614137],[-5.928648,40.614386],[-5.928843,40.61485],[-5.92959,40.615342],[-5.929784,40.615728],[-5.930429,40.616212],[-5.930796,40.616286],[-5.933512,40.616229],[-5.934321,40.616107],[-5.935107,40.615571],[-5.936014,40.615487],[-5.936908,40.615837],[-5.937895,40.616001],[-5.938346,40.615278],[-5.939016,40.614661],[-5.939451,40.613663],[-5.939767,40.613232],[-5.940702,40.612818],[-5.940217,40.611583],[-5.940493,40.610488],[-5.942276,40.608269],[-5.942324,40.606909],[-5.942629,40.606414],[-5.943129,40.606011],[-5.943368,40.604956],[-5.943418,40.603721],[-5.944406,40.602815],[-5.944723,40.602229],[-5.944791,40.601723],[-5.945512,40.600983],[-5.945842,40.600328],[-5.945714,40.599955],[-5.945074,40.599445],[-5.945459,40.599129],[-5.946221,40.599611],[-5.947137,40.600042],[-5.947939,40.600066],[-5.948637,40.599916],[-5.949305,40.599979],[-5.950066,40.599664],[-5.951647,40.59948],[-5.952233,40.599243],[-5.952789,40.598768],[-5.952937,40.598302],[-5.95363,40.597624],[-5.954185,40.596712],[-5.954251,40.59597],[-5.954166,40.595192],[-5.953932,40.594776],[-5.953851,40.593768],[-5.954175,40.593221],[-5.954728,40.592816],[-5.956527,40.592467],[-5.957538,40.592349],[-5.958093,40.592092],[-5.958565,40.591338],[-5.959544,40.59043],[-5.959687,40.58996],[-5.960376,40.588768],[-5.960441,40.58826],[-5.960758,40.587673],[-5.963011,40.585794],[-5.963413,40.585557],[-5.964616,40.585454],[-5.965363,40.585252],[-5.965997,40.58523],[-5.966759,40.585398],[-5.967555,40.585335],[-5.968359,40.584901],[-5.968735,40.584558],[-5.968832,40.584017],[-5.970548,40.58244],[-5.970939,40.582244],[-5.972071,40.582964],[-5.972984,40.583387],[-5.973991,40.583462],[-5.975833,40.58381],[-5.976843,40.583817],[-5.980357,40.583719],[-5.981442,40.58359],[-5.982763,40.584264],[-5.983965,40.584686],[-5.98542,40.584843],[-5.985886,40.584798],[-5.986502,40.585015],[-5.987236,40.585743],[-5.988865,40.586832],[-5.99028,40.587222],[-5.991757,40.587467],[-5.993362,40.587426],[-5.994127,40.587053],[-5.994792,40.586872],[-5.995505,40.58636],[-5.995987,40.586268],[-5.996728,40.58643],[-5.998336,40.586395],[-6.00055,40.585746],[-6.001812,40.585427],[-6.002233,40.585432],[-6.004688,40.586],[-6.005385,40.586083],[-6.005901,40.586362],[-6.006962,40.586416],[-6.009754,40.586346],[-6.011027,40.586607],[-6.011605,40.586927],[-6.012407,40.587155],[-6.015396,40.587103],[-6.016259,40.587274],[-6.018565,40.58724],[-6.019619,40.587131],[-6.020109,40.586827],[-6.020774,40.586647],[-6.02149,40.586141],[-6.022568,40.585892],[-6.023228,40.585413],[-6.02365,40.585305],[-6.024726,40.58539],[-6.02546,40.585327],[-6.02673,40.586006],[-6.027415,40.585503],[-6.028974,40.584864],[-6.032106,40.582304],[-6.032555,40.581536],[-6.033373,40.580593],[-6.034379,40.579786],[-6.035191,40.57884],[-6.035592,40.577683],[-6.035923,40.57733],[-6.036566,40.577083],[-6.038385,40.577015],[-6.039457,40.576733],[-6.039779,40.576518],[-6.040662,40.575323],[-6.040638,40.574791],[-6.04032,40.574347],[-6.038362,40.572909],[-6.037526,40.571494],[-6.036165,40.570507],[-6.035264,40.56961],[-6.034747,40.568867],[-6.034031,40.568192],[-6.033413,40.567858],[-6.032268,40.566228],[-6.031355,40.565575],[-6.030754,40.565366],[-6.029476,40.565119],[-6.028941,40.565107],[-6.027663,40.56486],[-6.027062,40.564651],[-6.025813,40.563799],[-6.025522,40.563507],[-6.025584,40.563008],[-6.025105,40.561853],[-6.025172,40.561195],[-6.026104,40.560618],[-6.026974,40.559923],[-6.027223,40.559153],[-6.026485,40.558111],[-6.02703,40.557583],[-6.02878,40.556863],[-6.030166,40.556749],[-6.031985,40.556274],[-6.033205,40.556238],[-6.034108,40.556368],[-6.034753,40.556202],[-6.036252,40.556132],[-6.037115,40.555831],[-6.038149,40.555043],[-6.039292,40.554333],[-6.040157,40.554035],[-6.041364,40.553936],[-6.04302,40.55292],[-6.044039,40.552926],[-6.044642,40.552706],[-6.045977,40.551909],[-6.04753,40.551274],[-6.048678,40.550568],[-6.050003,40.549552],[-6.050395,40.549395],[-6.051445,40.548619],[-6.052119,40.548446],[-6.053436,40.547207],[-6.053829,40.547051],[-6.054953,40.546244],[-6.056658,40.546103],[-6.057783,40.545296],[-6.058416,40.544948],[-6.059018,40.544216],[-6.059566,40.5433],[-6.059886,40.542017],[-6.059894,40.541092],[-6.060309,40.540347],[-6.060444,40.53966],[-6.061378,40.538783],[-6.061538,40.537844],[-6.064544,40.537843],[-6.065818,40.538102],[-6.066726,40.538525],[-6.067537,40.539028],[-6.06822,40.539169],[-6.068729,40.539453],[-6.07011,40.53991],[-6.072709,40.540303],[-6.073859,40.540389],[-6.074124,40.540872],[-6.074877,40.541267],[-6.075204,40.541658],[-6.075358,40.542429],[-6.07567,40.542874],[-6.076881,40.544125],[-6.077902,40.544643],[-6.078561,40.544569],[-6.079663,40.544109],[-6.080376,40.543595],[-6.08143,40.54348],[-6.082185,40.543649],[-6.084579,40.543594],[-6.085653,40.543352],[-6.08664,40.543375],[-6.087413,40.543862],[-6.08868,40.543126],[-6.089655,40.542948],[-6.090239,40.542711],[-6.091649,40.541668],[-6.092457,40.541547],[-6.093143,40.540991],[-6.09347,40.539526],[-6.094173,40.538324],[-6.09415,40.537794],[-6.093279,40.536031],[-6.093383,40.534831],[-6.09372,40.534446],[-6.093626,40.533947],[-6.093261,40.533615],[-6.093118,40.532401],[-6.093421,40.531569],[-6.094032,40.531138],[-6.094288,40.530363],[-6.09493,40.529297],[-6.095317,40.527914],[-6.095982,40.527363],[-6.096817,40.527657],[-6.098688,40.527773],[-6.099208,40.528056],[-6.100231,40.528001],[-6.101027,40.527456],[-6.101916,40.527304],[-6.102687,40.526983],[-6.104148,40.52658],[-6.104523,40.526249],[-6.105909,40.525875],[-6.106232,40.525661],[-6.106722,40.524849],[-6.107092,40.52446],[-6.107578,40.523428],[-6.108819,40.522643],[-6.109129,40.522177],[-6.109156,40.521611],[-6.109466,40.521145],[-6.110731,40.520219],[-6.111434,40.520109],[-6.111689,40.519785],[-6.111677,40.518617],[-6.112369,40.518207],[-6.112595,40.517716],[-6.11316,40.517334],[-6.113528,40.516773],[-6.114586,40.516304],[-6.114992,40.516287],[-6.116392,40.517006],[-6.117189,40.5171],[-6.117653,40.51784],[-6.118264,40.518041],[-6.118476,40.518392],[-6.119268,40.518794],[-6.119554,40.519178],[-6.120322,40.519296],[-6.121074,40.520035],[-6.12127,40.520485],[-6.121813,40.521091],[-6.122356,40.521102],[-6.123713,40.521652],[-6.124324,40.52218],[-6.1256,40.522538],[-6.125949,40.522811],[-6.126177,40.523749],[-6.126621,40.524433],[-6.127079,40.525678],[-6.127428,40.525953],[-6.128372,40.525898],[-6.128968,40.525531],[-6.129783,40.525544],[-6.130417,40.526058],[-6.131362,40.52622],[-6.132257,40.526555],[-6.133576,40.526492],[-6.134121,40.526312],[-6.134927,40.526328],[-6.136024,40.526841],[-6.136945,40.527054],[-6.137818,40.526866],[-6.139681,40.526792],[-6.141117,40.526464],[-6.141608,40.52616],[-6.143172,40.525967],[-6.144328,40.525478],[-6.144797,40.525171],[-6.146563,40.525479],[-6.148045,40.525463],[-6.148808,40.525333],[-6.149823,40.524491],[-6.149762,40.523899],[-6.150017,40.523444],[-6.150587,40.522975],[-6.151173,40.522738],[-6.152959,40.522349],[-6.15328,40.522133],[-6.153766,40.521319],[-6.154671,40.520513],[-6.15488,40.519719],[-6.155426,40.51902],[-6.156093,40.518407],[-6.156927,40.517478],[-6.157109,40.516955],[-6.158167,40.515823],[-6.159084,40.515489],[-6.16029,40.515389],[-6.16113,40.514812],[-6.163334,40.514034],[-6.165032,40.513888],[-6.165895,40.513632],[-6.166383,40.513326],[-6.167049,40.513146],[-6.167603,40.512794],[-6.168361,40.512533],[-6.168854,40.512604],[-6.169527,40.513037],[-6.171461,40.512806],[-6.172809,40.512022],[-6.173783,40.511844],[-6.174368,40.511607],[-6.175218,40.510907],[-6.175761,40.509988],[-6.176367,40.508549],[-6.176319,40.507206],[-6.176445,40.50661],[-6.176328,40.506214],[-6.177011,40.505227],[-6.177376,40.503902],[-6.178068,40.503282],[-6.178683,40.503291],[-6.179474,40.503577],[-6.179889,40.50357],[-6.181619,40.503065],[-6.182106,40.502759],[-6.183845,40.502254],[-6.185813,40.501874],[-6.185935,40.501694],[-6.185274,40.501174],[-6.184727,40.500211],[-6.184328,40.499837],[-6.183674,40.498737],[-6.18326,40.497861],[-6.183267,40.497154],[-6.183552,40.496834],[-6.186276,40.494637],[-6.186559,40.494317],[-6.186599,40.493741],[-6.186368,40.489263],[-6.18646,40.488465],[-6.187131,40.488073],[-6.187959,40.487357],[-6.188366,40.486849],[-6.18974,40.486286],[-6.190776,40.485968],[-6.192055,40.485413],[-6.192716,40.484651],[-6.193702,40.484048],[-6.195025,40.483031],[-6.195416,40.482874],[-6.196452,40.482087],[-6.197396,40.481587],[-6.197751,40.481551],[-6.198897,40.4818],[-6.199404,40.482088],[-6.200777,40.482545],[-6.20199,40.482549],[-6.205189,40.483029],[-6.205939,40.482895],[-6.207576,40.48324],[-6.208985,40.482952],[-6.210722,40.482223],[-6.211422,40.481703],[-6.211797,40.481643],[-6.212981,40.482387],[-6.213987,40.482731],[-6.215388,40.48345],[-6.215989,40.483657],[-6.21728,40.483765],[-6.218694,40.484152],[-6.219831,40.484874],[-6.22049,40.484907],[-6.221054,40.48457],[-6.222334,40.484425],[-6.223241,40.484227],[-6.224707,40.484404],[-6.225879,40.484647],[-6.226975,40.485149],[-6.22858,40.4857],[-6.229378,40.486213],[-6.230371,40.486472],[-6.232561,40.486449],[-6.233123,40.486595],[-6.234022,40.486604],[-6.239215,40.486456],[-6.239818,40.48636],[-6.240223,40.486106],[-6.241484,40.485898],[-6.242409,40.485164],[-6.242586,40.484638],[-6.243837,40.483571],[-6.244529,40.482758],[-6.245532,40.481866],[-6.245556,40.480869],[-6.245881,40.479809],[-6.246597,40.478763],[-6.246626,40.478199],[-6.246938,40.477301],[-6.24747,40.476592],[-6.248632,40.475679],[-6.249495,40.475206],[-6.251049,40.474571],[-6.251891,40.473865],[-6.252074,40.473343],[-6.252431,40.472945],[-6.252523,40.472176],[-6.252835,40.471712],[-6.253817,40.470888],[-6.254216,40.469949],[-6.254612,40.469626],[-6.256304,40.469545],[-6.257292,40.46972],[-6.258193,40.469728],[-6.259638,40.469991],[-6.260554,40.47071],[-6.261132,40.470592],[-6.263134,40.470906],[-6.264934,40.470828],[-6.265849,40.469998],[-6.266456,40.469647],[-6.267593,40.468716],[-6.268411,40.467776],[-6.268682,40.467317],[-6.268751,40.466324],[-6.269332,40.464739],[-6.270164,40.463158],[-6.270816,40.462752],[-6.271618,40.461149],[-6.271769,40.460388],[-6.272405,40.459672],[-6.273595,40.459294],[-6.274849,40.45855],[-6.275833,40.458621],[-6.278199,40.458565],[-6.279157,40.458462],[-6.280197,40.458071],[-6.281895,40.457972],[-6.282544,40.45778],[-6.284623,40.457712],[-6.285502,40.457882],[-6.287076,40.458002],[-6.287675,40.457778],[-6.288521,40.45707],[-6.290074,40.455349],[-6.292366,40.4535],[-6.293226,40.453025],[-6.294383,40.452542],[-6.29582,40.45222],[-6.296453,40.452196],[-6.297305,40.45237],[-6.298308,40.452291],[-6.299073,40.451958],[-6.300194,40.451652],[-6.302203,40.451995],[-6.30331,40.451974],[-6.304391,40.451737],[-6.306729,40.451657],[-6.307483,40.451453],[-6.30918,40.451354],[-6.310628,40.451034],[-6.311784,40.450552],[-6.312811,40.449758],[-6.31339,40.449513],[-6.314399,40.449433],[-6.31557,40.449684],[-6.316363,40.449968],[-6.317658,40.450024],[-6.319608,40.45038],[-6.3219,40.450334],[-6.3223,40.450276],[-6.323497,40.449086],[-6.323929,40.448524],[-6.324804,40.447838],[-6.32559,40.447417],[-6.326677,40.447487],[-6.328741,40.447451],[-6.331082,40.447805],[-6.333735,40.447738],[-6.335222,40.447454],[-6.336372,40.44714],[-6.337816,40.446644],[-6.338746,40.446045],[-6.339127,40.445403],[-6.340256,40.444468],[-6.341807,40.44383],[-6.342556,40.443276],[-6.343135,40.443035],[-6.344604,40.442638],[-6.344757,40.442405],[-6.344809,40.440967],[-6.34517,40.440572],[-6.34548,40.439533],[-6.345477,40.438229],[-6.345947,40.437277],[-6.346015,40.436772],[-6.347006,40.435798],[-6.347712,40.434866],[-6.34929,40.433858],[-6.349809,40.433363],[-6.350994,40.432982],[-6.352446,40.432058],[-6.353991,40.430766],[-6.354881,40.430312],[-6.355489,40.430173],[-6.356096,40.429726],[-6.356309,40.429371],[-6.357535,40.428287],[-6.35771,40.427977],[-6.358841,40.427043],[-6.359865,40.426611],[-6.360528,40.425851],[-6.361499,40.425021],[-6.362226,40.424017],[-6.362869,40.423301],[-6.364869,40.422202],[-6.364964,40.421938],[-6.364938,40.420845],[-6.365406,40.419531],[-6.365249,40.418952],[-6.365633,40.417706],[-6.365497,40.416963],[-6.363705,40.416094],[-6.361745,40.415422],[-6.361687,40.414484],[-6.362004,40.413667],[-6.362374,40.413061],[-6.362686,40.41194],[-6.36261,40.409665],[-6.362816,40.409079],[-6.362816,40.407778],[-6.363554,40.407389],[-6.365299,40.406673],[-6.366068,40.40622],[-6.367571,40.405029],[-6.367745,40.404719],[-6.368895,40.403884],[-6.369418,40.403301],[-6.370571,40.402382],[-6.37212,40.401744],[-6.373443,40.400946],[-6.374023,40.400706],[-6.375296,40.400523],[-6.376064,40.400198],[-6.377227,40.39993],[-6.377921,40.399911],[-6.379613,40.400627],[-6.380909,40.400681],[-6.382945,40.400992],[-6.383631,40.400842],[-6.385323,40.400685],[-6.387529,40.400034],[-6.388226,40.399921],[-6.389562,40.399348],[-6.390621,40.399244],[-6.39271,40.399176],[-6.393467,40.399022],[-6.394576,40.399511],[-6.395568,40.399772],[-6.398246,40.399715],[-6.399414,40.399968],[-6.399931,40.400244],[-6.400917,40.400367],[-6.401824,40.400789],[-6.402336,40.401536],[-6.402941,40.401973],[-6.403937,40.402229],[-6.407202,40.402116],[-6.407921,40.401922],[-6.409164,40.40203],[-6.410566,40.401207],[-6.411143,40.400964],[-6.412838,40.400815],[-6.414348,40.400197],[-6.415795,40.399876],[-6.416692,40.399815],[-6.417655,40.399591],[-6.418606,40.399724],[-6.419926,40.399465],[-6.420725,40.398639],[-6.421598,40.397957],[-6.42199,40.397801],[-6.422843,40.397103],[-6.423641,40.3955],[-6.42371,40.394509],[-6.424282,40.392919],[-6.424551,40.392459],[-6.425119,40.391994],[-6.426093,40.391599],[-6.427123,40.390811],[-6.427993,40.390343],[-6.428969,40.390166],[-6.429525,40.389909],[-6.429821,40.389468],[-6.430193,40.388084],[-6.431148,40.387291],[-6.432335,40.386912],[-6.433364,40.386123],[-6.434223,40.385647],[-6.435406,40.385264],[-6.436236,40.384687],[-6.43742,40.384305],[-6.438789,40.383242],[-6.43949,40.382871],[-6.440891,40.381478],[-6.441439,40.380778],[-6.44172,40.379289],[-6.441668,40.377988],[-6.441316,40.37686],[-6.440958,40.376417],[-6.438956,40.375025],[-6.438062,40.374135],[-6.438201,40.372751],[-6.438666,40.371202],[-6.43891,40.370073],[-6.438793,40.369074],[-6.438136,40.367973],[-6.437523,40.367308],[-6.436909,40.366879],[-6.435857,40.366343],[-6.435473,40.365741],[-6.43537,40.364204],[-6.434762,40.362987],[-6.434794,40.362216],[-6.435234,40.361389],[-6.435175,40.360541],[-6.434769,40.359512],[-6.434135,40.35863],[-6.433085,40.357618],[-6.432736,40.357083],[-6.432957,40.356088],[-6.433643,40.355025],[-6.43403,40.354957],[-6.436905,40.354858],[-6.43805,40.354545],[-6.439201,40.354059],[-6.4412,40.352873],[-6.442073,40.352191],[-6.442758,40.351375],[-6.443887,40.35044],[-6.44591,40.349269],[-6.446758,40.34896],[-6.447822,40.349021],[-6.448867,40.349492],[-6.450363,40.349567],[-6.450785,40.34978],[-6.453973,40.352063],[-6.455795,40.352666],[-6.456741,40.352714],[-6.457984,40.352653],[-6.45902,40.352263],[-6.46034,40.352041],[-6.461429,40.351367],[-6.462468,40.350585],[-6.463136,40.350408],[-6.464473,40.349617],[-6.465651,40.349152],[-6.466249,40.349209],[-6.467169,40.348495],[-6.467597,40.34793],[-6.468751,40.347013],[-6.470548,40.346116],[-6.471116,40.345563],[-6.472033,40.345504],[-6.47352,40.345693],[-6.475157,40.346052],[-6.476166,40.346118],[-6.477353,40.346453],[-6.478739,40.346412],[-6.480435,40.34571],[-6.48144,40.345588],[-6.482878,40.344872],[-6.483443,40.344405],[-6.48386,40.343481],[-6.484522,40.342915],[-6.485132,40.342567],[-6.486551,40.341404],[-6.486861,40.34094],[-6.486886,40.340374],[-6.487207,40.339485],[-6.487567,40.33909],[-6.487682,40.338462],[-6.488013,40.337672],[-6.489506,40.336995],[-6.490003,40.336264],[-6.490415,40.33605],[-6.491743,40.334462],[-6.491912,40.333931],[-6.492272,40.333449],[-6.493144,40.332853],[-6.493946,40.33147],[-6.494081,40.330998],[-6.494459,40.330663],[-6.495144,40.330418],[-6.496252,40.330201],[-6.496669,40.329328],[-6.497569,40.329402],[-6.500332,40.329306],[-6.501048,40.329113],[-6.502002,40.329218],[-6.503096,40.328411],[-6.504051,40.328096],[-6.50586,40.32802],[-6.50676,40.327679],[-6.507386,40.326967],[-6.508302,40.326459],[-6.510349,40.326108],[-6.511211,40.326276],[-6.512532,40.326242],[-6.513597,40.325953],[-6.514548,40.325163],[-6.5151,40.323636],[-6.515038,40.322789],[-6.514695,40.32174],[-6.514131,40.320575],[-6.514258,40.320403],[-6.515565,40.320135],[-6.516531,40.320231],[-6.516921,40.319997],[-6.518462,40.318699],[-6.519069,40.318349],[-6.520001,40.317404],[-6.520275,40.316943],[-6.520302,40.316169],[-6.51956,40.314626],[-6.519196,40.314147],[-6.518198,40.313645],[-6.516654,40.312567],[-6.516396,40.312271],[-6.517216,40.311325],[-6.518038,40.310604],[-6.518737,40.310232],[-6.520052,40.309212],[-6.521279,40.308558],[-6.52135,40.308046],[-6.521056,40.307396],[-6.520991,40.306019],[-6.521215,40.305197],[-6.521044,40.302411],[-6.520768,40.301851],[-6.520766,40.301145],[-6.52173,40.300352],[-6.522928,40.300246],[-6.523578,40.300056],[-6.525867,40.299942],[-6.526722,40.299637],[-6.527855,40.298922],[-6.529166,40.297901],[-6.530347,40.297306],[-6.530725,40.296972],[-6.531127,40.296039],[-6.531707,40.295669],[-6.532231,40.295087],[-6.533381,40.294168],[-6.53424,40.293693],[-6.535205,40.293292],[-6.535673,40.292974],[-6.537562,40.292198],[-6.538661,40.291838],[-6.539517,40.291361],[-6.540622,40.290545],[-6.541683,40.290261],[-6.542684,40.290135],[-6.543724,40.289745],[-6.545418,40.289642],[-6.545964,40.289464],[-6.547657,40.2894],[-6.548324,40.289556],[-6.549213,40.289554],[-6.550032,40.289405],[-6.551772,40.28955],[-6.554361,40.290457],[-6.555926,40.290624],[-6.556523,40.290397],[-6.557632,40.289361],[-6.559083,40.288953],[-6.560413,40.288161],[-6.561596,40.287779],[-6.5622,40.287331],[-6.562665,40.286721],[-6.563825,40.285809],[-6.564419,40.285661],[-6.565249,40.285084],[-6.5664,40.284598],[-6.567884,40.28421],[-6.568536,40.283661],[-6.568421,40.283165],[-6.568584,40.282408],[-6.569026,40.281319],[-6.569087,40.280811],[-6.569396,40.280222],[-6.569962,40.279757],[-6.570823,40.279283],[-6.571977,40.278799],[-6.572652,40.278627],[-6.57398,40.277834],[-6.576278,40.277033],[-6.577768,40.276955],[-6.578479,40.276824],[-6.579072,40.2769],[-6.580783,40.276581],[-6.581936,40.276096],[-6.583085,40.275177],[-6.583514,40.274614],[-6.584455,40.273764],[-6.585178,40.27276],[-6.586121,40.271911],[-6.586657,40.271208],[-6.586798,40.270739],[-6.587189,40.270416],[-6.588049,40.270339],[-6.591425,40.270242],[-6.591831,40.270275],[-6.593106,40.271044],[-6.595208,40.271044],[-6.597192,40.271552],[-6.59725,40.271273],[-6.596807,40.270841],[-6.596794,40.270364],[-6.597232,40.269884],[-6.598642,40.270159],[-6.6,40.269596],[-6.602672,40.269258],[-6.603447,40.26857],[-6.604619,40.267881],[-6.606167,40.267547],[-6.60726,40.267453],[-6.60759,40.267238],[-6.608055,40.266197],[-6.609005,40.265786],[-6.610068,40.265107],[-6.610617,40.26411],[-6.611032,40.264099],[-6.611784,40.264577],[-6.612981,40.264909],[-6.613335,40.265407],[-6.614302,40.265777],[-6.6152,40.266299],[-6.616099,40.2664],[-6.616885,40.26667],[-6.618183,40.266475],[-6.619316,40.266535],[-6.620198,40.267454],[-6.621129,40.267523],[-6.621733,40.267419],[-6.62221,40.267116],[-6.622983,40.267199],[-6.623774,40.267131],[-6.624263,40.26682],[-6.625588,40.266573],[-6.626052,40.266274],[-6.626932,40.265989],[-6.628628,40.265916],[-6.629475,40.265699],[-6.630755,40.265564],[-6.631515,40.265235],[-6.633752,40.264636],[-6.63474,40.264648],[-6.63545,40.265331],[-6.635606,40.266104],[-6.635961,40.266549],[-6.637189,40.267407],[-6.637923,40.267735],[-6.639003,40.268481],[-6.639725,40.268728],[-6.642004,40.268614],[-6.643196,40.267765],[-6.644878,40.267678],[-6.646275,40.267824],[-6.647313,40.267516],[-6.647785,40.267199],[-6.649307,40.266635],[-6.651486,40.266558],[-6.652019,40.266437],[-6.652663,40.265954],[-6.653575,40.265661],[-6.654861,40.265529],[-6.656966,40.26506],[-6.658267,40.265037],[-6.659156,40.265571],[-6.659752,40.26578],[-6.660718,40.265822],[-6.663192,40.26574],[-6.663601,40.265683],[-6.664236,40.265179],[-6.664375,40.264709],[-6.664748,40.264373],[-6.66697,40.263439],[-6.668276,40.263566],[-6.670204,40.263918],[-6.670556,40.263881],[-6.672351,40.262902],[-6.672903,40.262427],[-6.673046,40.26196],[-6.673724,40.261276],[-6.674191,40.260524],[-6.675677,40.259842],[-6.67588,40.259337],[-6.676663,40.258448],[-6.677259,40.257931],[-6.678285,40.257501],[-6.678849,40.256632],[-6.678733,40.255861],[-6.677976,40.254838],[-6.677731,40.253868],[-6.677304,40.253282],[-6.676916,40.251921],[-6.677065,40.25158],[-6.677166,40.2503],[-6.67799,40.2498],[-6.679315,40.249269],[-6.680518,40.249192],[-6.681577,40.248957],[-6.682472,40.248896],[-6.683613,40.248576],[-6.684687,40.248113],[-6.685222,40.247593],[-6.687033,40.247814],[-6.687985,40.247046],[-6.68848,40.246398],[-6.688325,40.245799],[-6.688571,40.245449],[-6.689257,40.245063],[-6.690074,40.244156],[-6.689894,40.243338],[-6.689879,40.242658],[-6.690075,40.242154],[-6.690117,40.240939],[-6.690323,40.240889],[-6.691201,40.241561],[-6.691397,40.242865],[-6.692627,40.243819],[-6.693398,40.244044],[-6.694515,40.243718],[-6.694967,40.243431],[-6.695424,40.243587],[-6.696017,40.244044],[-6.696408,40.244823],[-6.695957,40.245729],[-6.696305,40.24638],[-6.697019,40.246825],[-6.697928,40.246914],[-6.69851,40.247135],[-6.698851,40.247556],[-6.69925,40.248434],[-6.699425,40.249192],[-6.699823,40.249566],[-6.700092,40.250751],[-6.701084,40.251726],[-6.701225,40.252045],[-6.701325,40.253215],[-6.702309,40.254308],[-6.703611,40.255025],[-6.703949,40.256075],[-6.705411,40.257364],[-6.705898,40.257585],[-6.706743,40.257664],[-6.707311,40.257896],[-6.707529,40.258341],[-6.708256,40.258848],[-6.709363,40.258867],[-6.709859,40.2592],[-6.709883,40.260214],[-6.709598,40.260974],[-6.708682,40.261825],[-6.709032,40.262324],[-6.709811,40.263944],[-6.709927,40.265539],[-6.710324,40.266196],[-6.71094,40.266623],[-6.711949,40.266957],[-6.713363,40.267659],[-6.714633,40.268011],[-6.715175,40.268734],[-6.716089,40.269384],[-6.717004,40.269803],[-6.718007,40.269831],[-6.719068,40.269536],[-6.720165,40.268713],[-6.720915,40.268425],[-6.722599,40.268266],[-6.724508,40.267234],[-6.725814,40.266785],[-6.726577,40.265882],[-6.726705,40.265195],[-6.727101,40.264868],[-6.728044,40.264682],[-6.728602,40.263818],[-6.728677,40.26304],[-6.729513,40.261684],[-6.730155,40.261488],[-6.731216,40.26081],[-6.731726,40.259866],[-6.732879,40.259302],[-6.734423,40.258661],[-6.735152,40.257877],[-6.736069,40.257145],[-6.737037,40.256871],[-6.738629,40.256777],[-6.739339,40.256645],[-6.739931,40.25672],[-6.740543,40.256542],[-6.742148,40.256407],[-6.742542,40.256168],[-6.744105,40.254892],[-6.744774,40.254714],[-6.745906,40.253783],[-6.746385,40.252969],[-6.748897,40.251353],[-6.750435,40.250708],[-6.750903,40.250389],[-6.752129,40.249956],[-6.752854,40.248954],[-6.755508,40.246719],[-6.756089,40.245674],[-6.756348,40.244679],[-6.75633,40.244197],[-6.756039,40.243556],[-6.755845,40.240699],[-6.755738,40.239798],[-6.75528,40.238854],[-6.7557,40.238562],[-6.756716,40.23927],[-6.75755,40.239518],[-6.760218,40.239456],[-6.761,40.239697],[-6.766683,40.243655],[-6.767286,40.243858],[-6.768278,40.24397],[-6.77045,40.244701],[-6.77215,40.24465],[-6.772866,40.244449],[-6.77484,40.244687],[-6.777704,40.246687],[-6.77844,40.247014],[-6.779615,40.247837],[-6.779942,40.248666],[-6.780738,40.249236],[-6.781242,40.248987],[-6.781715,40.248099],[-6.781493,40.247202],[-6.782093,40.245991],[-6.783334,40.245046],[-6.783497,40.244648],[-6.78417,40.244897],[-6.78478,40.244866],[-6.785828,40.244301],[-6.7871,40.244158],[-6.787744,40.243968],[-6.788943,40.243888],[-6.789893,40.243662],[-6.790785,40.243598],[-6.792897,40.2431],[-6.798123,40.242923],[-6.79907,40.242818],[-6.800119,40.242471],[-6.800918,40.242409],[-6.801736,40.242549],[-6.803721,40.241983],[-6.804475,40.241655],[-6.805479,40.241839],[-6.806316,40.24256],[-6.807487,40.242982],[-6.808149,40.242871],[-6.808525,40.243018],[-6.808673,40.243551],[-6.809845,40.244445],[-6.810986,40.244076],[-6.812262,40.24404],[-6.812817,40.244135],[-6.813479,40.244016],[-6.814336,40.244338],[-6.8153,40.24431],[-6.815777,40.24399],[-6.816917,40.243498],[-6.817744,40.243717],[-6.818716,40.243648],[-6.819228,40.243891],[-6.819719,40.243884],[-6.820244,40.244567],[-6.822128,40.245351],[-6.823081,40.245973],[-6.823388,40.246304],[-6.823207,40.247211],[-6.823269,40.248264],[-6.823598,40.248757],[-6.824422,40.249017],[-6.82554,40.248696],[-6.826869,40.2479],[-6.828237,40.24777],[-6.829189,40.247544],[-6.83008,40.247479],[-6.830834,40.247271],[-6.831936,40.247222],[-6.832694,40.247383],[-6.834291,40.247563],[-6.835151,40.24741],[-6.835769,40.247595],[-6.836573,40.248106],[-6.838114,40.248613],[-6.838467,40.248879],[-6.838339,40.249307],[-6.838478,40.249881],[-6.839163,40.250413],[-6.839568,40.251061],[-6.839659,40.252276],[-6.839582,40.252731],[-6.839207,40.253118],[-6.838869,40.253788],[-6.83895,40.254493],[-6.839265,40.254797],[-6.840299,40.255442],[-6.841434,40.255617],[-6.842068,40.255443],[-6.843767,40.255363],[-6.844191,40.255251],[-6.844893,40.254734],[-6.846359,40.254205],[-6.846812,40.254445],[-6.847121,40.254857],[-6.847332,40.255668],[-6.848176,40.256454],[-6.849245,40.257287],[-6.849452,40.257584],[-6.850988,40.258654],[-6.851671,40.25879],[-6.852956,40.259311],[-6.854374,40.259322],[-6.854958,40.259645],[-6.855905,40.259571],[-6.856496,40.260028],[-6.856593,40.261189],[-6.856221,40.261726],[-6.856585,40.263679],[-6.857152,40.264327],[-6.860693,40.266785],[-6.861079,40.267357],[-6.861218,40.268989],[-6.861464,40.26944],[-6.861551,40.27045],[-6.861345,40.271434],[-6.862576,40.271345],[-6.862893,40.271047],[-6.863724,40.27085],[-6.864101,40.270516],[-6.864679,40.270355],[-6.865343,40.269961],[-6.866683,40.266425],[-6.867203,40.265728],[-6.868711,40.264355],[-6.870816,40.262819],[-6.874403,40.260269],[-6.875441,40.259662],[-6.882019,40.258834],[-6.884322,40.258327],[-6.885561,40.258786],[-6.889216,40.259878],[-6.889945,40.26039],[-6.891587,40.259727],[-6.893536,40.259554],[-6.894609,40.258732],[-6.898228,40.257573],[-6.900804,40.25695],[-6.902015,40.256909],[-6.904359,40.257116],[-6.906323,40.254762],[-6.907253,40.253909],[-6.908373,40.253907],[-6.910154,40.254061],[-6.910778,40.254361],[-6.911373,40.254163],[-6.914941,40.255364],[-6.916707,40.256055],[-6.917355,40.255961],[-6.919328,40.255394],[-6.920013,40.255943],[-6.921066,40.256407],[-6.923166,40.25723],[-6.926068,40.258203],[-6.926902,40.258104],[-6.929461,40.257981],[-6.931635,40.257657],[-6.932916,40.25722],[-6.933699,40.25705],[-6.934323,40.257351],[-6.935534,40.258132],[-6.938033,40.258583],[-6.938338,40.258215],[-6.939283,40.257611],[-6.940928,40.257018],[-6.942322,40.256935],[-6.943283,40.256616],[-6.944718,40.256424],[-6.94971,40.257219],[-6.951455,40.257552],[-6.951792,40.256933],[-6.952445,40.256125],[-6.953613,40.253762],[-6.954821,40.252076],[-6.95475,40.250863],[-6.954341,40.250234],[-6.954373,40.249196],[-6.955161,40.248312],[-6.957406,40.246805],[-6.959091,40.245318],[-6.959574,40.244801],[-6.960566,40.243409],[-6.961277,40.242813],[-6.96179,40.242009],[-6.962139,40.239995],[-6.962059,40.239426],[-6.962444,40.238841],[-6.963803,40.238151],[-6.964432,40.237736],[-6.965391,40.237382],[-6.966246,40.236852],[-6.967447,40.236668],[-6.971497,40.236529],[-6.973102,40.236867],[-6.973554,40.23821],[-6.974268,40.239257],[-6.974805,40.239668],[-6.975275,40.239723],[-6.976013,40.240377],[-6.976495,40.240646],[-6.978412,40.240723],[-6.979249,40.240694],[-6.982339,40.239301],[-6.983412,40.238513],[-6.984692,40.238076],[-6.985733,40.23754],[-6.986965,40.237069],[-6.989754,40.236115],[-6.991287,40.236026],[-6.992269,40.236063],[-6.993147,40.235926],[-6.993924,40.235649],[-6.995453,40.235489],[-6.998104,40.235361],[-6.998559,40.235167],[-6.999983,40.23401],[-7.00099,40.232903],[-7.001612,40.232381],[-7.002746,40.231841],[-7.003504,40.231243],[-7.004117,40.230578],[-7.005239,40.229825],[-7.006085,40.229152],[-7.007703,40.228131],[-7.009417,40.227142],[-7.010794,40.226773],[-7.012423,40.22593],[-7.01263,40.225494],[-7.012442,40.224678],[-7.011006,40.223263],[-7.010994,40.222263],[-7.012242,40.220504],[-7.013338,40.220108],[-7.013443,40.219533],[-7.01261,40.218847],[-7.013091,40.217508],[-7.013503,40.2166],[-7.015766,40.215449],[-7.015836,40.215053],[-7.015443,40.21471],[-7.015155,40.21379],[-7.015488,40.212314],[-7.016061,40.210971],[-7.016406,40.209708],[-7.016909,40.208762],[-7.018212,40.207144],[-7.018739,40.205803],[-7.019041,40.204613],[-7.018798,40.203656],[-7.018896,40.202152],[-7.019063,40.201038],[-7.019465,40.199952],[-7.019634,40.198874],[-7.019461,40.198308],[-7.019053,40.197715],[-7.019108,40.197069],[-7.020121,40.196069],[-7.023229,40.195032],[-7.024269,40.194495],[-7.025592,40.193234],[-7.027076,40.191538],[-7.027842,40.191083],[-7.028298,40.190138],[-7.028277,40.188208],[-7.028417,40.187417],[-7.029004,40.187111],[-7.029611,40.186339],[-7.029389,40.185739],[-7.029351,40.185097],[-7.029565,40.183982],[-7.028892,40.183648],[-7.028833,40.183435],[-7.027996,40.182678],[-7.026736,40.182651],[-7.025415,40.181589],[-7.025291,40.181057],[-7.024646,40.181187],[-7.023342,40.181196],[-7.021549,40.18083],[-7.020716,40.180098],[-7.020493,40.179244],[-7.019429,40.179171],[-7.019056,40.178522],[-7.018104,40.177809],[-7.017364,40.177762],[-7.016445,40.176469],[-7.01682,40.176117],[-7.018086,40.175686],[-7.018089,40.174875],[-7.01785,40.173757],[-7.017591,40.173098],[-7.01761,40.17272],[-7.017319,40.17149],[-7.01774,40.170852],[-7.017788,40.170034],[-7.018698,40.169741],[-7.019291,40.169276],[-7.020379,40.168221],[-7.021379,40.168467],[-7.021853,40.168121],[-7.021992,40.16734],[-7.02115,40.166663],[-7.020184,40.166457],[-7.019953,40.166042],[-7.019287,40.165342],[-7.019584,40.165128],[-7.020181,40.164139],[-7.020011,40.163869],[-7.018401,40.163035],[-7.017923,40.162535],[-7.018378,40.161893],[-7.018315,40.161488],[-7.0176,40.161377],[-7.017072,40.160946],[-7.016577,40.160748],[-7.015985,40.160288],[-7.015157,40.159424],[-7.014875,40.158691],[-7.014345,40.15805],[-7.014906,40.156091],[-7.015933,40.154218],[-7.016051,40.153794],[-7.015564,40.152681],[-7.015391,40.15185],[-7.014386,40.15084],[-7.014163,40.150424],[-7.0144,40.149056],[-7.015359,40.148573],[-7.016642,40.14847],[-7.017884,40.148062],[-7.01786,40.147412],[-7.018081,40.146765],[-7.018595,40.145974],[-7.019117,40.145423],[-7.019862,40.145178],[-7.020956,40.144381],[-7.020981,40.143789],[-7.020073,40.143691],[-7.01985,40.143251],[-7.019016,40.142644],[-7.018535,40.142569],[-7.01768,40.142709],[-7.017017,40.142545],[-7.016231,40.141527],[-7.01629,40.140222],[-7.015519,40.139415],[-7.015675,40.138177],[-7.015295,40.13773],[-7.013979,40.137758],[-7.014,40.13733],[-7.014593,40.137219],[-7.015122,40.136516],[-7.015213,40.135676],[-7.01263,40.134374],[-7.012859,40.13375],[-7.013477,40.133714],[-7.014481,40.132555],[-7.014701,40.131964],[-7.014289,40.131627],[-7.013737,40.131717],[-7.012458,40.132141],[-7.011771,40.13214],[-7.01133,40.131867],[-7.010254,40.130641],[-7.009091,40.130214],[-7.009038,40.129491],[-7.009629,40.129117],[-7.010753,40.128189],[-7.011033,40.12749],[-7.011677,40.12709],[-7.012964,40.126754],[-7.01315,40.126471],[-7.012497,40.125912],[-7.011835,40.126068],[-7.011237,40.126033],[-7.010602,40.125756],[-7.00942,40.125578],[-7.008373,40.125193],[-7.007033,40.12506],[-7.006725,40.124449],[-7.007433,40.123414],[-7.007179,40.122802],[-7.00642,40.122978],[-7.005023,40.122758],[-7.004649,40.122868],[-7.004591,40.123761],[-7.003858,40.124073],[-7.003449,40.123813],[-7.003152,40.122669],[-7.003062,40.121646],[-7.002707,40.121266],[-7.001066,40.121317],[-6.999729,40.121769],[-6.999197,40.121082],[-6.999202,40.120225],[-7.000024,40.119206],[-6.998851,40.118928],[-6.998013,40.118915],[-6.996933,40.119177],[-6.995139,40.118902],[-6.994401,40.119586],[-6.993635,40.119524],[-6.992956,40.119155],[-6.992499,40.118358],[-6.992531,40.117485],[-6.993356,40.116637],[-6.993822,40.11435],[-6.993791,40.11319],[-6.993564,40.112612],[-6.992683,40.112301],[-6.99183,40.112566],[-6.990542,40.113215],[-6.990186,40.114008],[-6.990115,40.114984],[-6.990494,40.116415],[-6.990476,40.116723],[-6.989718,40.117781],[-6.989122,40.118157],[-6.98793,40.11871],[-6.986776,40.119098],[-6.986235,40.119125],[-6.98509,40.118695],[-6.984252,40.118083],[-6.983551,40.117416],[-6.982777,40.117003],[-6.98202,40.116903],[-6.981563,40.117029],[-6.980444,40.118374],[-6.979951,40.118814],[-6.979188,40.119097],[-6.978596,40.119],[-6.978089,40.118633],[-6.977304,40.117607],[-6.976786,40.116754],[-6.975475,40.116234],[-6.972522,40.115845],[-6.971822,40.115558],[-6.9691,40.114971],[-6.967475,40.11512],[-6.966364,40.115579],[-6.965474,40.116592],[-6.96457,40.116892],[-6.963385,40.117081],[-6.962265,40.117107],[-6.961719,40.116884],[-6.961173,40.11646],[-6.960839,40.115821],[-6.960748,40.115105],[-6.961019,40.114114],[-6.962021,40.113273],[-6.962222,40.112832],[-6.96155,40.111481],[-6.960596,40.111078],[-6.959812,40.111121],[-6.958126,40.111549],[-6.95776,40.111841],[-6.957098,40.113198],[-6.955802,40.114205],[-6.954682,40.115297],[-6.954135,40.115665],[-6.953716,40.115708],[-6.952267,40.114112],[-6.951843,40.113261],[-6.952033,40.112664],[-6.951584,40.111803],[-6.95027,40.111656],[-6.948838,40.111028],[-6.948428,40.110179],[-6.947752,40.110025],[-6.947204,40.110515],[-6.946646,40.111297],[-6.945941,40.111785],[-6.944904,40.112091],[-6.941821,40.112662],[-6.940869,40.112529],[-6.940622,40.11205],[-6.941214,40.110849],[-6.941554,40.109573],[-6.941462,40.108321],[-6.941075,40.107489],[-6.940943,40.106698],[-6.941316,40.106363],[-6.943194,40.106018],[-6.943521,40.105712],[-6.943403,40.105141],[-6.942977,40.104015],[-6.942719,40.103642],[-6.941907,40.103428],[-6.94041,40.103959],[-6.939379,40.104008],[-6.938633,40.103897],[-6.938129,40.103129],[-6.937248,40.102905],[-6.935155,40.103457],[-6.933681,40.103676],[-6.933208,40.103114],[-6.932561,40.100724],[-6.932142,40.09961],[-6.931945,40.097076],[-6.931763,40.096378],[-6.931052,40.095308],[-6.930475,40.095094],[-6.928299,40.093864],[-6.925745,40.092072],[-6.924779,40.090892],[-6.924219,40.089621],[-6.923893,40.08913],[-6.923297,40.088685],[-6.922569,40.088417],[-6.921213,40.087744],[-6.920814,40.087262],[-6.920666,40.086307],[-6.920815,40.085207],[-6.920755,40.084808],[-6.919695,40.083958],[-6.918878,40.083122],[-6.918634,40.08239],[-6.918869,40.079974],[-6.918806,40.079048],[-6.918988,40.07822],[-6.91888,40.07643],[-6.918382,40.076041],[-6.917721,40.075236],[-6.917522,40.073981],[-6.917489,40.071889],[-6.917336,40.070951],[-6.917924,40.068589],[-6.917957,40.067675],[-6.917646,40.066483],[-6.916798,40.065597],[-6.915152,40.065412],[-6.914515,40.065525],[-6.91388,40.066071],[-6.913388,40.066688],[-6.912263,40.067195],[-6.911625,40.067381],[-6.910264,40.067405],[-6.909313,40.067285],[-6.908487,40.066983],[-6.907865,40.066416],[-6.907761,40.065862],[-6.907867,40.063861],[-6.907418,40.063127],[-6.90603,40.062471],[-6.904029,40.061759],[-6.903302,40.06134],[-6.901513,40.061114],[-6.89963,40.061228],[-6.898174,40.061228],[-6.8974,40.061117],[-6.895834,40.061163],[-6.895059,40.061333],[-6.893988,40.061369],[-6.89321,40.061234],[-6.892278,40.060891],[-6.891817,40.060137],[-6.892202,40.05913],[-6.892622,40.058364],[-6.893184,40.056639],[-6.893672,40.056106],[-6.896041,40.054312],[-6.897101,40.053331],[-6.897264,40.052772],[-6.896991,40.052092],[-6.896087,40.0514],[-6.894864,40.050705],[-6.894269,40.050528],[-6.892808,40.050456],[-6.891292,40.049904],[-6.890401,40.049213],[-6.889199,40.04806],[-6.888087,40.047449],[-6.887052,40.047027],[-6.885714,40.046293],[-6.885228,40.045854],[-6.884782,40.044926],[-6.884682,40.044143],[-6.884413,40.043613],[-6.883986,40.043367],[-6.883162,40.043152],[-6.881926,40.04269],[-6.881227,40.042312],[-6.880836,40.041619],[-6.880839,40.041092],[-6.881469,40.03936],[-6.881946,40.037099],[-6.882376,40.035698],[-6.882481,40.033699],[-6.882185,40.033048],[-6.881081,40.031775],[-6.88027,40.03099],[-6.87932,40.029871],[-6.877789,40.028358],[-6.877142,40.027602],[-6.876758,40.026761],[-6.87696,40.0262],[-6.876836,40.025746],[-6.876148,40.025402],[-6.874662,40.0244],[-6.874304,40.023967],[-6.874206,40.023188],[-6.874574,40.02245],[-6.875861,40.021259],[-6.877076,40.019676],[-6.877276,40.018311],[-6.876847,40.017783],[-6.876158,40.017328],[-6.874748,40.016769],[-6.873079,40.01645],[-6.869082,40.016057],[-6.866274,40.015461],[-6.865365,40.014937],[-6.864995,40.014275],[-6.863986,40.012945],[-6.863658,40.012201],[-6.864125,40.010833],[-6.866074,40.009569],[-6.867206,40.009311],[-6.869868,40.00915],[-6.871299,40.008606],[-6.872666,40.00821],[-6.873604,40.00781],[-6.873866,40.007488],[-6.874153,40.006693],[-6.874517,40.00512],[-6.874483,40.004543],[-6.874109,40.003414],[-6.873478,40.00247],[-6.87288,40.00139],[-6.87261,40.000144],[-6.872648,39.999356],[-6.872886,39.998575],[-6.873177,39.998145],[-6.873567,39.996715],[-6.873763,39.995207],[-6.875122,39.99311],[-6.875517,39.992648],[-6.87673,39.991846],[-6.878169,39.991042],[-6.87846,39.990788],[-6.87912,39.989703],[-6.879227,39.988862],[-6.879707,39.987817],[-6.880129,39.986361],[-6.880831,39.985481],[-6.881503,39.984452],[-6.88305,39.982873],[-6.884488,39.981725],[-6.885167,39.981431],[-6.885971,39.980723],[-6.886623,39.97946],[-6.886704,39.9789],[-6.886534,39.978296],[-6.886091,39.977448],[-6.885284,39.976698],[-6.884659,39.976482],[-6.883395,39.975847],[-6.881664,39.974756],[-6.879811,39.973109],[-6.87959,39.972113],[-6.879674,39.971742],[-6.880773,39.97031],[-6.881723,39.969813],[-6.882293,39.969396],[-6.882853,39.967956],[-6.885563,39.966339],[-6.886751,39.965778],[-6.887179,39.965464],[-6.887981,39.964322],[-6.887966,39.963338],[-6.887833,39.962649],[-6.888494,39.960916],[-6.888363,39.959832],[-6.887642,39.958436],[-6.886207,39.957033],[-6.885298,39.956031],[-6.884626,39.95481],[-6.884572,39.953541],[-6.88501,39.952625],[-6.885325,39.952253],[-6.885727,39.951389],[-6.885777,39.950888],[-6.885453,39.9502],[-6.884201,39.948813],[-6.88391,39.948078],[-6.883854,39.945923],[-6.884223,39.943749],[-6.884206,39.943181],[-6.884427,39.942178],[-6.884989,39.940736],[-6.885549,39.940125],[-6.887126,39.939471],[-6.889921,39.938086],[-6.890638,39.937681],[-6.891096,39.937196],[-6.891648,39.934596],[-6.891699,39.93387],[-6.891993,39.933249],[-6.892752,39.932538],[-6.893574,39.932173],[-6.895898,39.931621],[-6.898942,39.931449],[-6.900934,39.930939],[-6.901399,39.930398],[-6.90119,39.928506],[-6.901294,39.928],[-6.901726,39.927538],[-6.903512,39.926659],[-6.904745,39.925899],[-6.905561,39.925228],[-6.906423,39.924245],[-6.906503,39.923679],[-6.906008,39.922897],[-6.905447,39.922639],[-6.904268,39.922331],[-6.903668,39.921721],[-6.903694,39.920953],[-6.904171,39.920656],[-6.905784,39.920378],[-6.906927,39.920039],[-6.90773,39.919412],[-6.907804,39.918888],[-6.907512,39.917958],[-6.90724,39.917862],[-6.90603,39.917851],[-6.904835,39.917445],[-6.904233,39.91705],[-6.902619,39.914883],[-6.901321,39.91353],[-6.90002,39.912068],[-6.899467,39.910573],[-6.899684,39.909136],[-6.900175,39.908417],[-6.901788,39.90688],[-6.902182,39.905969],[-6.90192,39.904897],[-6.900774,39.903646],[-6.900182,39.903114],[-6.899587,39.902365],[-6.899239,39.90164],[-6.899656,39.900186],[-6.899968,39.89952],[-6.901013,39.898466],[-6.90231,39.897413],[-6.903191,39.896601],[-6.90399,39.895672],[-6.904928,39.893534],[-6.905293,39.892209],[-6.906016,39.890279],[-6.905734,39.889284],[-6.905242,39.888969],[-6.904324,39.888147],[-6.902616,39.887953],[-6.902148,39.887512],[-6.901953,39.886445],[-6.902481,39.88549],[-6.902775,39.884299],[-6.90261,39.882881],[-6.902602,39.881418],[-6.902832,39.880736],[-6.903194,39.880257],[-6.903512,39.87952],[-6.903568,39.878769],[-6.903954,39.877413],[-6.904078,39.876185],[-6.904009,39.875504],[-6.90301,39.873724],[-6.902767,39.873078],[-6.902812,39.872708],[-6.903257,39.871749],[-6.903598,39.870718],[-6.906608,39.869386],[-6.907407,39.868918],[-6.907673,39.868466],[-6.907947,39.867104],[-6.908748,39.864822],[-6.909491,39.863249],[-6.909973,39.863083],[-6.911396,39.862851],[-6.912321,39.862387],[-6.913063,39.861366],[-6.913463,39.859943],[-6.91425,39.858901],[-6.914675,39.858718],[-6.916619,39.858381],[-6.91893,39.858746],[-6.919824,39.858678],[-6.922743,39.858188],[-6.923672,39.857953],[-6.9247,39.857564],[-6.925523,39.857025],[-6.926203,39.856395],[-6.927604,39.855613],[-6.928522,39.854811],[-6.92957,39.854087],[-6.930781,39.853027],[-6.931945,39.851582],[-6.932277,39.850961],[-6.932742,39.850421],[-6.933136,39.849495],[-6.933184,39.847867],[-6.933424,39.84688],[-6.93482,39.845235],[-6.935698,39.843955],[-6.935704,39.843566],[-6.936018,39.842944],[-6.935921,39.842064],[-6.935359,39.841504],[-6.934247,39.840946],[-6.934047,39.840377],[-6.934574,39.839072],[-6.93495,39.838548],[-6.935572,39.838381],[-6.936336,39.838477],[-6.937381,39.838393],[-6.939095,39.837291],[-6.939282,39.836893],[-6.939618,39.83539],[-6.940044,39.834164],[-6.940573,39.83404],[-6.941616,39.834175],[-6.942992,39.83545],[-6.943389,39.835633],[-6.944,39.835592],[-6.945153,39.83485],[-6.945816,39.83423],[-6.94594,39.833777],[-6.945906,39.832218],[-6.946868,39.830953],[-6.947701,39.829564],[-6.947815,39.828333],[-6.948207,39.827693],[-6.948767,39.827299],[-6.950676,39.826392],[-6.951483,39.826203],[-6.95289,39.826038],[-6.954131,39.825651],[-6.956315,39.824518],[-6.958039,39.823933],[-6.958601,39.82398],[-6.959943,39.824726],[-6.961405,39.824599],[-6.962651,39.824731],[-6.964742,39.824625],[-6.965777,39.825722],[-6.966146,39.825901],[-6.966871,39.82589],[-6.967868,39.82541],[-6.968602,39.825325],[-6.969568,39.825405],[-6.970879,39.82507],[-6.971601,39.824357],[-6.971521,39.822976],[-6.972079,39.822045],[-6.973461,39.820942],[-6.974331,39.820048],[-6.975293,39.819414],[-6.975978,39.819245],[-6.976834,39.819192],[-6.977643,39.819268],[-6.979887,39.819902],[-6.981002,39.819993],[-6.981233,39.81801],[-6.981558,39.81745],[-6.98243,39.816782],[-6.983876,39.81479],[-6.984165,39.813902],[-6.984267,39.812015],[-6.983819,39.811221],[-6.98379,39.81077],[-6.984012,39.810359],[-6.984678,39.810206],[-6.985707,39.810496],[-6.986307,39.810496],[-6.986909,39.81026],[-6.987126,39.809983],[-6.987123,39.808259],[-6.986779,39.806961],[-6.986561,39.805751],[-6.986684,39.80455],[-6.987462,39.80242],[-6.987799,39.80121],[-6.987871,39.800579],[-6.987627,39.79994],[-6.986691,39.799175],[-6.986492,39.798506],[-6.986549,39.798072],[-6.986937,39.7975],[-6.988037,39.796568],[-6.98909,39.795395],[-6.989378,39.794511],[-6.989162,39.794096],[-6.988701,39.793783],[-6.98785,39.792801],[-6.987474,39.792596],[-6.986262,39.792288],[-6.984056,39.791339],[-6.983486,39.790614],[-6.983273,39.788744],[-6.982722,39.78749],[-6.982138,39.78664],[-6.981773,39.78569],[-6.981689,39.78501],[-6.981981,39.784018],[-6.982015,39.783203],[-6.981912,39.782551],[-6.981402,39.781659],[-6.981107,39.781389],[-6.979321,39.780488],[-6.978754,39.780006],[-6.977764,39.77891],[-6.977284,39.7778],[-6.977236,39.777437],[-6.977338,39.775282],[-6.977231,39.774523],[-6.976799,39.773664],[-6.976709,39.772997],[-6.976915,39.771878],[-6.977475,39.771519],[-6.97865,39.771212],[-6.980369,39.770327],[-6.983579,39.768493],[-6.984271,39.768051],[-6.985212,39.76614],[-6.985863,39.7653],[-6.987123,39.76317],[-6.987703,39.761296],[-6.987585,39.760677],[-6.987859,39.76013],[-6.987786,39.758576],[-6.987653,39.758004],[-6.98718,39.75705],[-6.98722,39.756601],[-6.986903,39.755284],[-6.987027,39.754029],[-6.987557,39.753303],[-6.988998,39.752767],[-6.98963,39.752271],[-6.990084,39.751156],[-6.990588,39.749539],[-6.990872,39.747731],[-6.99116,39.74672],[-6.992354,39.743621],[-6.993226,39.742363],[-6.993635,39.741627],[-6.993808,39.740946],[-6.993837,39.740053],[-6.99281,39.73896],[-6.991815,39.737031],[-6.991713,39.735431],[-6.991872,39.734915],[-6.992833,39.7338],[-6.993773,39.732404],[-6.993878,39.732058],[-6.993472,39.731135],[-6.992902,39.730688],[-6.99048,39.729733],[-6.989043,39.729242],[-6.98782,39.728647],[-6.987438,39.72826],[-6.987273,39.727597],[-6.988127,39.727167],[-6.988952,39.725792],[-6.989844,39.72503],[-6.990277,39.724211],[-6.99129,39.72323],[-6.991848,39.722839],[-6.993624,39.721846],[-6.993985,39.721098],[-6.993912,39.720512],[-6.994253,39.718879],[-6.995103,39.716867],[-6.995498,39.716436],[-6.996849,39.716197],[-6.998161,39.71548],[-6.999192,39.714537],[-6.999547,39.714035],[-6.999903,39.711402],[-6.99984,39.710897],[-6.999974,39.710244],[-7.000613,39.709371],[-7.001365,39.70791],[-7.001648,39.706997],[-7.002518,39.704973],[-7.003558,39.703633],[-7.004586,39.702424],[-7.004968,39.702308],[-7.005289,39.701725],[-7.005133,39.700552],[-7.004857,39.699941],[-7.004123,39.698778],[-7.003846,39.698002],[-7.003748,39.697138],[-7.00436,39.69609],[-7.005271,39.695238],[-7.005624,39.694751],[-7.006272,39.692692],[-7.006685,39.69166],[-7.006694,39.690056],[-7.007592,39.687032],[-7.007174,39.685595],[-7.007231,39.684745],[-7.007574,39.684143],[-7.009509,39.682349],[-7.010871,39.68119],[-7.012516,39.680041],[-7.013256,39.679302],[-7.013784,39.678163],[-7.014302,39.677306],[-7.014353,39.675147],[-7.014206,39.674252],[-7.014535,39.673399],[-7.014588,39.672583],[-7.015484,39.670879],[-7.015462,39.670471],[-7.017049,39.670166],[-7.018951,39.670083],[-7.020991,39.669446],[-7.022245,39.668982],[-7.023355,39.668681],[-7.024695,39.66846],[-7.026526,39.66796],[-7.027281,39.667847],[-7.029562,39.667811],[-7.03128,39.667315],[-7.032718,39.666829],[-7.033777,39.666637],[-7.034995,39.666275],[-7.036045,39.666186],[-7.036874,39.665999],[-7.038183,39.665295],[-7.039169,39.665067],[-7.043399,39.663804],[-7.044431,39.663674],[-7.04536,39.66344],[-7.046364,39.662919],[-7.047076,39.66276],[-7.048473,39.662114],[-7.050273,39.661536],[-7.050609,39.661498],[-7.051185,39.661066],[-7.0522,39.660566],[-7.053797,39.659984],[-7.05565,39.65943],[-7.056578,39.659634],[-7.057188,39.65946],[-7.058035,39.659462],[-7.061085,39.659069],[-7.062748,39.658699],[-7.062924,39.658519],[-7.064769,39.658141],[-7.067182,39.658193],[-7.06932,39.658412],[-7.069952,39.65817],[-7.071475,39.658141],[-7.073201,39.658232],[-7.076018,39.659162],[-7.076962,39.659561],[-7.07785,39.659775],[-7.080845,39.660731],[-7.083425,39.66138],[-7.087086,39.662691],[-7.088427,39.663313],[-7.08892,39.663405],[-7.089934,39.663284],[-7.090942,39.663309],[-7.091709,39.663525],[-7.092292,39.663541],[-7.093114,39.663366],[-7.094196,39.663268],[-7.094715,39.663089],[-7.096767,39.662805],[-7.096922,39.66266],[-7.097827,39.662742],[-7.098502,39.662528],[-7.099094,39.662862],[-7.100351,39.663362],[-7.104318,39.664223],[-7.105557,39.664215],[-7.106677,39.664086],[-7.107893,39.663673],[-7.109312,39.66366],[-7.110946,39.663484],[-7.113028,39.663702],[-7.115447,39.663552],[-7.11601,39.663416],[-7.117442,39.663321],[-7.118032,39.663657],[-7.118892,39.6635],[-7.120394,39.663482],[-7.123102,39.663648],[-7.12536,39.663509],[-7.126448,39.663259],[-7.128316,39.662621],[-7.129416,39.662034],[-7.129856,39.661655],[-7.131321,39.660063],[-7.132004,39.659576],[-7.132686,39.659299],[-7.133432,39.658837],[-7.134078,39.658748],[-7.134722,39.658364],[-7.134751,39.658158],[-7.13557,39.657708],[-7.135897,39.657311],[-7.136538,39.657254],[-7.13777,39.656685],[-7.139084,39.656174],[-7.14024,39.655531],[-7.140753,39.65557],[-7.14079,39.654809],[-7.143207,39.653584],[-7.145857,39.653199],[-7.14951,39.653175],[-7.152297,39.653331],[-7.156141,39.653937],[-7.159495,39.654821],[-7.160324,39.655131],[-7.16184,39.655504],[-7.164146,39.655977],[-7.165017,39.65603],[-7.167098,39.655909],[-7.167844,39.655762],[-7.16958,39.655824],[-7.170308,39.656324],[-7.172639,39.657011],[-7.174322,39.657381],[-7.175486,39.657914],[-7.176642,39.658244],[-7.177301,39.658559],[-7.177511,39.658389],[-7.178473,39.658663],[-7.180974,39.658703],[-7.182022,39.659023],[-7.183758,39.659285],[-7.185139,39.659807],[-7.185724,39.659736],[-7.188554,39.659677],[-7.191197,39.659866],[-7.193075,39.660093],[-7.194419,39.660561],[-7.195987,39.660856],[-7.198332,39.661445],[-7.199942,39.661908],[-7.200745,39.661891],[-7.20164,39.662197],[-7.2034,39.662302],[-7.203961,39.662257],[-7.205445,39.661938],[-7.206757,39.66189],[-7.207688,39.66162],[-7.209136,39.661342],[-7.21021,39.660856],[-7.212038,39.660505],[-7.213085,39.660149],[-7.214157,39.660051],[-7.216034,39.66002],[-7.21706,39.660069],[-7.21937,39.660467],[-7.220262,39.660712],[-7.223875,39.661425],[-7.224475,39.661765],[-7.225014,39.661878],[-7.226417,39.662391],[-7.226391,39.662637],[-7.227178,39.662869],[-7.227959,39.66283],[-7.229722,39.663262],[-7.231586,39.663442],[-7.232666,39.663693],[-7.233394,39.663985],[-7.235004,39.664403],[-7.237169,39.664819],[-7.238946,39.665381],[-7.241753,39.665763],[-7.242358,39.66577],[-7.242995,39.666012],[-7.244845,39.666481],[-7.245827,39.66664],[-7.246605,39.66694],[-7.248651,39.667104],[-7.25118,39.667051],[-7.252374,39.666802],[-7.253641,39.666311],[-7.254909,39.66596],[-7.256419,39.665824],[-7.257138,39.66567],[-7.258173,39.6656],[-7.258559,39.665441],[-7.259819,39.665299],[-7.261877,39.66521],[-7.264785,39.664815],[-7.26506,39.664548],[-7.266242,39.664489],[-7.269848,39.663602],[-7.271208,39.663055],[-7.272829,39.662654],[-7.274951,39.662693],[-7.277252,39.662576],[-7.279763,39.662087],[-7.280264,39.66214],[-7.281031,39.661968],[-7.281807,39.661939],[-7.282481,39.661697],[-7.283955,39.661335],[-7.285309,39.661113],[-7.286434,39.660761],[-7.28736,39.660631],[-7.288013,39.660127],[-7.289783,39.659078],[-7.29059,39.657686],[-7.291323,39.656711],[-7.292936,39.655472],[-7.294273,39.655013],[-7.294678,39.654712],[-7.295296,39.654553],[-7.296202,39.6541],[-7.29822,39.653902],[-7.300559,39.653913],[-7.301002,39.653771],[-7.305178,39.652843],[-7.306718,39.652347],[-7.308499,39.651665],[-7.310156,39.650866],[-7.311577,39.65042],[-7.31258,39.650243],[-7.313392,39.649851],[-7.315542,39.649465],[-7.316611,39.649201],[-7.317202,39.648852],[-7.318105,39.648748],[-7.31842,39.648456],[-7.319764,39.648126],[-7.320989,39.647374],[-7.321237,39.646968],[-7.321908,39.646545],[-7.324632,39.644551],[-7.326034,39.643704],[-7.327384,39.642508],[-7.330506,39.641303],[-7.333378,39.640993],[-7.334821,39.640939],[-7.337335,39.6412],[-7.338665,39.641454],[-7.343297,39.643004],[-7.346255,39.644164],[-7.347348,39.644398],[-7.35,39.64536],[-7.351975,39.64577],[-7.352633,39.645823],[-7.353472,39.646096],[-7.355293,39.646306],[-7.358251,39.646829],[-7.358962,39.647157],[-7.360468,39.647374],[-7.361272,39.647379],[-7.362199,39.647598],[-7.364229,39.648223],[-7.365271,39.64846],[-7.366244,39.648505],[-7.367847,39.648992],[-7.368501,39.649039],[-7.369146,39.64934],[-7.37055,39.649613],[-7.373444,39.650629],[-7.375369,39.650955],[-7.378396,39.650942],[-7.37866,39.65111],[-7.380508,39.65111],[-7.383306,39.650892],[-7.384105,39.650534],[-7.386133,39.650331],[-7.388554,39.65003],[-7.391149,39.649882],[-7.393069,39.649508],[-7.394407,39.649026],[-7.395724,39.648281],[-7.396747,39.647598],[-7.398305,39.647008],[-7.399789,39.646675],[-7.400937,39.646298],[-7.403549,39.646715],[-7.406285,39.647615],[-7.406926,39.647972],[-7.407454,39.648522],[-7.408323,39.648528],[-7.409035,39.648349],[-7.410587,39.648467],[-7.412589,39.648417],[-7.415137,39.648908],[-7.416761,39.649078],[-7.418542,39.649797],[-7.421128,39.650475],[-7.42276,39.650691],[-7.423787,39.651009],[-7.425322,39.651216],[-7.427602,39.652229],[-7.430266,39.653134],[-7.432514,39.654544],[-7.433208,39.655273],[-7.433764,39.655619],[-7.436516,39.6576],[-7.438426,39.658382],[-7.439744,39.658572],[-7.440635,39.658961],[-7.442263,39.659534],[-7.443464,39.659618],[-7.445112,39.660539],[-7.446505,39.661045],[-7.447267,39.661036],[-7.449872,39.661259],[-7.450125,39.661427],[-7.451429,39.661523],[-7.45236,39.661866],[-7.453586,39.662199],[-7.454779,39.662436],[-7.45551,39.662365],[-7.45616,39.662489],[-7.459369,39.662698],[-7.459974,39.662812],[-7.460755,39.662639],[-7.461178,39.662782],[-7.461737,39.662696],[-7.462691,39.662871],[-7.464097,39.662665],[-7.464645,39.662754],[-7.466316,39.66322],[-7.467183,39.662893],[-7.469728,39.66309],[-7.470471,39.662815],[-7.472401,39.662754],[-7.472747,39.662841],[-7.473605,39.662662],[-7.474649,39.662761],[-7.475432,39.663058],[-7.475712,39.662797],[-7.476239,39.662798],[-7.478085,39.663157],[-7.47943,39.663511],[-7.48068,39.664035],[-7.483406,39.664849],[-7.485546,39.665013],[-7.486393,39.66521],[-7.486731,39.665141],[-7.489413,39.665539],[-7.491853,39.665534],[-7.492363,39.665471],[-7.493716,39.66566],[-7.495813,39.665425],[-7.496431,39.665269],[-7.497956,39.665452],[-7.501462,39.665382],[-7.503447,39.665635],[-7.50545,39.665463],[-7.507635,39.665504],[-7.508318,39.6656],[-7.510797,39.665604],[-7.511601,39.665538],[-7.512811,39.665711],[-7.51827,39.665828],[-7.519988,39.665915],[-7.523664,39.666253],[-7.525182,39.666356],[-7.529995,39.667016],[-7.533663,39.666903],[-7.535254,39.66672],[-7.536868,39.666294],[-7.538104,39.666065],[-7.539044,39.665466],[-7.539251,39.664479],[-7.539035,39.662977],[-7.537646,39.661982],[-7.536141,39.661709],[-7.53407,39.661949],[-7.532199,39.662509],[-7.531722,39.662238],[-7.531525,39.66181],[-7.531614,39.660856],[-7.531646,39.659316],[-7.531531,39.658253],[-7.529882,39.658073],[-7.528453,39.657258],[-7.527576,39.656397],[-7.527119,39.655223],[-7.526858,39.65129],[-7.526886,39.649963],[-7.5275,39.646997],[-7.526851,39.645131],[-7.525435,39.643732],[-7.524695,39.642926],[-7.525283,39.641166],[-7.527074,39.637896],[-7.527587,39.636416],[-7.527479,39.635034],[-7.526478,39.633534],[-7.525133,39.63203],[-7.524114,39.63057],[-7.523257,39.628807],[-7.52142,39.626965],[-7.520132,39.625984],[-7.516752,39.624462],[-7.515974,39.624048],[-7.515326,39.623458],[-7.51438,39.621794],[-7.514102,39.621485],[-7.512488,39.620444],[-7.511698,39.620119],[-7.510957,39.619632],[-7.509934,39.618682],[-7.509792,39.617911],[-7.509405,39.616735],[-7.509368,39.615818],[-7.508577,39.613301],[-7.508135,39.610893],[-7.508247,39.609434],[-7.507965,39.607478],[-7.507408,39.606426],[-7.506516,39.60555],[-7.504512,39.604309],[-7.504109,39.603185],[-7.504155,39.601671],[-7.504053,39.601009],[-7.503479,39.60064],[-7.501452,39.600281],[-7.500449,39.599798],[-7.500079,39.599434],[-7.500108,39.595838],[-7.499941,39.594318],[-7.499641,39.593997],[-7.498966,39.593743],[-7.498847,39.59348],[-7.498875,39.592344],[-7.499746,39.591299],[-7.499818,39.590721],[-7.49948,39.589661],[-7.498276,39.589521],[-7.497344,39.589185],[-7.496741,39.588665],[-7.496018,39.587653],[-7.495247,39.586322],[-7.494922,39.586143],[-7.493264,39.585849],[-7.492509,39.586025],[-7.491416,39.586435],[-7.489742,39.586864],[-7.488727,39.586879],[-7.488029,39.586676],[-7.487307,39.586084],[-7.486308,39.58497],[-7.484315,39.583496],[-7.483766,39.582609],[-7.482741,39.581679],[-7.482246,39.581407],[-7.480881,39.58092],[-7.479868,39.580427],[-7.478653,39.578788],[-7.477266,39.578556],[-7.475678,39.578959],[-7.474721,39.578994],[-7.471791,39.578624],[-7.471282,39.578504],[-7.470027,39.577968],[-7.469036,39.577698],[-7.467935,39.57727],[-7.466712,39.576891],[-7.466228,39.575978],[-7.46607,39.574969],[-7.46585,39.574324],[-7.465483,39.573979],[-7.464923,39.573762],[-7.463306,39.573394],[-7.462397,39.573337],[-7.461269,39.572833],[-7.460759,39.572022],[-7.460154,39.569488],[-7.459665,39.568757],[-7.459686,39.567817],[-7.45988,39.567047],[-7.459453,39.566344],[-7.459121,39.566088],[-7.456593,39.565151],[-7.453845,39.563746],[-7.452227,39.562395],[-7.451641,39.561682],[-7.451241,39.560819],[-7.450935,39.559416],[-7.450549,39.558415],[-7.449833,39.557312],[-7.449339,39.555698],[-7.448905,39.554756],[-7.448114,39.553556],[-7.448034,39.552383],[-7.44783,39.551599],[-7.446878,39.551446],[-7.445408,39.551654],[-7.444679,39.551367],[-7.444588,39.550931],[-7.444788,39.550429],[-7.445301,39.549763],[-7.446524,39.548538],[-7.446423,39.548069],[-7.445803,39.547718],[-7.444487,39.547378],[-7.443694,39.547283],[-7.443328,39.547059],[-7.442959,39.546399],[-7.442447,39.544877],[-7.441767,39.543599],[-7.440849,39.542652],[-7.440011,39.541967],[-7.439183,39.541108],[-7.438031,39.540089],[-7.436793,39.539552],[-7.435097,39.539154],[-7.434254,39.538612],[-7.432304,39.537051],[-7.431892,39.536574],[-7.430989,39.535252],[-7.430195,39.534571],[-7.429637,39.5343],[-7.42815,39.533867],[-7.427681,39.533602],[-7.427018,39.53294],[-7.426136,39.532835],[-7.425161,39.533497],[-7.423705,39.534341],[-7.422873,39.534564],[-7.421468,39.534518],[-7.420129,39.534011],[-7.419694,39.533661],[-7.41934,39.533091],[-7.418803,39.53192],[-7.418557,39.531685],[-7.417977,39.531684],[-7.416185,39.531983],[-7.414659,39.532126],[-7.411363,39.532279],[-7.410791,39.532418],[-7.409856,39.532301],[-7.40836,39.531951],[-7.407868,39.531724],[-7.40676,39.530893],[-7.405898,39.5307],[-7.405239,39.53092],[-7.403584,39.531872],[-7.401544,39.533433],[-7.401018,39.533735],[-7.400461,39.533832],[-7.399268,39.533595],[-7.397281,39.53269],[-7.396258,39.5324],[-7.394319,39.531509],[-7.392191,39.530715],[-7.391082,39.530099],[-7.390713,39.529567],[-7.391604,39.528916],[-7.392451,39.528097],[-7.392781,39.527361],[-7.392628,39.526827],[-7.392025,39.526313],[-7.389576,39.52521],[-7.388778,39.524685],[-7.38853,39.523774],[-7.388477,39.523024],[-7.388691,39.521306],[-7.389024,39.520235],[-7.388891,39.519894],[-7.388421,39.519548],[-7.388007,39.518818],[-7.388094,39.5175],[-7.388543,39.515786],[-7.388894,39.513623],[-7.38834,39.51275],[-7.388178,39.511999],[-7.388419,39.511391],[-7.387736,39.510503],[-7.38787,39.510055],[-7.388395,39.509493],[-7.389647,39.50844],[-7.390209,39.507305],[-7.390137,39.506223],[-7.389826,39.505498],[-7.390398,39.503632],[-7.390188,39.503011],[-7.389773,39.502606],[-7.389234,39.502356],[-7.387652,39.501894],[-7.387005,39.501075],[-7.386813,39.499962],[-7.386903,39.499445],[-7.386665,39.498774],[-7.386187,39.498417],[-7.385748,39.498402],[-7.384842,39.498805],[-7.382681,39.498586],[-7.381988,39.498153],[-7.381072,39.497184],[-7.378922,39.495924],[-7.378647,39.49545],[-7.378647,39.494923],[-7.37893,39.494457],[-7.380279,39.493624],[-7.380893,39.492716],[-7.381734,39.492548],[-7.382114,39.492153],[-7.382115,39.491653],[-7.381536,39.491167],[-7.380007,39.490941],[-7.378744,39.490647],[-7.378209,39.490357],[-7.3774,39.48934],[-7.376977,39.489266],[-7.376123,39.489435],[-7.375112,39.48978],[-7.374685,39.489729],[-7.373322,39.488393],[-7.372326,39.488028],[-7.3703,39.488185],[-7.369166,39.488131],[-7.36869,39.487785],[-7.367871,39.486779],[-7.367401,39.486435],[-7.366327,39.48621],[-7.364993,39.48631],[-7.364705,39.485826],[-7.364939,39.485151],[-7.364921,39.4843],[-7.364758,39.483804],[-7.364885,39.48259],[-7.364436,39.482026],[-7.362678,39.481447],[-7.362094,39.481438],[-7.361789,39.481913],[-7.361307,39.482289],[-7.361038,39.483124],[-7.360035,39.483496],[-7.357622,39.483965],[-7.356045,39.483963],[-7.354637,39.484729],[-7.353889,39.485542],[-7.353119,39.486091],[-7.350962,39.487252],[-7.349519,39.488201],[-7.349146,39.4882],[-7.347616,39.487891],[-7.347461,39.487579],[-7.347655,39.486678],[-7.347596,39.486253],[-7.347939,39.485448],[-7.347907,39.484886],[-7.347633,39.484285],[-7.347576,39.483553],[-7.34737,39.483059],[-7.346758,39.482499],[-7.345753,39.482119],[-7.345314,39.481612],[-7.345223,39.479994],[-7.344678,39.478947],[-7.34373,39.478199],[-7.342904,39.478041],[-7.341535,39.478638],[-7.340808,39.478848],[-7.338793,39.47891],[-7.337916,39.47899],[-7.336985,39.478654],[-7.336398,39.47802],[-7.335646,39.477654],[-7.334774,39.477477],[-7.334093,39.477198],[-7.333283,39.476517],[-7.332472,39.476278],[-7.330256,39.47598],[-7.328752,39.475886],[-7.326927,39.475383],[-7.325785,39.475186],[-7.325294,39.475442],[-7.324799,39.475382],[-7.322768,39.474681],[-7.321139,39.473756],[-7.320706,39.473262],[-7.319955,39.472028],[-7.319801,39.471132],[-7.319522,39.470442],[-7.319103,39.470029],[-7.318405,39.469751],[-7.317652,39.469767],[-7.316097,39.46889],[-7.314782,39.468304],[-7.313121,39.467736],[-7.312531,39.467431],[-7.310431,39.467614],[-7.309195,39.467609],[-7.308741,39.467435],[-7.30742,39.465926],[-7.305685,39.464745],[-7.303771,39.463664],[-7.302374,39.463213],[-7.301299,39.463069],[-7.300515,39.463283],[-7.299766,39.462986],[-7.29768,39.460528],[-7.297213,39.460243],[-7.295748,39.458995],[-7.295294,39.458172],[-7.294181,39.456678],[-7.295502,39.454969],[-7.296035,39.453835],[-7.296498,39.453541],[-7.297802,39.453041],[-7.298527,39.452495],[-7.299055,39.451691],[-7.299642,39.451077],[-7.300635,39.450368],[-7.300749,39.449951],[-7.301213,39.449466],[-7.302133,39.449315],[-7.302204,39.448627],[-7.302601,39.44823],[-7.303605,39.447705],[-7.304179,39.446862],[-7.305453,39.446175],[-7.305529,39.445897],[-7.304963,39.444924],[-7.305108,39.443903],[-7.305704,39.443314],[-7.305786,39.442987],[-7.305401,39.442338],[-7.304931,39.440628],[-7.304974,39.440468],[-7.305982,39.439445],[-7.30587,39.439029],[-7.305047,39.438164],[-7.304868,39.437746],[-7.305763,39.435521],[-7.305811,39.434263],[-7.306065,39.433522],[-7.306497,39.43269],[-7.307496,39.432084],[-7.307841,39.431654],[-7.308524,39.430295],[-7.307923,39.429581],[-7.307203,39.428548],[-7.306082,39.427878],[-7.304121,39.425372],[-7.303761,39.425],[-7.302839,39.42463],[-7.30256,39.424152],[-7.301959,39.42367],[-7.301331,39.422749],[-7.301337,39.42255],[-7.301942,39.421574],[-7.302469,39.421184],[-7.30298,39.419586],[-7.302764,39.419182],[-7.301721,39.418115],[-7.301009,39.417099],[-7.301111,39.41656],[-7.301611,39.416164],[-7.303205,39.41536],[-7.303277,39.415096],[-7.302891,39.413808],[-7.302383,39.412452],[-7.302617,39.412106],[-7.304831,39.411633],[-7.305462,39.411127],[-7.305749,39.409859],[-7.306029,39.409373],[-7.306784,39.4085],[-7.30704,39.407257],[-7.30738,39.406244],[-7.307724,39.40555],[-7.308383,39.404737],[-7.308389,39.404398],[-7.307326,39.403244],[-7.307397,39.402873],[-7.308548,39.401465],[-7.309169,39.400385],[-7.30973,39.399837],[-7.309944,39.3987],[-7.310754,39.398511],[-7.311842,39.398884],[-7.312884,39.399479],[-7.312929,39.398938],[-7.313465,39.39731],[-7.313544,39.395003],[-7.313837,39.393551],[-7.315808,39.39165],[-7.317247,39.389758],[-7.319012,39.388451],[-7.320368,39.387836],[-7.321177,39.387088],[-7.321813,39.386289],[-7.322369,39.385229],[-7.323483,39.381935],[-7.321807,39.378296],[-7.321068,39.378359],[-7.317498,39.377852],[-7.316722,39.374693],[-7.316286,39.373998],[-7.315518,39.373036],[-7.3147,39.372381],[-7.313498,39.371688],[-7.312269,39.370761],[-7.310951,39.368576],[-7.310805,39.362449],[-7.307997,39.358663],[-7.306403,39.355947],[-7.306241,39.351424],[-7.308569,39.345546],[-7.310538,39.340952],[-7.308313,39.336829],[-7.304234,39.333495],[-7.302376,39.33192],[-7.300465,39.330862],[-7.298295,39.330058],[-7.295776,39.329328],[-7.292332,39.328876],[-7.290748,39.326738],[-7.288983,39.325492],[-7.28835,39.324623],[-7.28823,39.324086],[-7.288403,39.323073],[-7.287498,39.322405],[-7.286508,39.322259],[-7.283395,39.321351],[-7.281956,39.321024],[-7.281349,39.320741],[-7.27996,39.319206],[-7.275985,39.31532],[-7.275514,39.315598],[-7.273555,39.317263],[-7.272767,39.318211],[-7.272244,39.319131],[-7.272157,39.320279],[-7.271634,39.320995],[-7.271049,39.321517],[-7.2689,39.321888],[-7.26748,39.321868],[-7.2657,39.321211],[-7.265163,39.321861],[-7.264643,39.32279],[-7.264493,39.323544],[-7.263604,39.324635],[-7.263463,39.325101],[-7.262491,39.326079],[-7.262768,39.326507],[-7.264341,39.327383],[-7.265336,39.327715],[-7.267321,39.329094],[-7.26839,39.329611],[-7.268649,39.329904],[-7.267714,39.330842],[-7.267322,39.331777],[-7.26625,39.333169],[-7.265312,39.333797],[-7.26418,39.334798],[-7.263791,39.336162],[-7.262875,39.33659],[-7.261855,39.337374],[-7.261198,39.337555],[-7.260088,39.33849],[-7.259352,39.339475],[-7.258724,39.339677],[-7.258028,39.340189],[-7.256543,39.34051],[-7.255858,39.340536],[-7.255266,39.340332],[-7.254073,39.339456],[-7.25356,39.3389],[-7.251882,39.338915],[-7.250767,39.338653],[-7.250017,39.338191],[-7.249439,39.338064],[-7.249102,39.33779],[-7.246775,39.33761],[-7.246103,39.337937],[-7.245272,39.337759],[-7.24476,39.33748],[-7.243826,39.337432],[-7.237416,39.337669],[-7.236851,39.337766],[-7.236387,39.338083],[-7.235261,39.338577],[-7.234589,39.338747],[-7.233486,39.33938],[-7.231919,39.339451],[-7.231395,39.339574],[-7.23076,39.340065],[-7.229754,39.340133],[-7.229232,39.339862],[-7.228452,39.339767],[-7.228185,39.339528],[-7.227936,39.337884],[-7.227019,39.337898],[-7.226114,39.338287],[-7.225058,39.338077],[-7.224427,39.337499],[-7.223903,39.337279],[-7.222422,39.337114],[-7.221236,39.337086],[-7.22062,39.336573],[-7.220055,39.336346],[-7.218489,39.336261],[-7.217479,39.335821],[-7.216724,39.335867],[-7.215361,39.335393],[-7.214495,39.335716],[-7.213542,39.33591],[-7.212973,39.336157],[-7.212314,39.336665],[-7.210974,39.336521],[-7.210333,39.336329],[-7.209954,39.336806],[-7.208,39.338444],[-7.207047,39.338846],[-7.206186,39.33953],[-7.205981,39.339888],[-7.206142,39.340214],[-7.206154,39.340921],[-7.205178,39.341827],[-7.204404,39.342658],[-7.203801,39.342662],[-7.203233,39.342429],[-7.202612,39.341912],[-7.20115,39.341836],[-7.200636,39.341565],[-7.199672,39.341442],[-7.198703,39.341129],[-7.197611,39.341161],[-7.19697,39.341364],[-7.196127,39.341316],[-7.195424,39.340866],[-7.194729,39.340885],[-7.194755,39.341838],[-7.19517,39.342206],[-7.196131,39.343517],[-7.196144,39.343828],[-7.195514,39.344534],[-7.194945,39.344697],[-7.194199,39.345246],[-7.193349,39.345721],[-7.192176,39.3461],[-7.191773,39.34657],[-7.191873,39.347129],[-7.192927,39.34838],[-7.192695,39.349343],[-7.192373,39.349697],[-7.192283,39.350226],[-7.192814,39.351359],[-7.192305,39.352295],[-7.191357,39.353203],[-7.191803,39.353812],[-7.191941,39.354274],[-7.191887,39.355008],[-7.191262,39.355733],[-7.190382,39.356472],[-7.190048,39.357299],[-7.188585,39.358046],[-7.187598,39.358014],[-7.186812,39.358449],[-7.18662,39.359248],[-7.185684,39.359662],[-7.185098,39.360196],[-7.184987,39.360896],[-7.184729,39.361306],[-7.183918,39.36127],[-7.183196,39.361466],[-7.181626,39.361531],[-7.181249,39.361479],[-7.180752,39.360932],[-7.17991,39.3611],[-7.178489,39.361215],[-7.177764,39.361594],[-7.176673,39.361914],[-7.17566,39.361572],[-7.175062,39.361606],[-7.173952,39.362119],[-7.173522,39.363027],[-7.17256,39.363807],[-7.172195,39.364405],[-7.17155,39.364559],[-7.170871,39.364092],[-7.170607,39.363599],[-7.169394,39.363617],[-7.168914,39.363932],[-7.167503,39.364451],[-7.166713,39.364523],[-7.16573,39.364309],[-7.164858,39.36378],[-7.163992,39.36353],[-7.162874,39.363549],[-7.161844,39.363677],[-7.161203,39.363951],[-7.158988,39.3624],[-7.158241,39.361946],[-7.158323,39.361301],[-7.15803,39.360917],[-7.157149,39.361052],[-7.155583,39.361097],[-7.154752,39.360936],[-7.153922,39.360934],[-7.153085,39.360774],[-7.150458,39.360838],[-7.149601,39.360676],[-7.147818,39.360717],[-7.147363,39.360451],[-7.147257,39.35922],[-7.146932,39.35882],[-7.146281,39.358588],[-7.144698,39.358282],[-7.144106,39.358077],[-7.143306,39.357561],[-7.142631,39.357419],[-7.14246,39.3579],[-7.142109,39.358175],[-7.140725,39.358263],[-7.139553,39.357716],[-7.138607,39.357646],[-7.138252,39.357165],[-7.137964,39.356148],[-7.137092,39.355317],[-7.136101,39.354655],[-7.134895,39.354354],[-7.131662,39.352142],[-7.131084,39.35202],[-7.130975,39.351704],[-7.13132,39.351077],[-7.130663,39.350749],[-7.129451,39.350811],[-7.128746,39.351018],[-7.127989,39.350797],[-7.126292,39.349639],[-7.124842,39.349233],[-7.124165,39.349274],[-7.123912,39.348841],[-7.122987,39.348442],[-7.122633,39.347947],[-7.121451,39.347625],[-7.120252,39.346993],[-7.119197,39.346082],[-7.117862,39.345399],[-7.116684,39.345073],[-7.116114,39.344373],[-7.115192,39.344138],[-7.114819,39.344208],[-7.114189,39.344695],[-7.113664,39.34482],[-7.112419,39.344866],[-7.111387,39.344779],[-7.111041,39.344869],[-7.110334,39.344678],[-7.109563,39.344102],[-7.108211,39.343895],[-7.106332,39.343953],[-7.105566,39.344256],[-7.105112,39.344796],[-7.104372,39.344971],[-7.103855,39.345569],[-7.103243,39.345684],[-7.102467,39.346295],[-7.102082,39.346956],[-7.101477,39.347531],[-7.101368,39.347945],[-7.101491,39.350133],[-7.101564,39.350437],[-7.102266,39.350732],[-7.102581,39.352121],[-7.103048,39.352906],[-7.102662,39.353613],[-7.102646,39.354229],[-7.102912,39.354775],[-7.102824,39.355304],[-7.10222,39.356104],[-7.102336,39.356418],[-7.103506,39.356751],[-7.104471,39.357437],[-7.105063,39.358261],[-7.105747,39.359809],[-7.105771,39.36034],[-7.10543,39.360962],[-7.105926,39.361811],[-7.105985,39.362323],[-7.106219,39.366275],[-7.105871,39.366873],[-7.104488,39.366956],[-7.103857,39.366802],[-7.102831,39.366836],[-7.102118,39.367044],[-7.100635,39.367167],[-7.09986,39.367994],[-7.097352,39.370093],[-7.0964,39.370495],[-7.095379,39.371279],[-7.094813,39.371443],[-7.093718,39.372471],[-7.092801,39.372897],[-7.092603,39.373403],[-7.091761,39.374013],[-7.091407,39.374494],[-7.091126,39.375322],[-7.091091,39.375961],[-7.090792,39.376232],[-7.089519,39.376512],[-7.086215,39.376634],[-7.085674,39.376547],[-7.084981,39.376101],[-7.084283,39.376111],[-7.083733,39.37659],[-7.083497,39.377072],[-7.082973,39.377267],[-7.08271,39.378238],[-7.081884,39.378643],[-7.080631,39.379708],[-7.080367,39.380239],[-7.080378,39.381281],[-7.079953,39.381884],[-7.079364,39.383018],[-7.07937,39.384314],[-7.078645,39.384915],[-7.078359,39.385748],[-7.078446,39.387208],[-7.079022,39.388124],[-7.079119,39.389444],[-7.078777,39.390313],[-7.078122,39.39071],[-7.077166,39.391678],[-7.076413,39.392174],[-7.075306,39.391478],[-7.073624,39.391263],[-7.071692,39.391329],[-7.071154,39.391244],[-7.070465,39.390803],[-7.069376,39.39055],[-7.068313,39.390862],[-7.067851,39.391615],[-7.066929,39.39247],[-7.065944,39.393711],[-7.064983,39.394409],[-7.064093,39.395558],[-7.063653,39.395836],[-7.062963,39.395952],[-7.06271,39.396189],[-7.062479,39.39687],[-7.062641,39.397449],[-7.062521,39.39795],[-7.062592,39.39945],[-7.062474,39.400037],[-7.062636,39.400547],[-7.062244,39.40108],[-7.06138,39.401462],[-7.060822,39.402145],[-7.060652,39.40267],[-7.05973,39.403606],[-7.059568,39.404057],[-7.058975,39.404641],[-7.058803,39.405669],[-7.058149,39.406363],[-7.057489,39.407889],[-7.057137,39.408151],[-7.056981,39.408816],[-7.05671,39.409141],[-7.055437,39.41019],[-7.05547,39.410758],[-7.056721,39.411594],[-7.057451,39.411919],[-7.058967,39.41324],[-7.059263,39.413695],[-7.058713,39.414128],[-7.057916,39.414951],[-7.056923,39.41554],[-7.056395,39.416028],[-7.055149,39.417729],[-7.054219,39.418578],[-7.053916,39.419167],[-7.053861,39.419676],[-7.053558,39.420265],[-7.053019,39.42096],[-7.052469,39.421435],[-7.051898,39.421681],[-7.051106,39.421747],[-7.049911,39.421555],[-7.048375,39.421033],[-7.047973,39.421052],[-7.047113,39.421681],[-7.047431,39.422894],[-7.047729,39.423603],[-7.047853,39.424978],[-7.048127,39.425537],[-7.048094,39.426298],[-7.04766,39.427025],[-7.047723,39.428845],[-7.047509,39.429479],[-7.047672,39.430351],[-7.048621,39.430733],[-7.048749,39.430994],[-7.048783,39.432004],[-7.048468,39.432604],[-7.047586,39.433394],[-7.049016,39.433928],[-7.050564,39.434039],[-7.05092,39.434765],[-7.050385,39.436115],[-7.04912,39.436674],[-7.048628,39.436627],[-7.048197,39.436329],[-7.046813,39.436035],[-7.046019,39.43553],[-7.044221,39.434698],[-7.043547,39.434562],[-7.042453,39.434076],[-7.040877,39.433763],[-7.039098,39.433151],[-7.038001,39.432431],[-7.036705,39.43188],[-7.035908,39.431377],[-7.033731,39.430631],[-7.03323,39.430348],[-7.031981,39.430096],[-7.031356,39.430126],[-7.029938,39.430456],[-7.029351,39.430775],[-7.028728,39.431441],[-7.027672,39.431302],[-7.026576,39.430808],[-7.025108,39.430402],[-7.023536,39.430086],[-7.022752,39.429808],[-7.020334,39.429384],[-7.019136,39.429339],[-7.017792,39.429028],[-7.017066,39.42901],[-7.01543,39.428711],[-7.013694,39.428497],[-7.012967,39.428478],[-7.011824,39.428234],[-7.011313,39.42796],[-7.010053,39.427849],[-7.009267,39.427573],[-7.008113,39.427337],[-7.007115,39.427277],[-7.005742,39.426791],[-7.003781,39.426757],[-7.003121,39.426609],[-7.001848,39.426558],[-7.000883,39.426245],[-6.999074,39.426017],[-6.998127,39.425706],[-6.995994,39.425306],[-6.996251,39.423944],[-6.99611,39.423687],[-6.996075,39.422689],[-6.997061,39.421714],[-6.996758,39.421417],[-6.995449,39.421463],[-6.994815,39.421663],[-6.993812,39.421736],[-6.992857,39.421692],[-6.992074,39.421412],[-6.990504,39.421094],[-6.989193,39.420733],[-6.987255,39.420078],[-6.98675,39.419799],[-6.985779,39.419679],[-6.984683,39.419195],[-6.98401,39.419058],[-6.983431,39.418748],[-6.982302,39.418474],[-6.981584,39.418052],[-6.9812,39.417435],[-6.981061,39.415103],[-6.980632,39.414147],[-6.980251,39.41391],[-6.979311,39.413617],[-6.97701,39.412034],[-6.976062,39.41176],[-6.973596,39.411813],[-6.972827,39.411574],[-6.971436,39.410633],[-6.969492,39.409982],[-6.96778,39.40949],[-6.965994,39.408648],[-6.965115,39.408126],[-6.964508,39.408023],[-6.963321,39.407615],[-6.962827,39.407326],[-6.960887,39.406674],[-6.959845,39.406414],[-6.959268,39.406102],[-6.957782,39.405801],[-6.956223,39.404825],[-6.954735,39.404525],[-6.95294,39.403691],[-6.951842,39.402972],[-6.951443,39.402839],[-6.950398,39.402154],[-6.94902,39.401987],[-6.947686,39.401311],[-6.946503,39.4009],[-6.944466,39.40047],[-6.943467,39.400411],[-6.942282,39.400001],[-6.941488,39.399497],[-6.940194,39.398944],[-6.939398,39.398441],[-6.938404,39.398105],[-6.93731,39.397383],[-6.936126,39.396973],[-6.934928,39.396926],[-6.933995,39.396762],[-6.932784,39.396926],[-6.931836,39.396797],[-6.931548,39.396476],[-6.931329,39.392731],[-6.931153,39.391906],[-6.932001,39.39067],[-6.932052,39.389855],[-6.931969,39.388622],[-6.931589,39.388101],[-6.93089,39.387751],[-6.930606,39.386815],[-6.930216,39.386438],[-6.929715,39.385303],[-6.929236,39.385066],[-6.928719,39.385199],[-6.92659,39.385395],[-6.926163,39.385169],[-6.925168,39.385101],[-6.92456,39.384783],[-6.924003,39.383611],[-6.92338,39.383116],[-6.92356,39.382521],[-6.92483,39.381471],[-6.925502,39.380654],[-6.926453,39.37982],[-6.927152,39.379023],[-6.928148,39.378353],[-6.928191,39.378048],[-6.928079,39.375617],[-6.928287,39.375043],[-6.92823,39.374037],[-6.927979,39.373556],[-6.927997,39.372197],[-6.925968,39.370732],[-6.925188,39.370372],[-6.924734,39.369893],[-6.92349,39.368824],[-6.920208,39.369167],[-6.917798,39.369735],[-6.914464,39.369273],[-6.913271,39.369323],[-6.912543,39.369535],[-6.91039,39.36961],[-6.909101,39.369412],[-6.907701,39.369078],[-6.907047,39.369033],[-6.906289,39.368798],[-6.905382,39.368152],[-6.905072,39.367709],[-6.904521,39.366292],[-6.903854,39.365215],[-6.903559,39.365175],[-6.90206,39.365698],[-6.901328,39.366258],[-6.900196,39.366747],[-6.898929,39.366883],[-6.898197,39.367091],[-6.896851,39.367262],[-6.896145,39.36656],[-6.895081,39.36581],[-6.894598,39.365278],[-6.89311,39.363948],[-6.892393,39.363708],[-6.890914,39.363736],[-6.890578,39.363659],[-6.88924,39.362752],[-6.88834,39.362334],[-6.88728,39.362091],[-6.886576,39.362135],[-6.886184,39.362378],[-6.884651,39.363666],[-6.883513,39.364159],[-6.882687,39.36439],[-6.882228,39.364222],[-6.88149,39.363665],[-6.880625,39.363417],[-6.878277,39.363503],[-6.877512,39.36342],[-6.876308,39.362698],[-6.875501,39.362605],[-6.874528,39.362161],[-6.873631,39.362866],[-6.872592,39.363031],[-6.872288,39.363231],[-6.872216,39.364524],[-6.87131,39.365606],[-6.871245,39.365819],[-6.871386,39.367645],[-6.872102,39.368076],[-6.872829,39.369068],[-6.872892,39.369919],[-6.872564,39.370599],[-6.872189,39.370981],[-6.871754,39.371751],[-6.870947,39.372471],[-6.869998,39.373022],[-6.869665,39.373375],[-6.869472,39.373967],[-6.869857,39.374435],[-6.869986,39.374875],[-6.870049,39.376003],[-6.869926,39.376662],[-6.870082,39.377239],[-6.869818,39.378277],[-6.869197,39.378907],[-6.869206,39.379095],[-6.870506,39.380099],[-6.870896,39.380994],[-6.870985,39.382134],[-6.871168,39.382705],[-6.870874,39.382868],[-6.870205,39.382782],[-6.868633,39.383161],[-6.867067,39.383444],[-6.866029,39.383536],[-6.866251,39.385893],[-6.86644,39.386457],[-6.866326,39.387009],[-6.866295,39.388373],[-6.866033,39.388835],[-6.865114,39.38956],[-6.863626,39.389682],[-6.862893,39.389892],[-6.862306,39.389869],[-6.860864,39.388949],[-6.860329,39.388864],[-6.857384,39.38896],[-6.855772,39.389165],[-6.854837,39.388857],[-6.854184,39.388808],[-6.852947,39.388506],[-6.850958,39.388241],[-6.850013,39.387928],[-6.8477,39.3875],[-6.846124,39.387534],[-6.844995,39.387781],[-6.843599,39.387857],[-6.84296,39.388253],[-6.841701,39.388328],[-6.841059,39.388171],[-6.840032,39.388203],[-6.839323,39.38841],[-6.837556,39.388717],[-6.834075,39.388837],[-6.833126,39.388793],[-6.831969,39.388458],[-6.830673,39.388521],[-6.828796,39.389089],[-6.828398,39.389344],[-6.827965,39.389319],[-6.82613,39.389762],[-6.824941,39.389839],[-6.823349,39.390385],[-6.822037,39.390962],[-6.821035,39.391068],[-6.815941,39.391222],[-6.8141,39.39085],[-6.812364,39.391193],[-6.811177,39.391716],[-6.810534,39.392482],[-6.809957,39.392935],[-6.808862,39.39347],[-6.807545,39.393549],[-6.806647,39.393887],[-6.805545,39.395312],[-6.805597,39.396617],[-6.805237,39.397347],[-6.803958,39.397587],[-6.803159,39.398026],[-6.802424,39.398582],[-6.80158,39.39906],[-6.799495,39.399951],[-6.799026,39.400268],[-6.797926,39.400584],[-6.797574,39.400569],[-6.796594,39.40013],[-6.79599,39.399698],[-6.795308,39.398686],[-6.795188,39.398347],[-6.794164,39.397619],[-6.792972,39.397586],[-6.79231,39.397436],[-6.791522,39.397506],[-6.790748,39.397828],[-6.789799,39.397644],[-6.789296,39.397358],[-6.787541,39.396685],[-6.786814,39.396666],[-6.78429,39.395654],[-6.782897,39.395717],[-6.782677,39.395905],[-6.782191,39.397798],[-6.782167,39.398363],[-6.781862,39.398827],[-6.780876,39.399636],[-6.779872,39.400936],[-6.778789,39.401605],[-6.777092,39.402555],[-6.775858,39.402972],[-6.774832,39.403544],[-6.774042,39.403609],[-6.772504,39.403247],[-6.771138,39.403273],[-6.770341,39.403573],[-6.769539,39.404298],[-6.769146,39.405234],[-6.767665,39.406717],[-6.767077,39.406865],[-6.766237,39.407562],[-6.765506,39.408337],[-6.764845,39.408514],[-6.76382,39.409297],[-6.762751,39.409978],[-6.762377,39.410044],[-6.761713,39.409825],[-6.760615,39.409096],[-6.760214,39.408963],[-6.75927,39.408338],[-6.759054,39.407967],[-6.759643,39.407401],[-6.759831,39.406877],[-6.760218,39.406421],[-6.760173,39.405955],[-6.759857,39.405512],[-6.759243,39.405083],[-6.758051,39.404568],[-6.758094,39.403559],[-6.757986,39.403093],[-6.757473,39.402629],[-6.756771,39.402563],[-6.7556,39.401577],[-6.755193,39.401362],[-6.754004,39.401136],[-6.751371,39.401232],[-6.750199,39.401985],[-6.750117,39.402758],[-6.749447,39.403448],[-6.748754,39.40438],[-6.747902,39.405293],[-6.747358,39.405339],[-6.746943,39.405028],[-6.746352,39.405002],[-6.745623,39.405179],[-6.744905,39.404962],[-6.744102,39.404553],[-6.743398,39.403877],[-6.742884,39.403135],[-6.741706,39.402247],[-6.741287,39.402031],[-6.739829,39.402109],[-6.739349,39.402419],[-6.738116,39.402838],[-6.736323,39.404066],[-6.736082,39.404071],[-6.735009,39.402955],[-6.734044,39.402908],[-6.732556,39.403371],[-6.73118,39.403375],[-6.729408,39.402747],[-6.728905,39.40246],[-6.727956,39.402239],[-6.727399,39.402456],[-6.726931,39.403282],[-6.726381,39.403757],[-6.725809,39.404001],[-6.724816,39.404082],[-6.723001,39.40374],[-6.722011,39.403671],[-6.721605,39.403365],[-6.721018,39.403243],[-6.719241,39.402627],[-6.717854,39.401916],[-6.716889,39.401555],[-6.716614,39.401239],[-6.715067,39.400507],[-6.714272,39.400002],[-6.71338,39.399579],[-6.711535,39.39902],[-6.710414,39.398321],[-6.709658,39.398083],[-6.709005,39.398035],[-6.707883,39.397685],[-6.704746,39.397737],[-6.70389,39.39757],[-6.701255,39.397628],[-6.699855,39.397203],[-6.699499,39.396894],[-6.699893,39.396127],[-6.699943,39.395723],[-6.700354,39.394675],[-6.698714,39.393148],[-6.698198,39.392409],[-6.697584,39.391751],[-6.696266,39.390749],[-6.695349,39.389877],[-6.694254,39.388686],[-6.693046,39.387826],[-6.692412,39.387514],[-6.691405,39.386625],[-6.690891,39.385882],[-6.689722,39.385267],[-6.688904,39.385762],[-6.687904,39.385992],[-6.68742,39.386301],[-6.686826,39.386401],[-6.685881,39.386353],[-6.684927,39.385899],[-6.683764,39.384843],[-6.683137,39.383962],[-6.682739,39.383088],[-6.682579,39.382319],[-6.680621,39.380212],[-6.67948,39.378591],[-6.678765,39.378019],[-6.67825,39.377279],[-6.677387,39.37644],[-6.677026,39.376291],[-6.676146,39.375389],[-6.675391,39.374992],[-6.674507,39.374327],[-6.673992,39.373587],[-6.67358,39.37323],[-6.67289,39.372218],[-6.672727,39.370232],[-6.672164,39.369402],[-6.672229,39.368856],[-6.671588,39.368339],[-6.670018,39.366136],[-6.669159,39.364512],[-6.668755,39.364148],[-6.668071,39.363145],[-6.667958,39.362643],[-6.666963,39.361197],[-6.665733,39.359886],[-6.665019,39.359313],[-6.664503,39.358574],[-6.664093,39.358212],[-6.663534,39.357423],[-6.66287,39.357465],[-6.660795,39.359241],[-6.659534,39.359854],[-6.658664,39.360535],[-6.658375,39.361123],[-6.658985,39.362787],[-6.659148,39.363553],[-6.660224,39.364844],[-6.659967,39.365347],[-6.658012,39.366988],[-6.657619,39.367226],[-6.655955,39.367598],[-6.655052,39.368331],[-6.654878,39.368856],[-6.654518,39.369248],[-6.654084,39.370019],[-6.65356,39.37051],[-6.652984,39.370786],[-6.651201,39.370848],[-6.65004,39.370514],[-6.648441,39.370292],[-6.647834,39.370476],[-6.646829,39.370549],[-6.645871,39.370505],[-6.645279,39.370299],[-6.644354,39.369668],[-6.643244,39.368021],[-6.640998,39.366392],[-6.64024,39.365622],[-6.639178,39.364873],[-6.638086,39.36368],[-6.637017,39.363015],[-6.63671,39.362556],[-6.636534,39.361935],[-6.635518,39.360914],[-6.635001,39.360175],[-6.634394,39.359842],[-6.633819,39.359293],[-6.631991,39.358016],[-6.630478,39.357506],[-6.630148,39.357299],[-6.629593,39.356514],[-6.628535,39.355918],[-6.627835,39.355256],[-6.627476,39.355105],[-6.626309,39.354115],[-6.625594,39.353868],[-6.624224,39.353913],[-6.623057,39.354213],[-6.6224,39.354771],[-6.622015,39.35593],[-6.621455,39.356617],[-6.620509,39.356886],[-6.61964,39.356683],[-6.618485,39.356084],[-6.617609,39.355101],[-6.617042,39.354874],[-6.615364,39.354826],[-6.614614,39.354669],[-6.611888,39.354742],[-6.611495,39.354801],[-6.610983,39.355299],[-6.609843,39.356084],[-6.609459,39.356242],[-6.608313,39.357154],[-6.608039,39.357477],[-6.607999,39.358317],[-6.607796,39.35926],[-6.608241,39.360634],[-6.608644,39.360999],[-6.609274,39.361878],[-6.609882,39.362961],[-6.609981,39.363642],[-6.60971,39.364347],[-6.608275,39.364921],[-6.607459,39.365019],[-6.60517,39.365086],[-6.604357,39.364838],[-6.603019,39.363849],[-6.601848,39.363474],[-6.600406,39.364097],[-6.599121,39.364087],[-6.598561,39.36385],[-6.598014,39.362901],[-6.596534,39.3618],[-6.596128,39.361584],[-6.594525,39.361331],[-6.592383,39.360599],[-6.590812,39.360278],[-6.589263,39.359748],[-6.587588,39.359792],[-6.586857,39.360003],[-6.585408,39.360074],[-6.584709,39.360016],[-6.583489,39.359398],[-6.582444,39.358635],[-6.581394,39.358111],[-6.57958,39.356822],[-6.57921,39.356289],[-6.579102,39.354691],[-6.578835,39.354447],[-6.578056,39.354351],[-6.577537,39.354084],[-6.576567,39.353961],[-6.57508,39.353335],[-6.574477,39.352904],[-6.573876,39.352237],[-6.573646,39.351727],[-6.573244,39.351361],[-6.572294,39.350038],[-6.572247,39.349574],[-6.572644,39.349127],[-6.573706,39.347279],[-6.57345,39.346306],[-6.572714,39.344773],[-6.571992,39.343971],[-6.571582,39.343096],[-6.571586,39.342388],[-6.571864,39.342067],[-6.573821,39.340435],[-6.575686,39.339318],[-6.576087,39.338812],[-6.57704,39.337898],[-6.577142,39.336751],[-6.577508,39.336141],[-6.577532,39.335526],[-6.577142,39.334722],[-6.576201,39.333401],[-6.575176,39.332386],[-6.574661,39.331647],[-6.573949,39.331073],[-6.573436,39.330332],[-6.571515,39.328899],[-6.570993,39.327931],[-6.570583,39.327573],[-6.570067,39.326834],[-6.56871,39.325542],[-6.568221,39.324634],[-6.567618,39.324203],[-6.566722,39.323785],[-6.565676,39.323414],[-6.564951,39.322694],[-6.56329,39.321512],[-6.562536,39.320739],[-6.561184,39.32],[-6.55998,39.319136],[-6.559225,39.318364],[-6.5583,39.317736],[-6.556117,39.316757],[-6.554733,39.316045],[-6.553744,39.315704],[-6.552361,39.314991],[-6.550781,39.314443],[-6.550042,39.313971],[-6.548546,39.313708],[-6.547497,39.313609],[-6.546749,39.313144],[-6.546102,39.312984],[-6.545778,39.312694],[-6.544688,39.312298],[-6.543687,39.312237],[-6.54309,39.312],[-6.542028,39.311252],[-6.541038,39.310911],[-6.540546,39.310622],[-6.539214,39.310256],[-6.538465,39.309792],[-6.537794,39.309653],[-6.537048,39.309186],[-6.53515,39.309062],[-6.53465,39.308779],[-6.533074,39.308228],[-6.532284,39.30772],[-6.531011,39.307383],[-6.53051,39.307101],[-6.528927,39.306556],[-6.527395,39.305266],[-6.526638,39.304496],[-6.525581,39.303744],[-6.524715,39.302971],[-6.523523,39.302942],[-6.522647,39.302693],[-6.52186,39.302181],[-6.520963,39.301759],[-6.519789,39.301771],[-6.519284,39.301911],[-6.518387,39.301635],[-6.517285,39.301829],[-6.516564,39.302219],[-6.51549,39.302099],[-6.514398,39.302143],[-6.513791,39.302326],[-6.512887,39.30218],[-6.511211,39.302173],[-6.510565,39.30202],[-6.508713,39.302215],[-6.507342,39.301723],[-6.506661,39.301592],[-6.505761,39.301176],[-6.505137,39.300763],[-6.50466,39.300227],[-6.503648,39.299436],[-6.503135,39.298696],[-6.502435,39.298112],[-6.502247,39.297655],[-6.501325,39.29717],[-6.500525,39.297092],[-6.498793,39.296532],[-6.497111,39.296258],[-6.496521,39.29605],[-6.495043,39.295089],[-6.492934,39.294376],[-6.492059,39.293706],[-6.491549,39.292962],[-6.489932,39.291743],[-6.489116,39.290408],[-6.488379,39.290002],[-6.487331,39.289242],[-6.486608,39.288912],[-6.485514,39.288191],[-6.485117,39.288056],[-6.48332,39.286988],[-6.482709,39.286329],[-6.48218,39.285368],[-6.481578,39.284703],[-6.480698,39.284036],[-6.479972,39.283709],[-6.479372,39.283276],[-6.478831,39.282558],[-6.478182,39.282401],[-6.477278,39.281988],[-6.476076,39.281124],[-6.475564,39.280382],[-6.475157,39.280021],[-6.474692,39.279335],[-6.473756,39.278855],[-6.473064,39.278733],[-6.471069,39.278015],[-6.470652,39.278285],[-6.470274,39.278817],[-6.469356,39.279553],[-6.467974,39.279595],[-6.467556,39.279378],[-6.46665,39.27864],[-6.466529,39.277648],[-6.466246,39.276926],[-6.465418,39.274379],[-6.464511,39.273033],[-6.462106,39.271304],[-6.460883,39.270691],[-6.459912,39.27057],[-6.459317,39.270366],[-6.457818,39.269282],[-6.457305,39.268543],[-6.456904,39.268177],[-6.456356,39.266997],[-6.455955,39.266632],[-6.455131,39.26545],[-6.453493,39.264248],[-6.453018,39.263711],[-6.452423,39.263274],[-6.45183,39.263069],[-6.450833,39.263003],[-6.450191,39.262851],[-6.448894,39.262866],[-6.447958,39.263185],[-6.447144,39.263768],[-6.446416,39.263843],[-6.444022,39.263902],[-6.44305,39.263645],[-6.441875,39.26267],[-6.441277,39.262558],[-6.439742,39.261505],[-6.438862,39.260603],[-6.438297,39.259595],[-6.436282,39.25959],[-6.435635,39.259176],[-6.435392,39.258833],[-6.434084,39.257824],[-6.433273,39.256865],[-6.430894,39.255115],[-6.430172,39.254785],[-6.429083,39.254059],[-6.427283,39.253557],[-6.426863,39.253253],[-6.426101,39.252348],[-6.425069,39.25157],[-6.42457,39.251065],[-6.423053,39.25131],[-6.421629,39.251821],[-6.42118,39.252105],[-6.420712,39.25187],[-6.420447,39.251478],[-6.41992,39.250276],[-6.419609,39.249835],[-6.418896,39.249263],[-6.418281,39.248608],[-6.417918,39.24804],[-6.417744,39.24742],[-6.416895,39.246571],[-6.415637,39.246004],[-6.414729,39.2448],[-6.413718,39.244009],[-6.41324,39.243474],[-6.412181,39.242724],[-6.410554,39.241122],[-6.410113,39.241036],[-6.408636,39.241089],[-6.408054,39.241368],[-6.407098,39.242208],[-6.406544,39.242476],[-6.405784,39.242247],[-6.404908,39.241569],[-6.404396,39.240827],[-6.403997,39.24046],[-6.403769,39.239949],[-6.402891,39.239047],[-6.401534,39.238079],[-6.401086,39.237612],[-6.399173,39.236783],[-6.398572,39.23635],[-6.397753,39.235165],[-6.397033,39.234365],[-6.396516,39.233394],[-6.395178,39.232557],[-6.394732,39.231708],[-6.394287,39.231286],[-6.394066,39.230769],[-6.393449,39.229883],[-6.392112,39.228898],[-6.390923,39.227789],[-6.390302,39.226905],[-6.389773,39.225712],[-6.389052,39.224912],[-6.388541,39.224171],[-6.387639,39.223523],[-6.38724,39.223389],[-6.38585,39.222449],[-6.384576,39.221792],[-6.383965,39.22169],[-6.383303,39.221275],[-6.383213,39.220104],[-6.382849,39.219584],[-6.381538,39.218724],[-6.380342,39.218411],[-6.379608,39.217934],[-6.37918,39.217849],[-6.3774,39.217876],[-6.376343,39.217551],[-6.375459,39.217451],[-6.374298,39.216691],[-6.373601,39.216332],[-6.373532,39.215605],[-6.374078,39.214682],[-6.375318,39.213622],[-6.375745,39.213062],[-6.376406,39.212446],[-6.376641,39.211687],[-6.376161,39.21108],[-6.376038,39.210027],[-6.375474,39.209863],[-6.374158,39.210176],[-6.373121,39.21074],[-6.372143,39.210828],[-6.370523,39.210454],[-6.36847,39.21049],[-6.367491,39.210234],[-6.366858,39.209751],[-6.366298,39.209129],[-6.36607,39.208619],[-6.36568,39.208244],[-6.365451,39.207734],[-6.364438,39.206712],[-6.363509,39.205386],[-6.363288,39.204869],[-6.362887,39.204503],[-6.362204,39.203497],[-6.361748,39.202652],[-6.360547,39.201787],[-6.359647,39.201371],[-6.35905,39.201255],[-6.358235,39.200761],[-6.35786,39.20072],[-6.35704,39.20107],[-6.35547,39.201174],[-6.353812,39.200736],[-6.352562,39.199971],[-6.351965,39.199857],[-6.350874,39.199456],[-6.349685,39.198492],[-6.349093,39.198283],[-6.348097,39.198266],[-6.347216,39.198473],[-6.346094,39.198231],[-6.344014,39.197166],[-6.342928,39.196438],[-6.342339,39.19623],[-6.339275,39.195524],[-6.337047,39.193882],[-6.336346,39.193636],[-6.334667,39.193671],[-6.333698,39.193414],[-6.332043,39.192229],[-6.330823,39.191615],[-6.329495,39.191246],[-6.328643,39.190401],[-6.328133,39.189659],[-6.327249,39.188763],[-6.326049,39.187898],[-6.325327,39.187567],[-6.322307,39.185421],[-6.321837,39.184733],[-6.320941,39.184228],[-6.320351,39.18402],[-6.319412,39.183975],[-6.315885,39.184104],[-6.31475,39.184272],[-6.313087,39.183558],[-6.312118,39.183434],[-6.311222,39.183016],[-6.310433,39.182508],[-6.308351,39.181446],[-6.307382,39.181323],[-6.306467,39.18092],[-6.304829,39.179721],[-6.3042,39.179405],[-6.303312,39.178653],[-6.302421,39.17823],[-6.301433,39.177889],[-6.30029,39.177288],[-6.299739,39.176502],[-6.299191,39.175942],[-6.298442,39.175805],[-6.297702,39.176018],[-6.296128,39.17607],[-6.294969,39.175822],[-6.292429,39.17491],[-6.291454,39.174791],[-6.290383,39.174519],[-6.289419,39.174392],[-6.288908,39.174118],[-6.2876,39.173966],[-6.287151,39.173486],[-6.286179,39.172809],[-6.284694,39.172504],[-6.283531,39.172169],[-6.281384,39.17219],[-6.280831,39.172042],[-6.279166,39.172077],[-6.27843,39.172286],[-6.275913,39.172376],[-6.275368,39.172287],[-6.274544,39.171792],[-6.273655,39.171695],[-6.273095,39.171463],[-6.272554,39.170513],[-6.271657,39.169861],[-6.270224,39.169411],[-6.269219,39.169555],[-6.267839,39.168852],[-6.266088,39.168448],[-6.265223,39.16833],[-6.264885,39.168052],[-6.264312,39.167971],[-6.26075,39.168094],[-6.260022,39.168304],[-6.259118,39.1683],[-6.257949,39.167547],[-6.256673,39.167213],[-6.256332,39.166943],[-6.255971,39.166125],[-6.255875,39.164742],[-6.255452,39.163796],[-6.254947,39.163061],[-6.254804,39.161626],[-6.25389,39.161127],[-6.253353,39.161071],[-6.252187,39.161237],[-6.251535,39.160771],[-6.250089,39.160107],[-6.249123,39.159847],[-6.247659,39.15987],[-6.246907,39.159765],[-6.246507,39.159984],[-6.246307,39.160491],[-6.245656,39.160893],[-6.244014,39.162312],[-6.243837,39.162836],[-6.242768,39.164018],[-6.240953,39.165529],[-6.240431,39.166102],[-6.238137,39.16675],[-6.237681,39.167507],[-6.237081,39.168087],[-6.236971,39.168427],[-6.237025,39.169945],[-6.236694,39.170705],[-6.235722,39.171392],[-6.235042,39.172117],[-6.234656,39.172354],[-6.233517,39.172752],[-6.233091,39.17324],[-6.232197,39.173752],[-6.230669,39.174384],[-6.230122,39.174857],[-6.229978,39.175324],[-6.228992,39.1763],[-6.228961,39.17706],[-6.229044,39.1786],[-6.228966,39.179241],[-6.228603,39.179635],[-6.228567,39.180241],[-6.229494,39.182587],[-6.229585,39.183757],[-6.229935,39.184199],[-6.230844,39.18484],[-6.231584,39.185244],[-6.231971,39.186045],[-6.231932,39.186818],[-6.231558,39.187426],[-6.231532,39.188432],[-6.231991,39.189342],[-6.23259,39.189827],[-6.231637,39.189851],[-6.230844,39.190163],[-6.230727,39.190918],[-6.230417,39.191816],[-6.229984,39.192635],[-6.230056,39.19334],[-6.230364,39.193644],[-6.23161,39.194381],[-6.23201,39.194842],[-6.23225,39.195811],[-6.232647,39.196188],[-6.232772,39.196873],[-6.232658,39.197201],[-6.231278,39.198092],[-6.230618,39.198267],[-6.22975,39.198949],[-6.229346,39.199442],[-6.228882,39.199489],[-6.228344,39.198986],[-6.227548,39.19857],[-6.22635,39.198257],[-6.225103,39.197487],[-6.224753,39.19747],[-6.223441,39.197761],[-6.222528,39.198365],[-6.221042,39.198654],[-6.220317,39.198495],[-6.219068,39.198508],[-6.217898,39.198919],[-6.216841,39.198642],[-6.215641,39.198433],[-6.214397,39.198654],[-6.213823,39.198926],[-6.213018,39.199648],[-6.212583,39.20042],[-6.212021,39.200884],[-6.211372,39.201215],[-6.211051,39.201567],[-6.211215,39.202485],[-6.210253,39.202943],[-6.210013,39.20335],[-6.210461,39.204117],[-6.210102,39.205197],[-6.210871,39.206376],[-6.211078,39.207194],[-6.211973,39.207529],[-6.212311,39.207868],[-6.211981,39.208235],[-6.211897,39.20887],[-6.211938,39.210959],[-6.211661,39.211279],[-6.210631,39.211984],[-6.209895,39.213003],[-6.210588,39.213902],[-6.210991,39.215219],[-6.210877,39.215764],[-6.211162,39.216222],[-6.212217,39.217069],[-6.212228,39.217988],[-6.21144,39.218882],[-6.210996,39.219232],[-6.211117,39.219583],[-6.210649,39.220256],[-6.209663,39.220706],[-6.208905,39.221462],[-6.208285,39.22181],[-6.207816,39.222413],[-6.206666,39.22332],[-6.20576,39.223678],[-6.20518,39.224418],[-6.204745,39.225408],[-6.203944,39.22635],[-6.202809,39.227267],[-6.202094,39.227547],[-6.200399,39.227696],[-6.199083,39.228265],[-6.196432,39.228954],[-6.195601,39.230092],[-6.19546,39.230561],[-6.195071,39.230882],[-6.19272,39.231006],[-6.192472,39.231087],[-6.191914,39.231858],[-6.191573,39.232031],[-6.190822,39.232792],[-6.190231,39.232943],[-6.189679,39.233269],[-6.188508,39.233435],[-6.187459,39.233899],[-6.185701,39.235189],[-6.184416,39.235476],[-6.183902,39.235412],[-6.182768,39.234468],[-6.181372,39.233625],[-6.180975,39.23349],[-6.179887,39.232764],[-6.178031,39.231926],[-6.177081,39.232292],[-6.176397,39.232277],[-6.175985,39.231964],[-6.173662,39.231889],[-6.172609,39.231551],[-6.171313,39.231589],[-6.171012,39.231787],[-6.170922,39.23228],[-6.170332,39.232668],[-6.169733,39.232697],[-6.168783,39.232325],[-6.167904,39.232416],[-6.16742,39.23273],[-6.16661,39.232962],[-6.165974,39.232703],[-6.165184,39.232682],[-6.164752,39.232827],[-6.164348,39.232546],[-6.16417,39.231641],[-6.16301,39.230973],[-6.162612,39.230838],[-6.161226,39.229894],[-6.160235,39.229554],[-6.159346,39.228891],[-6.159162,39.228431],[-6.15881,39.228174],[-6.158151,39.228247],[-6.15676,39.227871],[-6.156304,39.227615],[-6.156013,39.227151],[-6.15609,39.226599],[-6.154567,39.225321],[-6.152163,39.225008],[-6.150155,39.223867],[-6.148687,39.223784],[-6.148349,39.223512],[-6.147826,39.222558],[-6.147175,39.222245],[-6.146086,39.22152],[-6.145189,39.221101],[-6.143432,39.220787],[-6.142728,39.22012],[-6.142115,39.219232],[-6.141896,39.218481],[-6.141591,39.218036],[-6.139819,39.216713],[-6.139221,39.216476],[-6.138165,39.216381],[-6.137669,39.216018],[-6.137366,39.215182],[-6.136555,39.214737],[-6.134941,39.214792],[-6.134327,39.214977],[-6.133849,39.214916],[-6.133429,39.214478],[-6.132804,39.215135],[-6.132212,39.215456],[-6.131219,39.215533],[-6.130069,39.215278],[-6.129288,39.214987],[-6.128395,39.214948],[-6.126437,39.215831],[-6.124491,39.215956],[-6.124035,39.215877],[-6.123695,39.215459],[-6.123338,39.214645],[-6.12324,39.214008],[-6.122677,39.213741],[-6.120699,39.213794],[-6.119882,39.2139],[-6.119043,39.214285],[-6.117367,39.214346],[-6.116454,39.214677],[-6.115959,39.215406],[-6.115327,39.2156],[-6.114475,39.216288],[-6.113941,39.217207],[-6.113533,39.218353],[-6.112286,39.219053],[-6.111423,39.219734],[-6.11065,39.220544],[-6.108386,39.220617],[-6.107232,39.21983],[-6.106821,39.219694],[-6.106642,39.220172],[-6.106165,39.220598],[-6.105636,39.220641],[-6.10497,39.220959],[-6.102253,39.221046],[-6.100786,39.220931],[-6.099295,39.221549],[-6.098054,39.221814],[-6.097065,39.221933],[-6.096494,39.222172],[-6.095234,39.223216],[-6.094843,39.223452],[-6.093568,39.223543],[-6.091481,39.224026],[-6.09039,39.224044],[-6.088824,39.223611],[-6.087282,39.222619],[-6.086211,39.222387],[-6.085229,39.222474],[-6.084756,39.22279],[-6.083625,39.22328],[-6.08126,39.223013],[-6.080328,39.22371],[-6.079651,39.224526],[-6.078679,39.225127],[-6.07782,39.22581],[-6.077363,39.226349],[-6.076454,39.226472],[-6.072153,39.226586],[-6.071235,39.22651],[-6.070115,39.225578],[-6.06915,39.225216],[-6.068213,39.224359],[-6.067908,39.223915],[-6.067965,39.223174],[-6.067683,39.222714],[-6.066969,39.222137],[-6.066375,39.221465],[-6.066118,39.220979],[-6.064388,39.220878],[-6.06285,39.219892],[-6.060908,39.21946],[-6.060559,39.219495],[-6.059764,39.22009],[-6.056826,39.222531],[-6.056099,39.223222],[-6.055039,39.224499],[-6.054181,39.225183],[-6.053433,39.225467],[-6.051752,39.225552],[-6.051429,39.225651],[-6.0508,39.226356],[-6.049236,39.227253],[-6.048836,39.227974],[-6.048202,39.228287],[-6.047035,39.227539],[-6.046078,39.227168],[-6.045828,39.226676],[-6.045142,39.226082],[-6.044918,39.225569],[-6.043316,39.224338],[-6.042639,39.223323],[-6.042536,39.221105],[-6.042766,39.220439],[-6.042552,39.21953],[-6.040873,39.21924],[-6.039911,39.218695],[-6.039314,39.218579],[-6.037548,39.217399],[-6.037935,39.215834],[-6.037892,39.215143],[-6.037472,39.214886],[-6.036276,39.215426],[-6.035256,39.216213],[-6.03355,39.217151],[-6.032964,39.217297],[-6.031786,39.218133],[-6.031437,39.218169],[-6.030383,39.217945],[-6.029538,39.217391],[-6.027287,39.215768],[-6.026983,39.215461],[-6.026488,39.214102],[-6.025792,39.213417],[-6.025088,39.213419],[-6.024338,39.213625],[-6.023458,39.213686],[-6.022395,39.213916],[-6.019736,39.213983],[-6.018751,39.213811],[-6.018047,39.213845],[-6.017451,39.214294],[-6.017517,39.214854],[-6.017276,39.215328],[-6.016554,39.215752],[-6.01615,39.216477],[-6.015519,39.217195],[-6.014921,39.217626],[-6.014529,39.218348],[-6.012981,39.219619],[-6.011659,39.221142],[-6.009977,39.221706],[-6.009584,39.222032],[-6.009096,39.222886],[-6.009179,39.223445],[-6.009074,39.224029],[-6.009272,39.224776],[-6.008727,39.225238],[-6.007761,39.225628],[-6.006899,39.226309],[-6.006383,39.226893],[-6.005234,39.227495],[-6.004276,39.228469],[-6.00326,39.228894],[-6.002738,39.229318],[-6.002659,39.230137],[-6.003056,39.230789],[-6.003732,39.231326],[-6.003823,39.231826],[-6.003377,39.232329],[-6.003083,39.232938],[-6.003052,39.233503],[-6.002487,39.235523],[-6.002129,39.235916],[-6.001817,39.23672],[-6.001755,39.23723],[-6.001401,39.237857],[-6.001069,39.238066],[-6.00014,39.23832],[-5.999481,39.239439],[-5.998398,39.240104],[-5.997085,39.240393],[-5.996563,39.241241],[-5.996396,39.241777],[-5.995965,39.242249],[-5.994858,39.242175],[-5.993823,39.242732],[-5.992867,39.243127],[-5.992,39.243804],[-5.991708,39.244186],[-5.99164,39.244692],[-5.991348,39.245074],[-5.990479,39.245749],[-5.989787,39.246117],[-5.987825,39.247742],[-5.987547,39.248057],[-5.987141,39.248988],[-5.986043,39.250369],[-5.984854,39.251175],[-5.984104,39.252446],[-5.983265,39.253146],[-5.982415,39.253604],[-5.981646,39.253508],[-5.98086,39.253567],[-5.980619,39.253756],[-5.980412,39.254555],[-5.979652,39.255659],[-5.979243,39.255972],[-5.978366,39.256118],[-5.977603,39.256435],[-5.97665,39.256614],[-5.975321,39.257391],[-5.974609,39.257599],[-5.973959,39.258071],[-5.972898,39.258316],[-5.971924,39.25906],[-5.970915,39.259489],[-5.970516,39.260216],[-5.969264,39.261121],[-5.968441,39.262058],[-5.967815,39.263837],[-5.967484,39.264187],[-5.966533,39.26473],[-5.964852,39.266123],[-5.963837,39.267425],[-5.963527,39.267623],[-5.96258,39.267508],[-5.961832,39.26776],[-5.961276,39.268106],[-5.960521,39.268238],[-5.960684,39.268858],[-5.960203,39.269494],[-5.959034,39.270345],[-5.959106,39.271027],[-5.958107,39.271868],[-5.958143,39.272405],[-5.96041,39.273992],[-5.960522,39.274644],[-5.960439,39.275114],[-5.959893,39.275815],[-5.959378,39.27624],[-5.95802,39.276487],[-5.957326,39.277001],[-5.956751,39.277238],[-5.955866,39.277381],[-5.955528,39.277655],[-5.955651,39.278394],[-5.955345,39.278898],[-5.953665,39.279568],[-5.952414,39.279966],[-5.951868,39.280441],[-5.951726,39.28091],[-5.950858,39.281451],[-5.94997,39.281543],[-5.947934,39.281584],[-5.94722,39.281711],[-5.946511,39.282437],[-5.94603,39.282511],[-5.944807,39.282137],[-5.942395,39.282179],[-5.940595,39.281986],[-5.940071,39.281764],[-5.939434,39.28105],[-5.939162,39.280267],[-5.937599,39.27908],[-5.937295,39.278633],[-5.937135,39.277624],[-5.93667,39.277432],[-5.935531,39.27792],[-5.934499,39.278484],[-5.933457,39.278386],[-5.932748,39.278434],[-5.932512,39.27867],[-5.930946,39.27895],[-5.930084,39.279258],[-5.929218,39.278917],[-5.928018,39.278953],[-5.927275,39.279325],[-5.926622,39.279505],[-5.926136,39.279806],[-5.925131,39.280019],[-5.924026,39.280976],[-5.923979,39.281542],[-5.924121,39.28234],[-5.925132,39.283368],[-5.925641,39.284715],[-5.926378,39.28536],[-5.927384,39.286737],[-5.927531,39.287663],[-5.92833,39.288829],[-5.928328,39.289377],[-5.928046,39.289699],[-5.92691,39.290623],[-5.926301,39.290967],[-5.925937,39.291447],[-5.925917,39.292064],[-5.926178,39.292635],[-5.926024,39.293729],[-5.926311,39.294021],[-5.928581,39.29564],[-5.928888,39.295945],[-5.928956,39.296653],[-5.928799,39.297563],[-5.928251,39.297701],[-5.927645,39.298223],[-5.927672,39.30004],[-5.927827,39.300776],[-5.927226,39.301556],[-5.927361,39.302312],[-5.92792,39.302465],[-5.929072,39.303609],[-5.929652,39.303739],[-5.929992,39.30401],[-5.930765,39.304132],[-5.931057,39.304611],[-5.931089,39.305754],[-5.930991,39.306027],[-5.930452,39.30629],[-5.928938,39.306715],[-5.928164,39.307242],[-5.927176,39.307362],[-5.926441,39.307558],[-5.925125,39.30772],[-5.924349,39.308255],[-5.923762,39.3084],[-5.922922,39.309097],[-5.922775,39.309563],[-5.922095,39.31024],[-5.921375,39.311461],[-5.921008,39.311849],[-5.920671,39.313751],[-5.920391,39.314802],[-5.920112,39.315123],[-5.91867,39.316255],[-5.918081,39.316398],[-5.917679,39.316711],[-5.917275,39.317421],[-5.916666,39.317999],[-5.916487,39.318745],[-5.916059,39.319019],[-5.915754,39.318767],[-5.915265,39.317846],[-5.914865,39.317478],[-5.914234,39.316371],[-5.914047,39.315305],[-5.913748,39.315116],[-5.912302,39.314884],[-5.911812,39.314655],[-5.910376,39.313658],[-5.909321,39.313432],[-5.908584,39.313703],[-5.907186,39.314873],[-5.906099,39.316045],[-5.905561,39.316962],[-5.905421,39.317433],[-5.903982,39.318867],[-5.90343,39.31912],[-5.902498,39.319313],[-5.902031,39.319846],[-5.90107,39.320674],[-5.900139,39.32225],[-5.898879,39.323311],[-5.897251,39.324016],[-5.896651,39.324049],[-5.895129,39.322812],[-5.894421,39.322467],[-5.894103,39.322075],[-5.893907,39.321264],[-5.893101,39.320458],[-5.892089,39.319895],[-5.89197,39.319641],[-5.892052,39.318812],[-5.891465,39.318406],[-5.890624,39.318008],[-5.889494,39.317756],[-5.888758,39.318025],[-5.887229,39.319319],[-5.886069,39.320002],[-5.885137,39.320413],[-5.884133,39.321646],[-5.883418,39.322218],[-5.883104,39.322682],[-5.882954,39.323581],[-5.883319,39.324047],[-5.88334,39.324823],[-5.883,39.325404],[-5.883106,39.326276],[-5.882747,39.327575],[-5.882738,39.32888],[-5.882054,39.330173],[-5.882251,39.331071],[-5.882077,39.331608],[-5.882295,39.332296],[-5.881796,39.332986],[-5.880609,39.333058],[-5.879065,39.333362],[-5.878489,39.333904],[-5.877129,39.334237],[-5.876218,39.334086],[-5.875026,39.334043],[-5.874681,39.333847],[-5.874032,39.332901],[-5.873824,39.332433],[-5.872877,39.33277],[-5.871702,39.332885],[-5.870826,39.333421],[-5.870424,39.334356],[-5.869453,39.335176],[-5.869155,39.335554],[-5.868693,39.337496],[-5.868888,39.338024],[-5.868408,39.339434],[-5.868448,39.340862],[-5.867997,39.342087],[-5.868252,39.343128],[-5.867923,39.344319],[-5.867278,39.345161],[-5.866785,39.346499],[-5.866668,39.347608],[-5.865971,39.348579],[-5.865939,39.349187],[-5.866135,39.349718],[-5.865726,39.351266],[-5.865693,39.351829],[-5.865373,39.352721],[-5.86447,39.354465],[-5.864159,39.355591],[-5.864147,39.356281],[-5.863827,39.35727],[-5.863387,39.35775],[-5.862757,39.357855],[-5.862513,39.358087],[-5.862154,39.359107],[-5.861447,39.359829],[-5.861068,39.360413],[-5.860731,39.360623],[-5.860123,39.361388],[-5.860815,39.361983],[-5.861125,39.362429],[-5.861304,39.363043],[-5.861759,39.363389],[-5.862128,39.364113],[-5.862194,39.365121],[-5.861754,39.365801],[-5.861662,39.366491],[-5.861348,39.367395],[-5.860908,39.36754],[-5.859899,39.367365],[-5.857536,39.367411],[-5.856983,39.367554],[-5.856226,39.367554],[-5.854964,39.3685],[-5.854009,39.368599],[-5.853271,39.368427],[-5.850512,39.368496],[-5.849814,39.368688],[-5.848191,39.368512],[-5.847138,39.36827],[-5.845689,39.367288],[-5.844877,39.367034],[-5.840503,39.367137],[-5.839965,39.367419],[-5.840101,39.368012],[-5.840793,39.368781],[-5.840675,39.369586],[-5.840302,39.371129],[-5.839719,39.372087],[-5.838784,39.372642],[-5.837653,39.373565],[-5.837376,39.373885],[-5.837251,39.375237],[-5.835853,39.375965],[-5.83492,39.376159],[-5.834619,39.376464],[-5.833755,39.376842],[-5.833083,39.377336],[-5.831537,39.377315],[-5.830349,39.378154],[-5.829384,39.378229],[-5.825346,39.378314],[-5.824608,39.378382],[-5.823654,39.379168],[-5.823653,39.380685],[-5.823781,39.381208],[-5.824263,39.381788],[-5.824357,39.383449],[-5.824247,39.383883],[-5.823587,39.384363],[-5.82344,39.385042],[-5.823085,39.385438],[-5.822636,39.386421],[-5.822266,39.386806],[-5.821573,39.388704],[-5.821003,39.389599],[-5.82066,39.389692],[-5.818875,39.389718],[-5.81761,39.389567],[-5.816671,39.389851],[-5.816357,39.390215],[-5.815261,39.390873],[-5.814599,39.391046],[-5.813163,39.392182],[-5.812732,39.392742],[-5.811793,39.393586],[-5.810977,39.394608],[-5.809838,39.395437],[-5.809154,39.396176],[-5.80811,39.396328],[-5.80642,39.397096],[-5.805725,39.397614],[-5.805182,39.397734],[-5.804205,39.397711],[-5.803223,39.397027],[-5.802978,39.396687],[-5.801318,39.395685],[-5.800168,39.395849],[-5.799534,39.396041],[-5.797954,39.396254],[-5.797375,39.39605],[-5.796157,39.39519],[-5.795057,39.394006],[-5.793488,39.393435],[-5.792907,39.392937],[-5.79326,39.392315],[-5.793696,39.391094],[-5.794511,39.389722],[-5.795772,39.38867],[-5.796069,39.388086],[-5.795803,39.387449],[-5.795631,39.386096],[-5.794661,39.385114],[-5.794526,39.384795],[-5.794457,39.383701],[-5.79412,39.382714],[-5.793553,39.382459],[-5.79218,39.38251],[-5.791592,39.382786],[-5.790503,39.38374],[-5.790329,39.38405],[-5.789412,39.384774],[-5.788452,39.385043],[-5.786876,39.3851],[-5.785688,39.384863],[-5.784392,39.383977],[-5.783833,39.383466],[-5.783074,39.383993],[-5.78128,39.384658],[-5.780144,39.386014],[-5.779736,39.386945],[-5.778733,39.387607],[-5.777092,39.389118],[-5.776332,39.389569],[-5.77548,39.389865],[-5.774591,39.389916],[-5.773339,39.390226],[-5.772719,39.390502],[-5.772318,39.39101],[-5.77026,39.392436],[-5.768794,39.39259],[-5.767189,39.393386],[-5.766221,39.393553],[-5.765111,39.394055],[-5.764821,39.394586],[-5.76406,39.395035],[-5.762932,39.395339],[-5.76189,39.395492],[-5.760903,39.396228],[-5.760232,39.396475],[-5.760057,39.396921],[-5.759419,39.397768],[-5.759313,39.398914],[-5.759036,39.399237],[-5.758075,39.399941],[-5.75737,39.399976],[-5.755834,39.399603],[-5.755317,39.399563],[-5.754175,39.399196],[-5.753396,39.399266],[-5.752909,39.399578],[-5.751742,39.399638],[-5.750056,39.39871],[-5.748745,39.399151],[-5.747883,39.399619],[-5.747138,39.400168],[-5.74618,39.400561],[-5.745714,39.400876],[-5.744185,39.401509],[-5.743708,39.401816],[-5.743045,39.401989],[-5.741749,39.403231],[-5.741175,39.403467],[-5.739695,39.403395],[-5.739139,39.403723],[-5.737976,39.404101],[-5.737428,39.404446],[-5.735926,39.404727],[-5.735024,39.404596],[-5.733354,39.404573],[-5.732941,39.404356],[-5.729947,39.40217],[-5.729646,39.401835],[-5.730104,39.400583],[-5.73004,39.399877],[-5.729105,39.399157],[-5.728213,39.398731],[-5.727227,39.398383],[-5.726491,39.397905],[-5.724994,39.397632],[-5.723941,39.397529],[-5.723201,39.396824],[-5.7219,39.395806],[-5.721455,39.395167],[-5.720508,39.394631],[-5.71952,39.394284],[-5.719019,39.394001],[-5.718421,39.393883],[-5.717306,39.392933],[-5.716979,39.392851],[-5.715673,39.392885],[-5.714526,39.39314],[-5.713202,39.393529],[-5.712323,39.39368],[-5.711682,39.39423],[-5.710836,39.394021],[-5.710569,39.392837],[-5.709989,39.392153],[-5.708492,39.391065],[-5.707447,39.390532],[-5.705518,39.389103],[-5.705104,39.388888],[-5.704213,39.388783],[-5.703209,39.388331],[-5.702157,39.388438],[-5.701142,39.387909],[-5.700593,39.387815],[-5.699711,39.38787],[-5.699094,39.388055],[-5.698338,39.387827],[-5.69778,39.387352],[-5.697599,39.386888],[-5.697193,39.386589],[-5.696134,39.386774],[-5.695147,39.386742],[-5.694639,39.386459],[-5.693374,39.386385],[-5.691439,39.386086],[-5.690672,39.386126],[-5.690384,39.385631],[-5.690586,39.385137],[-5.690536,39.384132],[-5.690175,39.383792],[-5.6884,39.382868],[-5.687376,39.382133],[-5.687283,39.381568],[-5.687305,39.380373],[-5.687706,39.380055],[-5.68856,39.379891],[-5.68914,39.379003],[-5.68957,39.377786],[-5.690421,39.377397],[-5.690935,39.376889],[-5.692245,39.376681],[-5.692796,39.376428],[-5.693484,39.375049],[-5.69425,39.374392],[-5.694268,39.373385],[-5.694509,39.372246],[-5.6948,39.371414],[-5.695404,39.370898],[-5.696078,39.370653],[-5.696541,39.36976],[-5.697913,39.369276],[-5.698923,39.369458],[-5.699888,39.369793],[-5.70067,39.369728],[-5.701147,39.369415],[-5.702644,39.368757],[-5.70321,39.367859],[-5.703617,39.366932],[-5.704024,39.366486],[-5.704209,39.365965],[-5.704861,39.365348],[-5.70531,39.364583],[-5.706248,39.363518],[-5.706524,39.36306],[-5.706551,39.362054],[-5.705837,39.360515],[-5.705125,39.359708],[-5.704935,39.358419],[-5.704804,39.358167],[-5.704606,39.356793],[-5.704323,39.356054],[-5.704522,39.35525],[-5.704317,39.354569],[-5.704751,39.353204],[-5.704735,39.351822],[-5.705067,39.350848],[-5.705614,39.349717],[-5.705987,39.349334],[-5.706323,39.348667],[-5.706256,39.346035],[-5.706099,39.345439],[-5.704282,39.345312],[-5.703773,39.345035],[-5.703103,39.344891],[-5.701611,39.343799],[-5.701388,39.343286],[-5.700945,39.342862],[-5.700607,39.342259],[-5.700454,39.34127],[-5.699745,39.340462],[-5.699331,39.339367],[-5.699288,39.338438],[-5.699516,39.337789],[-5.699496,39.336702],[-5.698877,39.335243],[-5.698959,39.334266],[-5.698013,39.333298],[-5.69788,39.332415],[-5.698077,39.331511],[-5.697428,39.3303],[-5.696444,39.329623],[-5.695533,39.329619],[-5.694831,39.329814],[-5.69321,39.329636],[-5.691597,39.329253],[-5.690687,39.329304],[-5.689729,39.330098],[-5.68971,39.330862],[-5.689964,39.331581],[-5.689061,39.331403],[-5.688059,39.331366],[-5.686466,39.331817],[-5.685193,39.331936],[-5.684616,39.33217],[-5.684018,39.332767],[-5.683897,39.333393],[-5.683532,39.333783],[-5.682543,39.335465],[-5.681983,39.33593],[-5.681406,39.336164],[-5.680436,39.336329],[-5.679011,39.337036],[-5.677862,39.337945],[-5.676496,39.33957],[-5.676227,39.34003],[-5.676139,39.340807],[-5.675829,39.341269],[-5.674139,39.342664],[-5.673761,39.342885],[-5.672349,39.342756],[-5.671932,39.342861],[-5.670304,39.343877],[-5.668058,39.343967],[-5.666894,39.343624],[-5.665902,39.343547],[-5.665164,39.34338],[-5.663863,39.343408],[-5.662744,39.343724],[-5.662264,39.344029],[-5.660443,39.344228],[-5.65996,39.34453],[-5.658078,39.344763],[-5.657302,39.345261],[-5.656544,39.345015],[-5.655448,39.344946],[-5.653774,39.344956],[-5.653132,39.344799],[-5.651732,39.344771],[-5.65098,39.3446],[-5.650244,39.344777],[-5.649848,39.34544],[-5.648906,39.346283],[-5.648204,39.347738],[-5.647637,39.348199],[-5.64694,39.348563],[-5.646121,39.349276],[-5.644736,39.350888],[-5.644212,39.352473],[-5.644062,39.353458],[-5.643668,39.354641],[-5.643599,39.355148],[-5.643284,39.355732],[-5.642641,39.356444],[-5.641871,39.356887],[-5.640941,39.356986],[-5.637021,39.357065],[-5.636141,39.357122],[-5.635205,39.35747],[-5.634639,39.356729],[-5.63372,39.356088],[-5.632733,39.35574],[-5.632243,39.355446],[-5.631066,39.355015],[-5.630468,39.355013],[-5.629539,39.355425],[-5.628064,39.355486],[-5.627212,39.355788],[-5.626544,39.356288],[-5.625283,39.355376],[-5.62382,39.354959],[-5.623411,39.35497],[-5.622091,39.35553],[-5.620839,39.355927],[-5.619692,39.356837],[-5.619008,39.35765],[-5.618423,39.358097],[-5.616709,39.358636],[-5.615027,39.358717],[-5.61402,39.35903],[-5.613166,39.360156],[-5.61272,39.361142],[-5.612351,39.361528],[-5.611674,39.362696],[-5.610782,39.363224],[-5.609615,39.363333],[-5.608772,39.363541],[-5.606992,39.363607],[-5.606312,39.363889],[-5.605319,39.364694],[-5.603783,39.36532],[-5.602468,39.366326],[-5.601803,39.366496],[-5.601232,39.366953],[-5.600804,39.367516],[-5.599935,39.368192],[-5.598709,39.368914],[-5.597916,39.369033],[-5.59726,39.369516],[-5.596544,39.370743],[-5.596176,39.37113],[-5.595992,39.371651],[-5.595446,39.372346],[-5.594352,39.373515],[-5.593361,39.374321],[-5.592839,39.374902],[-5.59092,39.375948],[-5.590401,39.376531],[-5.589447,39.377233],[-5.588845,39.377317],[-5.587241,39.377762],[-5.58655,39.377868],[-5.584902,39.37833],[-5.583674,39.379264],[-5.582987,39.380075],[-5.581839,39.380985],[-5.57916,39.381868],[-5.578675,39.382169],[-5.578016,39.382343],[-5.576684,39.383118],[-5.575149,39.383526],[-5.574003,39.384006],[-5.573232,39.384542],[-5.572834,39.384366],[-5.570285,39.382505],[-5.568498,39.381882],[-5.567242,39.38207],[-5.565648,39.382519],[-5.565134,39.382583],[-5.56413,39.382971],[-5.563754,39.382927],[-5.56294,39.382428],[-5.562011,39.382116],[-5.560361,39.380922],[-5.55891,39.380449],[-5.556768,39.380479],[-5.555497,39.380291],[-5.554301,39.380268],[-5.553666,39.380143],[-5.553302,39.380351],[-5.552826,39.381394],[-5.551912,39.382914],[-5.551737,39.383443],[-5.550959,39.384333],[-5.549356,39.385201],[-5.548073,39.386232],[-5.546917,39.386616],[-5.54551,39.387638],[-5.544548,39.388028],[-5.542985,39.389299],[-5.542553,39.38948],[-5.541806,39.389161],[-5.540709,39.389191],[-5.539669,39.389487],[-5.538743,39.389854],[-5.53707,39.38999],[-5.536218,39.390242],[-5.535672,39.390586],[-5.534576,39.390927],[-5.53339,39.391758],[-5.532358,39.392025],[-5.531603,39.391943],[-5.530859,39.392079],[-5.52872,39.39215],[-5.528089,39.392337],[-5.525854,39.392419],[-5.52365,39.392902],[-5.52256,39.392911],[-5.521911,39.39275],[-5.520134,39.392756],[-5.518035,39.392377],[-5.516835,39.39231],[-5.516037,39.392037],[-5.515213,39.392572],[-5.512921,39.393536],[-5.512311,39.393566],[-5.511161,39.392805],[-5.51057,39.392594],[-5.508709,39.392268],[-5.50753,39.391845],[-5.506937,39.391405],[-5.506468,39.390862],[-5.505156,39.390085],[-5.504951,39.389643],[-5.504242,39.388992],[-5.504367,39.388199],[-5.504127,39.38765],[-5.504036,39.385899],[-5.503663,39.385287],[-5.502623,39.384518],[-5.502263,39.383949],[-5.501915,39.382966],[-5.50193,39.38226],[-5.502627,39.381586],[-5.503181,39.380896],[-5.503278,39.379601],[-5.503391,39.37934],[-5.503158,39.378479],[-5.502465,39.377467],[-5.501898,39.377235],[-5.500288,39.377001],[-5.499179,39.377298],[-5.497905,39.377734],[-5.49602,39.37849],[-5.494857,39.379032],[-5.49354,39.378722],[-5.492651,39.378707],[-5.490817,39.378313],[-5.489428,39.378379],[-5.48902,39.378694],[-5.48862,39.379409],[-5.487759,39.380004],[-5.487234,39.380583],[-5.486006,39.381517],[-5.484258,39.381905],[-5.482932,39.382684],[-5.481217,39.383397],[-5.480051,39.383506],[-5.478801,39.383822],[-5.477967,39.384134],[-5.476871,39.383636],[-5.475693,39.383209],[-5.475013,39.383071],[-5.474516,39.382784],[-5.472941,39.382223],[-5.471595,39.381243],[-5.470783,39.380987],[-5.466795,39.381091],[-5.466162,39.381277],[-5.464977,39.381343],[-5.463621,39.381607],[-5.462482,39.381914],[-5.461732,39.382225],[-5.460976,39.382223],[-5.460573,39.382474],[-5.459327,39.382791],[-5.45819,39.382921],[-5.457614,39.383814],[-5.457322,39.384864],[-5.45727,39.385501],[-5.457029,39.385753],[-5.45547,39.386031],[-5.454662,39.385859],[-5.452837,39.385921],[-5.452217,39.386299],[-5.451474,39.386555],[-5.449487,39.386173],[-5.447846,39.38606],[-5.446681,39.38652],[-5.445247,39.387661],[-5.444282,39.388838],[-5.443302,39.389521],[-5.442751,39.390213],[-5.442413,39.3911],[-5.442423,39.391584],[-5.442681,39.392149],[-5.442765,39.393605],[-5.442419,39.394573],[-5.442057,39.394965],[-5.441871,39.395486],[-5.440669,39.396439],[-5.43949,39.396806],[-5.438619,39.397567],[-5.438556,39.3988],[-5.437554,39.399331],[-5.435982,39.400587],[-5.435287,39.400953],[-5.433843,39.401954],[-5.433431,39.402441],[-5.43244,39.403248],[-5.432028,39.403737],[-5.430776,39.40427],[-5.431529,39.405434],[-5.43201,39.406727],[-5.4324,39.407102],[-5.432615,39.40762],[-5.433225,39.40851],[-5.433935,39.409088],[-5.434524,39.410175],[-5.432852,39.411445],[-5.432465,39.4116],[-5.429714,39.413087],[-5.428408,39.413515],[-5.427448,39.414493],[-5.426872,39.414732],[-5.425876,39.414804],[-5.424255,39.414415],[-5.423116,39.414223],[-5.422219,39.414414],[-5.420954,39.414543],[-5.42009,39.415005],[-5.419244,39.415699],[-5.418255,39.417385],[-5.417608,39.417868],[-5.416429,39.418236],[-5.415382,39.419005],[-5.414807,39.419166],[-5.4147,39.419863],[-5.415912,39.420987],[-5.416986,39.421889],[-5.417317,39.422611],[-5.417423,39.423729],[-5.418675,39.425048],[-5.421815,39.427339],[-5.423514,39.429883],[-5.425426,39.43179],[-5.42603,39.432454],[-5.426534,39.433198],[-5.427257,39.433625],[-5.428133,39.434435],[-5.429046,39.43554],[-5.429516,39.436839],[-5.430039,39.437674],[-5.430361,39.438578],[-5.430545,39.439868],[-5.431454,39.440977],[-5.431852,39.441346],[-5.432557,39.44263],[-5.432557,39.443593],[-5.431836,39.444252],[-5.429287,39.446328],[-5.428518,39.447226],[-5.428383,39.448043],[-5.428071,39.448506],[-5.42691,39.449407],[-5.426522,39.44956],[-5.425212,39.450572],[-5.424636,39.450807],[-5.423666,39.450971],[-5.42252,39.451445],[-5.421687,39.452018],[-5.419912,39.452118],[-5.419584,39.452213],[-5.418606,39.452957],[-5.418219,39.453111],[-5.416897,39.454114],[-5.416233,39.454284],[-5.415635,39.454726],[-5.415103,39.4553],[-5.414601,39.455319],[-5.413932,39.454798],[-5.412889,39.455553],[-5.411924,39.455943],[-5.41033,39.457185],[-5.409057,39.457785],[-5.406386,39.45999],[-5.405985,39.460222],[-5.405188,39.460339],[-5.40477,39.460648],[-5.404302,39.461705],[-5.404773,39.462987],[-5.404838,39.464207],[-5.40471,39.464758],[-5.404899,39.465417],[-5.404866,39.466244],[-5.404584,39.466562],[-5.40313,39.467691],[-5.401794,39.468194],[-5.401271,39.468126],[-5.400519,39.468315],[-5.399126,39.469354],[-5.398162,39.469742],[-5.396286,39.471215],[-5.393986,39.47217],[-5.393018,39.472368],[-5.392525,39.471662],[-5.391847,39.4712],[-5.390723,39.470909],[-5.390149,39.470592],[-5.389477,39.470447],[-5.388286,39.4698],[-5.38712,39.469044],[-5.385835,39.469014],[-5.384181,39.468759],[-5.3834,39.468471],[-5.381696,39.468025],[-5.380506,39.468434],[-5.379904,39.46852],[-5.379115,39.469053],[-5.377805,39.469267],[-5.376972,39.469603],[-5.375766,39.469079],[-5.374441,39.469858],[-5.372161,39.471035],[-5.369858,39.47158],[-5.368672,39.471675],[-5.367481,39.472502],[-5.366839,39.4723],[-5.365798,39.471288],[-5.364905,39.470628],[-5.36369,39.469996],[-5.362904,39.469968],[-5.362364,39.470145],[-5.361061,39.470201],[-5.360363,39.469945],[-5.359609,39.469403],[-5.35833,39.46906],[-5.357309,39.468584],[-5.356586,39.46849],[-5.354427,39.468538],[-5.354044,39.468488],[-5.353047,39.467593],[-5.352547,39.466845],[-5.35079,39.465504],[-5.35038,39.465285],[-5.348956,39.465259],[-5.348112,39.465331],[-5.347717,39.465567],[-5.346441,39.466603],[-5.345705,39.46688],[-5.344027,39.467242],[-5.34262,39.467743],[-5.342139,39.468487],[-5.341042,39.469437],[-5.340647,39.469673],[-5.339256,39.469741],[-5.337413,39.469258],[-5.336051,39.468752],[-5.335226,39.468695],[-5.332147,39.468778],[-5.329613,39.469514],[-5.328842,39.470557],[-5.327429,39.471712],[-5.32646,39.472097],[-5.325891,39.472557],[-5.325619,39.473015],[-5.325181,39.474229],[-5.324096,39.475539],[-5.322568,39.476566],[-5.321706,39.476634],[-5.31751,39.476707],[-5.316447,39.476804],[-5.315321,39.477196],[-5.314061,39.477128],[-5.312932,39.477667],[-5.312128,39.477796],[-5.311342,39.478231],[-5.310977,39.47871],[-5.310998,39.479243],[-5.311263,39.480159],[-5.311789,39.481236],[-5.311523,39.481735],[-5.310562,39.482352],[-5.310083,39.483318],[-5.309702,39.483696],[-5.309251,39.484682],[-5.308657,39.485416],[-5.307743,39.485987],[-5.307292,39.486753],[-5.306181,39.487692],[-5.305515,39.48808],[-5.305157,39.488948],[-5.305124,39.489515],[-5.304788,39.4904],[-5.30442,39.490789],[-5.304074,39.491675],[-5.30418,39.492437],[-5.304573,39.492815],[-5.304991,39.494128],[-5.305016,39.494926],[-5.304788,39.495573],[-5.304808,39.496879],[-5.304382,39.497436],[-5.303482,39.497784],[-5.302349,39.498706],[-5.301358,39.499953],[-5.300075,39.500985],[-5.298974,39.502152],[-5.298209,39.50342],[-5.297969,39.50361],[-5.29655,39.504112],[-5.293877,39.503145],[-5.292901,39.503163],[-5.292324,39.503402],[-5.289904,39.505358],[-5.288895,39.506015],[-5.28838,39.506872],[-5.288275,39.507639],[-5.28768,39.509212],[-5.287258,39.509955],[-5.287146,39.510576],[-5.28683,39.511295],[-5.286251,39.511821],[-5.286136,39.512153],[-5.286152,39.51354],[-5.285792,39.514411],[-5.284855,39.514819],[-5.282406,39.516751],[-5.281598,39.517181],[-5.280545,39.51733],[-5.279475,39.517761],[-5.280422,39.518508],[-5.281334,39.519389],[-5.281645,39.519835],[-5.281739,39.520609],[-5.281398,39.521278],[-5.279999,39.522447],[-5.279011,39.522818],[-5.278392,39.523401],[-5.278322,39.523908],[-5.277451,39.525404],[-5.27707,39.525782],[-5.276517,39.526694],[-5.275797,39.52836],[-5.275244,39.529053],[-5.274327,39.529849],[-5.274339,39.530238],[-5.275273,39.530792],[-5.275905,39.531435],[-5.276403,39.532185],[-5.2774,39.532759],[-5.281007,39.535367],[-5.281592,39.536277],[-5.281805,39.537259],[-5.282085,39.537869],[-5.283014,39.538585],[-5.283413,39.538722],[-5.284332,39.53936],[-5.285045,39.540089],[-5.287269,39.540896],[-5.288703,39.541731],[-5.289193,39.542256],[-5.289643,39.542429],[-5.29084,39.543302],[-5.291312,39.544218],[-5.291713,39.544533],[-5.292923,39.544841],[-5.294101,39.545268],[-5.294599,39.545555],[-5.295196,39.545676],[-5.296149,39.546228],[-5.297278,39.546516],[-5.297679,39.546837],[-5.298132,39.548138],[-5.298704,39.548606],[-5.299161,39.548773],[-5.300081,39.54941],[-5.300643,39.549969],[-5.302093,39.550699],[-5.302961,39.551676],[-5.303838,39.551595],[-5.304166,39.551777],[-5.304641,39.552442],[-5.305899,39.553221],[-5.30662,39.553559],[-5.307657,39.554332],[-5.30838,39.554667],[-5.308979,39.555104],[-5.309643,39.556126],[-5.309757,39.556469],[-5.310305,39.556919],[-5.310806,39.556903],[-5.312292,39.557102],[-5.313748,39.557922],[-5.315113,39.558889],[-5.31579,39.559032],[-5.31699,39.559903],[-5.319093,39.561888],[-5.319596,39.562634],[-5.320607,39.56366],[-5.321906,39.565548],[-5.321597,39.565995],[-5.320709,39.566667],[-5.319476,39.567386],[-5.31868,39.567504],[-5.318237,39.567779],[-5.317595,39.56855],[-5.315862,39.569692],[-5.314997,39.570156],[-5.313429,39.570434],[-5.312902,39.570337],[-5.312126,39.570496],[-5.311128,39.570465],[-5.310167,39.570133],[-5.308276,39.569902],[-5.307025,39.569641],[-5.306072,39.569313],[-5.304875,39.569299],[-5.302202,39.568728],[-5.300823,39.56913],[-5.299136,39.569209],[-5.298808,39.569305],[-5.297748,39.570072],[-5.297158,39.570214],[-5.295981,39.570886],[-5.294716,39.571932],[-5.293551,39.572613],[-5.292812,39.572888],[-5.292164,39.572971],[-5.291426,39.573554],[-5.290752,39.573674],[-5.290504,39.573921],[-5.290549,39.575171],[-5.291019,39.575973],[-5.289798,39.576659],[-5.287953,39.577874],[-5.287582,39.57793],[-5.286494,39.577215],[-5.286249,39.577219],[-5.284592,39.578543],[-5.283556,39.579832],[-5.282928,39.580177],[-5.281863,39.580942],[-5.281464,39.580764],[-5.27983,39.579537],[-5.278639,39.578878],[-5.278209,39.579106],[-5.276657,39.580395],[-5.275125,39.581245],[-5.275037,39.581438],[-5.27505,39.582823],[-5.274952,39.583095],[-5.274116,39.583578],[-5.272362,39.583957],[-5.271949,39.584268],[-5.271542,39.584979],[-5.270751,39.585862],[-5.270402,39.58603],[-5.269056,39.587472],[-5.268382,39.587854],[-5.268119,39.588246],[-5.267515,39.588503],[-5.265994,39.588556],[-5.265137,39.589056],[-5.264742,39.589572],[-5.263777,39.590345],[-5.26315,39.590264],[-5.262675,39.589809],[-5.260891,39.588946],[-5.260095,39.588837],[-5.259158,39.588043],[-5.258743,39.587821],[-5.257764,39.587793],[-5.25664,39.588149],[-5.256197,39.588703],[-5.255688,39.588954],[-5.254808,39.588987],[-5.253587,39.58884],[-5.253064,39.588992],[-5.251484,39.589196],[-5.250688,39.588794],[-5.24999,39.58788],[-5.249847,39.587107],[-5.249473,39.586221],[-5.249131,39.585802],[-5.247607,39.585602],[-5.246846,39.586085],[-5.245959,39.585622],[-5.245245,39.58556],[-5.243309,39.58561],[-5.242069,39.585922],[-5.239868,39.58672],[-5.238552,39.586922],[-5.238034,39.587347],[-5.237589,39.588119],[-5.236771,39.588835],[-5.236085,39.589114],[-5.234398,39.589169],[-5.233437,39.589318],[-5.232487,39.58899],[-5.231693,39.589048],[-5.230929,39.589377],[-5.230329,39.589409],[-5.229682,39.589063],[-5.228559,39.588762],[-5.227465,39.588045],[-5.226344,39.590609],[-5.224638,39.59199],[-5.22352,39.592632],[-5.222156,39.592873],[-5.22137,39.593402],[-5.220462,39.59375],[-5.217495,39.596181],[-5.215744,39.59709],[-5.214202,39.597273],[-5.212034,39.598496],[-5.210236,39.597569],[-5.209055,39.597142],[-5.208051,39.597069],[-5.207455,39.596826],[-5.20629,39.595925],[-5.205696,39.595253],[-5.205183,39.594285],[-5.204177,39.593486],[-5.203379,39.592518],[-5.202512,39.591838],[-5.199724,39.590871],[-5.198828,39.590213],[-5.198323,39.589238],[-5.197132,39.587436],[-5.195617,39.586358],[-5.19368,39.58568],[-5.193237,39.585608],[-5.191696,39.584695],[-5.190824,39.58348],[-5.189847,39.582966],[-5.188375,39.581622],[-5.187772,39.580957],[-5.187272,39.58021],[-5.185782,39.579112],[-5.18479,39.578763],[-5.18298,39.577464],[-5.181804,39.576341],[-5.180999,39.575149],[-5.18007,39.574057],[-5.179104,39.573687],[-5.17802,39.572952],[-5.177031,39.572602],[-5.175951,39.571863],[-5.174748,39.571542],[-5.173743,39.570794],[-5.173565,39.570108],[-5.173263,39.569661],[-5.172591,39.569284],[-5.171193,39.56788],[-5.169981,39.567019],[-5.16818,39.566496],[-5.167367,39.565756],[-5.167008,39.565602],[-5.166323,39.564912],[-5.165841,39.56415],[-5.164648,39.563272],[-5.163442,39.562636],[-5.162671,39.562385],[-5.160983,39.562095],[-5.160421,39.561859],[-5.159927,39.561337],[-5.15857,39.560354],[-5.158273,39.559866],[-5.158726,39.558839],[-5.158657,39.558223],[-5.157937,39.557415],[-5.15713,39.556224],[-5.156426,39.555642],[-5.155626,39.554676],[-5.154349,39.55355],[-5.15375,39.553431],[-5.15325,39.553144],[-5.151085,39.552364],[-5.150301,39.551848],[-5.149016,39.551275],[-5.147934,39.550539],[-5.146944,39.550189],[-5.145721,39.54925],[-5.14506,39.547773],[-5.145188,39.547002],[-5.144289,39.545654],[-5.143895,39.545282],[-5.143729,39.544662],[-5.143072,39.543643],[-5.142179,39.542983],[-5.140903,39.542635],[-5.140404,39.542348],[-5.139358,39.541967],[-5.139093,39.541721],[-5.138854,39.54053],[-5.137893,39.539541],[-5.137347,39.538755],[-5.136097,39.538001],[-5.135193,39.53712],[-5.134804,39.536392],[-5.134734,39.535219],[-5.134049,39.534127],[-5.133643,39.533764],[-5.132486,39.532089],[-5.131857,39.531754],[-5.131528,39.531328],[-5.131267,39.53031],[-5.130583,39.529703],[-5.130013,39.528868],[-5.129792,39.528355],[-5.128628,39.527224],[-5.127701,39.526593],[-5.1271,39.526475],[-5.126126,39.525564],[-5.125615,39.524595],[-5.124403,39.523595],[-5.124084,39.522609],[-5.123701,39.522228],[-5.123516,39.520943],[-5.122593,39.52059],[-5.120734,39.520485],[-5.119522,39.519854],[-5.1173,39.518197],[-5.115639,39.517393],[-5.114926,39.516665],[-5.113736,39.515786],[-5.112963,39.515414],[-5.112249,39.514687],[-5.109714,39.512823],[-5.108655,39.511838],[-5.106778,39.511286],[-5.106186,39.510843],[-5.105719,39.5103],[-5.104375,39.509316],[-5.103859,39.508735],[-5.102116,39.507782],[-5.101089,39.506832],[-5.099912,39.506019],[-5.099401,39.505435],[-5.098398,39.504866],[-5.097685,39.504138],[-5.096344,39.503381],[-5.095152,39.502504],[-5.093905,39.500575],[-5.093434,39.499747],[-5.093031,39.499521],[-5.092151,39.498482],[-5.091678,39.497569],[-5.091322,39.497233],[-5.090652,39.496932],[-5.090054,39.496495],[-5.089558,39.495744],[-5.087661,39.494286],[-5.087217,39.493436],[-5.086553,39.492419],[-5.085707,39.491568],[-5.085257,39.491395],[-5.084044,39.490674],[-5.082987,39.489778],[-5.081807,39.489353],[-5.081125,39.489214],[-5.080233,39.488785],[-5.07945,39.488268],[-5.077977,39.487619],[-5.077011,39.487481],[-5.076147,39.487139],[-5.074638,39.487134],[-5.072335,39.486756],[-5.069114,39.486818],[-5.067967,39.487115],[-5.067422,39.487372],[-5.066994,39.488068],[-5.06629,39.488427],[-5.064334,39.488477],[-5.06317,39.488709],[-5.06122,39.488752],[-5.060175,39.488691],[-5.059285,39.48826],[-5.054344,39.484647],[-5.053734,39.484448],[-5.053083,39.484897],[-5.052374,39.485922],[-5.050363,39.487516],[-5.04905,39.48803],[-5.047956,39.488376],[-5.047488,39.488691],[-5.045321,39.489433],[-5.044205,39.489201],[-5.043425,39.488907],[-5.041655,39.488818],[-5.040113,39.48781],[-5.03844,39.4878],[-5.037267,39.488087],[-5.035521,39.48937],[-5.034309,39.489206],[-5.033148,39.48894],[-5.032369,39.488648],[-5.031245,39.488799],[-5.030472,39.488489],[-5.02998,39.487746],[-5.029142,39.48735],[-5.028141,39.487274],[-5.0275,39.487116],[-5.02548,39.487044],[-5.024902,39.487859],[-5.024888,39.489928],[-5.024292,39.490454],[-5.023318,39.490834],[-5.021454,39.492317],[-5.020733,39.492752],[-5.020318,39.493238],[-5.019187,39.49417],[-5.018276,39.49441],[-5.017116,39.493869],[-5.015573,39.493682],[-5.013829,39.494378],[-5.012996,39.494945],[-5.011822,39.495315],[-5.010779,39.495872],[-5.00978,39.495943],[-5.008916,39.495678],[-5.008065,39.495214],[-5.007652,39.494131],[-5.007512,39.493358],[-5.007213,39.492909],[-5.006615,39.492472],[-5.005484,39.491853],[-5.003601,39.491566],[-5.00251,39.491568],[-5.001498,39.491466],[-5.00038,39.491528],[-4.999874,39.491245],[-4.999273,39.491409],[-4.999328,39.491949],[-4.998953,39.492388],[-4.998872,39.492835],[-4.999054,39.493487],[-4.998857,39.493786],[-4.998174,39.494158],[-4.997949,39.494507],[-4.997009,39.495223],[-4.996115,39.495357],[-4.995227,39.49575],[-4.99551,39.496948],[-4.995783,39.497598],[-4.99581,39.498399],[-4.995139,39.499333],[-4.994325,39.499745],[-4.993383,39.499865],[-4.992894,39.500676],[-4.992091,39.501332],[-4.991082,39.501539],[-4.990591,39.501836],[-4.988757,39.502031],[-4.988107,39.502289],[-4.987401,39.501818],[-4.986434,39.501359],[-4.98504,39.501509],[-4.983719,39.50071],[-4.982115,39.500489],[-4.980879,39.500805],[-4.980391,39.501106],[-4.978629,39.501485],[-4.978269,39.501747],[-4.978298,39.502488],[-4.978694,39.50287],[-4.978858,39.503847],[-4.979124,39.504507],[-4.979192,39.506546],[-4.979302,39.506988],[-4.97986,39.507612],[-4.981147,39.508413],[-4.981382,39.509594],[-4.981679,39.509901],[-4.982874,39.510777],[-4.984226,39.511531],[-4.984563,39.512106],[-4.984068,39.513276],[-4.984107,39.513824],[-4.984411,39.514134],[-4.9857,39.514868],[-4.985838,39.51519],[-4.985756,39.515884],[-4.985364,39.516318],[-4.985482,39.51658],[-4.986059,39.516711],[-4.987228,39.517539],[-4.987349,39.517795],[-4.987418,39.518938],[-4.987688,39.519593],[-4.987732,39.520524],[-4.987399,39.521065],[-4.98595,39.5223],[-4.986056,39.523102],[-4.986122,39.524884],[-4.986339,39.5258],[-4.986071,39.526247],[-4.985178,39.527134],[-4.98451,39.527388],[-4.984012,39.527959],[-4.983771,39.529029],[-4.982856,39.5296],[-4.980857,39.530983],[-4.980641,39.531338],[-4.980024,39.531777],[-4.978589,39.531947],[-4.97812,39.53306],[-4.977451,39.533529],[-4.977233,39.534029],[-4.975704,39.534879],[-4.974877,39.535588],[-4.974072,39.536461],[-4.973958,39.536793],[-4.973895,39.537946],[-4.973664,39.538348],[-4.973056,39.538691],[-4.971169,39.538755],[-4.970119,39.538975],[-4.967872,39.538988],[-4.966898,39.53876],[-4.966003,39.538015],[-4.964693,39.537742],[-4.963177,39.537734],[-4.962635,39.538179],[-4.962661,39.539725],[-4.962572,39.539914],[-4.96171,39.540289],[-4.961133,39.540831],[-4.960497,39.54102],[-4.959381,39.541663],[-4.958923,39.542637],[-4.958543,39.542967],[-4.957363,39.543328],[-4.956874,39.54363],[-4.955864,39.543904],[-4.954742,39.543674],[-4.953311,39.543061],[-4.952771,39.542269],[-4.951772,39.541466],[-4.951188,39.540785],[-4.950937,39.540293],[-4.949979,39.540225],[-4.948706,39.540497],[-4.947501,39.540864],[-4.9471,39.540863],[-4.946028,39.540356],[-4.944534,39.540037],[-4.944112,39.539739],[-4.943342,39.538607],[-4.942778,39.53837],[-4.942093,39.538387],[-4.94133,39.538712],[-4.940399,39.538806],[-4.938311,39.538766],[-4.936952,39.538253],[-4.93579,39.537995],[-4.934018,39.537948],[-4.933833,39.537407],[-4.934075,39.536763],[-4.933947,39.536238],[-4.933589,39.53591],[-4.932737,39.534678],[-4.931491,39.533921],[-4.930961,39.533198],[-4.929733,39.532886],[-4.929334,39.532395],[-4.929189,39.530948],[-4.92858,39.530059],[-4.927851,39.529411],[-4.927673,39.52895],[-4.927005,39.528477],[-4.925942,39.528242],[-4.925201,39.528597],[-4.925063,39.529293],[-4.924413,39.530135],[-4.923712,39.531738],[-4.922122,39.532846],[-4.921836,39.533157],[-4.921533,39.533954],[-4.921573,39.535602],[-4.921755,39.536338],[-4.921408,39.536711],[-4.921531,39.537364],[-4.920824,39.539635],[-4.920785,39.5402],[-4.920467,39.540659],[-4.919189,39.541697],[-4.918829,39.542629],[-4.918945,39.543364],[-4.91967,39.544398],[-4.919566,39.545279],[-4.919793,39.545894],[-4.919786,39.547344],[-4.919187,39.54787],[-4.918159,39.548283],[-4.91743,39.549287],[-4.916037,39.550052],[-4.916412,39.550863],[-4.916088,39.551964],[-4.915299,39.553057],[-4.914893,39.553368],[-4.913421,39.553737],[-4.912657,39.554052],[-4.911664,39.554164],[-4.910474,39.554578],[-4.908505,39.554942],[-4.90685,39.555396],[-4.905653,39.556222],[-4.903096,39.556355],[-4.901855,39.557286],[-4.901394,39.557827],[-4.900843,39.55808],[-4.900148,39.558181],[-4.898141,39.558722],[-4.897653,39.559021],[-4.896401,39.559415],[-4.895523,39.560171],[-4.895103,39.5611],[-4.893994,39.562262],[-4.892983,39.562835],[-4.890422,39.564909],[-4.889619,39.565489],[-4.889299,39.565472],[-4.887925,39.56474],[-4.88694,39.564384],[-4.88645,39.564089],[-4.885536,39.563768],[-4.885135,39.563453],[-4.884574,39.562612],[-4.884356,39.562097],[-4.883174,39.561211],[-4.882777,39.561072],[-4.881698,39.560332],[-4.880448,39.55984],[-4.878936,39.559833],[-4.878295,39.559671],[-4.876613,39.559683],[-4.875411,39.560101],[-4.874763,39.560184],[-4.873631,39.560958],[-4.873071,39.559676],[-4.872925,39.558671],[-4.872624,39.558224],[-4.871335,39.557101],[-4.870542,39.556683],[-4.868781,39.556034],[-4.86771,39.555978],[-4.864588,39.556052],[-4.863845,39.55625],[-4.861791,39.556315],[-4.860959,39.556524],[-4.85993,39.55654],[-4.859298,39.556379],[-4.857619,39.5563],[-4.855361,39.555454],[-4.854985,39.555113],[-4.854195,39.554693],[-4.852326,39.554131],[-4.850955,39.553397],[-4.85068,39.553342],[-4.848412,39.553332],[-4.847773,39.553171],[-4.846264,39.553162],[-4.845017,39.552897],[-4.841869,39.551744],[-4.84064,39.552206],[-4.84016,39.552514],[-4.8395,39.552688],[-4.839009,39.55299],[-4.838068,39.553086],[-4.837463,39.553016],[-4.836252,39.552378],[-4.835197,39.551618],[-4.8348,39.551477],[-4.833792,39.550787],[-4.832974,39.551008],[-4.832172,39.550522],[-4.831293,39.550399],[-4.830784,39.550119],[-4.829522,39.549987],[-4.828452,39.549469],[-4.827478,39.549194],[-4.825902,39.549245],[-4.825264,39.549431],[-4.824067,39.549459],[-4.823319,39.549288],[-4.82116,39.549279],[-4.819765,39.549054],[-4.81843,39.548583],[-4.817562,39.548042],[-4.816373,39.547989],[-4.815745,39.547836],[-4.814343,39.54774],[-4.813838,39.547457],[-4.811708,39.547105],[-4.811141,39.546781],[-4.81037,39.546546],[-4.80789,39.546551],[-4.806604,39.54633],[-4.805394,39.545953],[-4.804663,39.545923],[-4.80354,39.545644],[-4.802918,39.544995],[-4.802407,39.543568],[-4.802083,39.54314],[-4.80063,39.542472],[-4.799517,39.542163],[-4.797992,39.54161],[-4.797168,39.541549],[-4.794989,39.541589],[-4.793935,39.541809],[-4.790312,39.541865],[-4.789569,39.541692],[-4.787787,39.541688],[-4.786551,39.541271],[-4.785668,39.541353],[-4.785178,39.54166],[-4.784003,39.541925],[-4.783364,39.54178],[-4.782159,39.541805],[-4.781446,39.541986],[-4.780454,39.541908],[-4.779883,39.542574],[-4.779733,39.543044],[-4.778943,39.543415],[-4.776632,39.543422],[-4.775936,39.543251],[-4.774054,39.543281],[-4.773326,39.543479],[-4.772703,39.543496],[-4.771767,39.543306],[-4.771144,39.543323],[-4.770407,39.543523],[-4.769314,39.543528],[-4.768675,39.543363],[-4.767638,39.543384],[-4.766792,39.543523],[-4.766471,39.543247],[-4.765999,39.541871],[-4.765374,39.541227],[-4.764372,39.541275],[-4.762652,39.540434],[-4.761278,39.539473],[-4.760032,39.538865],[-4.759806,39.53844],[-4.759101,39.538324],[-4.758294,39.538517],[-4.757946,39.538404],[-4.757707,39.537977],[-4.756775,39.53795],[-4.756192,39.538189],[-4.755314,39.538866],[-4.754206,39.54003],[-4.753384,39.541273],[-4.752611,39.541715],[-4.751455,39.542188],[-4.750482,39.542198],[-4.749703,39.541898],[-4.746953,39.542218],[-4.745906,39.542158],[-4.744392,39.542886],[-4.74391,39.543195],[-4.742923,39.543268],[-4.74133,39.542882],[-4.740277,39.54307],[-4.739226,39.542841],[-4.73861,39.542253],[-4.737469,39.54164],[-4.73687,39.541519],[-4.735715,39.540754],[-4.735126,39.540539],[-4.733774,39.54029],[-4.732679,39.540296],[-4.731939,39.540495],[-4.730157,39.540553],[-4.728912,39.540865],[-4.728131,39.541169],[-4.726898,39.540502],[-4.726407,39.539976],[-4.725413,39.539307],[-4.722958,39.539297],[-4.72242,39.539199],[-4.721734,39.538734],[-4.721343,39.538656],[-4.720942,39.538925],[-4.720981,39.542198],[-4.720674,39.543248],[-4.719952,39.543986],[-4.719543,39.544704],[-4.718115,39.545849],[-4.716815,39.546649],[-4.71582,39.547848],[-4.714225,39.54778],[-4.713201,39.548155],[-4.711524,39.548281],[-4.710265,39.548753],[-4.70985,39.549228],[-4.709814,39.549797],[-4.709496,39.550616],[-4.708783,39.551052],[-4.707346,39.552191],[-4.707047,39.552558],[-4.706963,39.5536],[-4.706376,39.554121],[-4.705792,39.554349],[-4.703834,39.554702],[-4.7019,39.555427],[-4.70091,39.556237],[-4.699894,39.556889],[-4.699511,39.557985],[-4.699176,39.558334],[-4.698643,39.55856],[-4.697653,39.558672],[-4.697095,39.558994],[-4.696489,39.559131],[-4.695363,39.559622],[-4.694792,39.560166],[-4.69419,39.560158],[-4.69301,39.559716],[-4.691866,39.55895],[-4.689873,39.558941],[-4.689043,39.559148],[-4.685419,39.559201],[-4.684365,39.559012],[-4.682561,39.559031],[-4.681644,39.559119],[-4.680313,39.559677],[-4.678885,39.559779],[-4.678197,39.559684],[-4.677853,39.559041],[-4.677714,39.558033],[-4.677486,39.55755],[-4.677413,39.556627],[-4.676527,39.554562],[-4.676376,39.553801],[-4.675957,39.553362],[-4.675849,39.552502],[-4.675495,39.551611],[-4.673981,39.550446],[-4.67163,39.54958],[-4.670065,39.549231],[-4.669114,39.548896],[-4.667229,39.548903],[-4.665986,39.549209],[-4.662921,39.550471],[-4.661737,39.550511],[-4.660475,39.549592],[-4.660261,39.549075],[-4.659676,39.548398],[-4.659082,39.547957],[-4.658362,39.547618],[-4.657037,39.546617],[-4.655112,39.545638],[-4.654083,39.544722],[-4.653339,39.54431],[-4.652012,39.54331],[-4.650972,39.542769],[-4.649781,39.541803],[-4.649314,39.540888],[-4.648321,39.539987],[-4.64777,39.539681],[-4.647508,39.538667],[-4.647104,39.538073],[-4.646838,39.536171],[-4.646425,39.534829],[-4.646528,39.534166],[-4.645831,39.533132],[-4.645592,39.532406],[-4.644314,39.531826],[-4.642396,39.530383],[-4.641771,39.530059],[-4.6405,39.529153],[-4.640272,39.528877],[-4.639208,39.528761],[-4.637867,39.528514],[-4.636974,39.528085],[-4.636355,39.527664],[-4.636018,39.527211],[-4.635834,39.526399],[-4.634858,39.525569],[-4.634906,39.524818],[-4.633755,39.523788],[-4.63205,39.523515],[-4.631051,39.523436],[-4.629393,39.522695],[-4.628548,39.522508],[-4.627512,39.522524],[-4.625365,39.523344],[-4.623172,39.523408],[-4.622115,39.523675],[-4.621466,39.524158],[-4.621013,39.524927],[-4.6199,39.525865],[-4.619509,39.526099],[-4.618449,39.526364],[-4.617452,39.52647],[-4.616288,39.526932],[-4.615756,39.527354],[-4.615704,39.527869],[-4.616334,39.528596],[-4.617501,39.529497],[-4.618246,39.529908],[-4.619005,39.530813],[-4.619606,39.531248],[-4.620612,39.531587],[-4.62147,39.532361],[-4.62205,39.532497],[-4.62324,39.533147],[-4.624426,39.534031],[-4.625614,39.535608],[-4.625182,39.536709],[-4.625284,39.537926],[-4.625987,39.538742],[-4.626486,39.539717],[-4.627654,39.540845],[-4.628698,39.541612],[-4.629568,39.542519],[-4.630169,39.543413],[-4.630669,39.544389],[-4.631999,39.545701],[-4.632493,39.546836],[-4.632823,39.54734],[-4.63226,39.547848],[-4.632032,39.54842],[-4.631306,39.549462],[-4.631192,39.550228],[-4.630827,39.550619],[-4.6304,39.55177],[-4.629733,39.552304],[-4.62883,39.552159],[-4.626607,39.552217],[-4.625874,39.553824],[-4.625799,39.555279],[-4.625521,39.555681],[-4.625092,39.555683],[-4.624233,39.555989],[-4.622969,39.555804],[-4.622201,39.555544],[-4.621477,39.555052],[-4.621039,39.554958],[-4.619558,39.554989],[-4.617829,39.555517],[-4.617259,39.555976],[-4.616709,39.556893],[-4.616501,39.557622],[-4.615836,39.558094],[-4.615675,39.558555],[-4.614728,39.559396],[-4.613661,39.560591],[-4.613116,39.560765],[-4.612468,39.561332],[-4.610826,39.561838],[-4.609138,39.561905],[-4.608383,39.562181],[-4.60724,39.562877],[-4.605254,39.564359],[-4.604188,39.564802],[-4.602871,39.564998],[-4.601721,39.565763],[-4.601313,39.566417],[-4.600644,39.567024],[-4.599636,39.568263],[-4.598327,39.569287],[-4.598044,39.569634],[-4.598379,39.570286],[-4.598791,39.570651],[-4.599707,39.572215],[-4.599334,39.572675],[-4.598195,39.573472],[-4.597331,39.573535],[-4.59464,39.573561],[-4.593805,39.573645],[-4.591895,39.574432],[-4.590271,39.574718],[-4.588599,39.574847],[-4.587838,39.575164],[-4.58679,39.575253],[-4.584515,39.575303],[-4.583624,39.575488],[-4.582911,39.57532],[-4.581915,39.575381],[-4.580762,39.575854],[-4.579999,39.576391],[-4.579198,39.576516],[-4.577708,39.576933],[-4.574735,39.576984],[-4.573806,39.577076],[-4.572079,39.577999],[-4.570959,39.578798],[-4.56858,39.578859],[-4.567816,39.578517],[-4.564716,39.577602],[-4.563765,39.577458],[-4.562743,39.577603],[-4.561864,39.577598],[-4.56036,39.577218],[-4.559708,39.577157],[-4.557899,39.576789],[-4.55688,39.576505],[-4.555559,39.575501],[-4.554935,39.575175],[-4.554602,39.574816],[-4.553956,39.574493],[-4.553045,39.573847],[-4.552546,39.57333],[-4.551397,39.572875],[-4.550343,39.572613],[-4.549219,39.572469],[-4.548275,39.572643],[-4.547333,39.573007],[-4.546534,39.573093],[-4.544975,39.573094],[-4.544278,39.572986],[-4.542861,39.573426],[-4.542265,39.573956],[-4.541962,39.575004],[-4.541967,39.576626],[-4.541571,39.577409],[-4.539752,39.578494],[-4.539594,39.578957],[-4.538617,39.579861],[-4.538221,39.580731],[-4.537868,39.581112],[-4.537834,39.581687],[-4.537334,39.581404],[-4.536163,39.58132],[-4.535407,39.581152],[-4.533122,39.581129],[-4.532179,39.580945],[-4.530987,39.580917],[-4.530355,39.580753],[-4.529063,39.580821],[-4.528298,39.581138],[-4.527305,39.581248],[-4.526097,39.581666],[-4.524415,39.581699],[-4.523668,39.581525],[-4.522669,39.581442],[-4.521201,39.580785],[-4.519746,39.579796],[-4.518554,39.579742],[-4.516223,39.579271],[-4.515446,39.578976],[-4.513884,39.578851],[-4.513104,39.578559],[-4.512132,39.578421],[-4.511081,39.578074],[-4.509878,39.578083],[-4.507788,39.578503],[-4.507409,39.578456],[-4.505991,39.57715],[-4.505797,39.576847],[-4.504829,39.576158],[-4.504099,39.576116],[-4.500811,39.576176],[-4.499969,39.576379],[-4.499082,39.576425],[-4.49757,39.576832],[-4.497193,39.576783],[-4.496382,39.576274],[-4.494937,39.57603],[-4.494099,39.576014],[-4.492857,39.575747],[-4.490908,39.575015],[-4.489941,39.574873],[-4.489436,39.57459],[-4.487958,39.574255],[-4.487066,39.573509],[-4.485927,39.573412],[-4.484363,39.573151],[-4.482688,39.572744],[-4.481747,39.57218],[-4.480271,39.571844],[-4.479765,39.571562],[-4.478789,39.571426],[-4.478233,39.571184],[-4.478052,39.57036],[-4.477689,39.569557],[-4.477301,39.569181],[-4.476904,39.568237],[-4.476821,39.567439],[-4.476602,39.566829],[-4.477067,39.565712],[-4.476723,39.564839],[-4.475884,39.563826],[-4.475135,39.563356],[-4.474343,39.562387],[-4.473742,39.562043],[-4.473052,39.561358],[-4.472263,39.560158],[-4.470464,39.558848],[-4.46929,39.558499],[-4.468328,39.557809],[-4.468115,39.557292],[-4.467724,39.556918],[-4.46693,39.555721],[-4.466037,39.554833],[-4.464754,39.553797],[-4.464541,39.553281],[-4.463288,39.552137],[-4.462099,39.551891],[-4.461208,39.551871],[-4.46046,39.551701],[-4.459464,39.551617],[-4.458687,39.551322],[-4.457123,39.55097],[-4.45507,39.550323],[-4.45281,39.549016],[-4.452478,39.548656],[-4.451833,39.548332],[-4.450755,39.547591],[-4.449578,39.54693],[-4.448595,39.546571],[-4.447232,39.545829],[-4.446471,39.545573],[-4.445274,39.545551],[-4.443604,39.545332],[-4.442872,39.545159],[-4.440776,39.545162],[-4.44034,39.544894],[-4.440205,39.544122],[-4.439612,39.543222],[-4.438585,39.542441],[-4.43822,39.541826],[-4.438121,39.539926],[-4.437062,39.538995],[-4.436892,39.53853],[-4.436297,39.537632],[-4.435574,39.537065],[-4.434835,39.536283],[-4.434115,39.535714],[-4.432629,39.534155],[-4.432137,39.533404],[-4.428755,39.530843],[-4.42805,39.53011],[-4.427012,39.529718],[-4.426223,39.529205],[-4.425554,39.529053],[-4.424986,39.528729],[-4.424206,39.528493],[-4.422746,39.528287],[-4.420658,39.528283],[-4.418863,39.527878],[-4.41793,39.527851],[-4.4172,39.527679],[-4.413909,39.527642],[-4.412908,39.527493],[-4.41012,39.527519],[-4.408838,39.527318],[-4.407163,39.527308],[-4.406266,39.527145],[-4.405461,39.527338],[-4.404303,39.527199],[-4.402449,39.527606],[-4.401256,39.527664],[-4.400623,39.527846],[-4.399579,39.52777],[-4.398564,39.527279],[-4.396606,39.527231],[-4.396071,39.527135],[-4.395262,39.526627],[-4.394667,39.526503],[-4.393584,39.525765],[-4.391529,39.524662],[-4.390357,39.524225],[-4.389074,39.524152],[-4.388206,39.523884],[-4.387141,39.523359],[-4.386012,39.523103],[-4.383638,39.523558],[-4.380333,39.523576],[-4.379483,39.523394],[-4.377714,39.523651],[-4.376975,39.52384],[-4.375979,39.523891],[-4.37512,39.524177],[-4.374078,39.524948],[-4.373402,39.525327],[-4.37294,39.52609],[-4.372113,39.527021],[-4.370659,39.528148],[-4.369504,39.528615],[-4.367922,39.528687],[-4.366851,39.528441],[-4.365699,39.527673],[-4.365303,39.527532],[-4.364253,39.526769],[-4.362762,39.525901],[-4.362174,39.525685],[-4.360899,39.525558],[-4.36031,39.525343],[-4.35895,39.524369],[-4.35708,39.523804],[-4.356492,39.523358],[-4.355712,39.52238],[-4.355344,39.522125],[-4.35414,39.521806],[-4.353069,39.521288],[-4.351899,39.52085],[-4.350436,39.520416],[-4.349264,39.520346],[-4.346934,39.519779],[-4.34475,39.519664],[-4.344054,39.521692],[-4.343685,39.52208],[-4.343223,39.523069],[-4.342707,39.523486],[-4.34233,39.52354],[-4.341236,39.52338],[-4.337193,39.523422],[-4.336315,39.523466],[-4.334227,39.523892],[-4.330319,39.523935],[-4.329584,39.523756],[-4.328294,39.523822],[-4.327149,39.524209],[-4.324593,39.524253],[-4.323727,39.524211],[-4.322573,39.523439],[-4.321,39.522865],[-4.320108,39.522348],[-4.319914,39.521903],[-4.319229,39.521305],[-4.31842,39.520127],[-4.318045,39.520109],[-4.317019,39.520481],[-4.314827,39.520545],[-4.313709,39.521515],[-4.313483,39.521863],[-4.312144,39.522706],[-4.311815,39.522799],[-4.310129,39.522863],[-4.308801,39.523151],[-4.307574,39.523736],[-4.304525,39.523791],[-4.30356,39.523514],[-4.303078,39.523212],[-4.302096,39.522852],[-4.300643,39.521862],[-4.298881,39.521524],[-4.298307,39.52121],[-4.297662,39.521273],[-4.29723,39.521545],[-4.296635,39.521633],[-4.285046,39.521762],[-4.283969,39.521582],[-4.282778,39.521553],[-4.281107,39.521333],[-4.279502,39.520942],[-4.277068,39.520632],[-4.276147,39.51908],[-4.275973,39.518397],[-4.274949,39.517522],[-4.27435,39.516628],[-4.274222,39.515722],[-4.27396,39.515067],[-4.274017,39.514297],[-4.274466,39.513554],[-4.274353,39.512902],[-4.273664,39.512291],[-4.27305,39.51089],[-4.273288,39.510017],[-4.273796,39.50861],[-4.273352,39.508149],[-4.271969,39.508167],[-4.270817,39.508552],[-4.269367,39.508932],[-4.268509,39.50948],[-4.267623,39.509612],[-4.266962,39.510092],[-4.266473,39.51084],[-4.265504,39.510927],[-4.263512,39.510521],[-4.262004,39.510503],[-4.261264,39.510324],[-4.259506,39.510383],[-4.258267,39.51154],[-4.257823,39.512094],[-4.256519,39.513111],[-4.256234,39.513429],[-4.256057,39.514615],[-4.255217,39.515463],[-4.254201,39.515764],[-4.252514,39.515826],[-4.251187,39.516426],[-4.250505,39.516579],[-4.249351,39.517042],[-4.248292,39.517578],[-4.24731,39.517815],[-4.247219,39.519258],[-4.246714,39.520736],[-4.246733,39.52122],[-4.24713,39.522545],[-4.247511,39.522927],[-4.247725,39.523671],[-4.248321,39.524567],[-4.249316,39.525604],[-4.249349,39.52585],[-4.248363,39.526739],[-4.248213,39.526997],[-4.247218,39.527877],[-4.246361,39.528787],[-4.245897,39.529549],[-4.244896,39.530359],[-4.244582,39.530779],[-4.244693,39.531173],[-4.245311,39.531685],[-4.245457,39.532106],[-4.245433,39.532789],[-4.245219,39.533285],[-4.245138,39.534226],[-4.244145,39.535116],[-4.243582,39.536026],[-4.243395,39.536551],[-4.243016,39.536932],[-4.242444,39.537835],[-4.242362,39.538525],[-4.24248,39.544694],[-4.242116,39.545586],[-4.241437,39.546186],[-4.241036,39.546817],[-4.240005,39.547551],[-4.239848,39.547789],[-4.238961,39.54832],[-4.237776,39.548678],[-4.237382,39.548909],[-4.235658,39.550277],[-4.235379,39.550585],[-4.235256,39.551455],[-4.234373,39.552198],[-4.233981,39.552346],[-4.232645,39.55334],[-4.231942,39.553699],[-4.230947,39.554505],[-4.229636,39.555073],[-4.228069,39.556338],[-4.227078,39.556702],[-4.226217,39.557387],[-4.226026,39.55791],[-4.225336,39.558501],[-4.221736,39.561346],[-4.22098,39.56162],[-4.218123,39.561691],[-4.216523,39.562352],[-4.214837,39.562415],[-4.212919,39.562926],[-4.212341,39.563158],[-4.211585,39.563699],[-4.21043,39.564162],[-4.20841,39.564685],[-4.207717,39.564786],[-4.206269,39.56525],[-4.204348,39.566026],[-4.203827,39.566133],[-4.20193,39.56687],[-4.201156,39.56731],[-4.200796,39.567661],[-4.200015,39.568095],[-4.198466,39.568484],[-4.196555,39.569266],[-4.195447,39.569598],[-4.193546,39.570333],[-4.192976,39.570793],[-4.192582,39.571311],[-4.192137,39.571584],[-4.190264,39.571906],[-4.189319,39.572261],[-4.186424,39.573191],[-4.185452,39.573348],[-4.183827,39.574124],[-4.182579,39.574423],[-4.179956,39.574456],[-4.178887,39.574262],[-4.177394,39.574251],[-4.17645,39.574343],[-4.175396,39.574889],[-4.174604,39.574937],[-4.173948,39.574768],[-4.173033,39.574738],[-4.17225,39.574559],[-4.170018,39.574579],[-4.169296,39.57477],[-4.166826,39.57483],[-4.165977,39.575118],[-4.165507,39.575431],[-4.164353,39.575896],[-4.162688,39.576241],[-4.16148,39.576654],[-4.157837,39.576707],[-4.156393,39.576428],[-4.152982,39.5748],[-4.152004,39.574664],[-4.149876,39.573896],[-4.14905,39.57385],[-4.148731,39.573664],[-4.148664,39.57205],[-4.148334,39.571493],[-4.147097,39.57103],[-4.146491,39.570912],[-4.145547,39.57035],[-4.14495,39.570225],[-4.143306,39.56902],[-4.141225,39.567934],[-4.140243,39.567574],[-4.139069,39.566908],[-4.13805,39.566196],[-4.136998,39.566077],[-4.135847,39.565816],[-4.134094,39.565154],[-4.133604,39.564859],[-4.132464,39.564588],[-4.130994,39.564375],[-4.125334,39.564396],[-4.122837,39.563778],[-4.121675,39.563563],[-4.11979,39.563584],[-4.11906,39.563776],[-4.116291,39.563839],[-4.115445,39.564126],[-4.114975,39.564439],[-4.113821,39.564902],[-4.112379,39.565193],[-4.111492,39.565236],[-4.110537,39.565445],[-4.105271,39.565524],[-4.104421,39.565725],[-4.103537,39.56577],[-4.102689,39.56597],[-4.099939,39.566001],[-4.098894,39.56609],[-4.097553,39.566858],[-4.095819,39.567551],[-4.094253,39.567882],[-4.092544,39.568319],[-4.090863,39.568355],[-4.089339,39.568665],[-4.088849,39.568963],[-4.088169,39.569051],[-4.086498,39.569055],[-4.084965,39.56855],[-4.084475,39.568254],[-4.083529,39.568182],[-4.080963,39.568257],[-4.079831,39.569049],[-4.079441,39.569199],[-4.078553,39.569864],[-4.07811,39.57042],[-4.077538,39.570878],[-4.076662,39.571328],[-4.07522,39.571797],[-4.073302,39.572313],[-4.071431,39.572303],[-4.071231,39.571917],[-4.071145,39.566175],[-4.071227,39.565441],[-4.071513,39.564989],[-4.072201,39.564395],[-4.072555,39.563723],[-4.07252,39.562874],[-4.072284,39.562372],[-4.07221,39.560498],[-4.071818,39.559365],[-4.071436,39.558984],[-4.070827,39.557871],[-4.070654,39.556732],[-4.070358,39.556419],[-4.069015,39.555432],[-4.068721,39.555118],[-4.068582,39.554499],[-4.067885,39.553963],[-4.066682,39.553635],[-4.066092,39.55319],[-4.0655,39.552292],[-4.065118,39.551335],[-4.065074,39.550241],[-4.064644,39.549247],[-4.064003,39.548691],[-4.063788,39.548178],[-4.063148,39.547621],[-4.062707,39.546159],[-4.062768,39.5448],[-4.063224,39.543991],[-4.063223,39.542328],[-4.063772,39.540355],[-4.063748,39.537876],[-4.064272,39.536316],[-4.06429,39.535431],[-4.064168,39.534657],[-4.063784,39.534277],[-4.063635,39.5333],[-4.063393,39.53273],[-4.063331,39.531564],[-4.063084,39.530957],[-4.063003,39.529881],[-4.062212,39.529055],[-4.061566,39.527788],[-4.061494,39.525875],[-4.061017,39.525073],[-4.06088,39.524088],[-4.060325,39.522613],[-4.060265,39.520553],[-4.060349,39.519815],[-4.061023,39.518989],[-4.061108,39.518699],[-4.061019,39.51217],[-4.061252,39.51142],[-4.061293,39.510498],[-4.06152,39.509841],[-4.06156,39.508919],[-4.061801,39.508191],[-4.061829,39.507025],[-4.062066,39.506375],[-4.062114,39.505076],[-4.062314,39.504649],[-4.062435,39.503137],[-4.062809,39.502752],[-4.062907,39.502036],[-4.062815,39.500487],[-4.062083,39.499838],[-4.061782,39.499393],[-4.061677,39.498666],[-4.06165,39.496878],[-4.061747,39.49616],[-4.062121,39.495775],[-4.062215,39.495322],[-4.062225,39.49358],[-4.062557,39.492765],[-4.063126,39.49186],[-4.063934,39.490988],[-4.064616,39.490613],[-4.065297,39.490002],[-4.065945,39.489925],[-4.066425,39.489681],[-4.06841,39.488067],[-4.068972,39.487379],[-4.069612,39.485202],[-4.069626,39.483906],[-4.069856,39.483329],[-4.069877,39.480673],[-4.070387,39.479429],[-4.070406,39.478256],[-4.070753,39.477596],[-4.071435,39.476999],[-4.072466,39.47533],[-4.073126,39.474628],[-4.074296,39.474044],[-4.075803,39.472921],[-4.075785,39.470034],[-4.075325,39.469407],[-4.074125,39.469083],[-4.072162,39.468134],[-4.071193,39.467991],[-4.070605,39.467774],[-4.069592,39.467058],[-4.06827,39.466891],[-4.067098,39.466449],[-4.066191,39.465945],[-4.064562,39.466369],[-4.063309,39.467287],[-4.062195,39.468447],[-4.06185,39.469566],[-4.061813,39.47034],[-4.061466,39.471012],[-4.060629,39.471937],[-4.059641,39.472747],[-4.059457,39.473053],[-4.058176,39.474174],[-4.058121,39.475175],[-4.057678,39.476209],[-4.056612,39.475877],[-4.054923,39.475834],[-4.054119,39.475677],[-4.053003,39.475957],[-4.051662,39.476503],[-4.050062,39.476925],[-4.049404,39.477392],[-4.047989,39.47752],[-4.047038,39.477722],[-4.046154,39.477766],[-4.045214,39.477972],[-4.043709,39.478021],[-4.042869,39.478218],[-4.041984,39.47826],[-4.040075,39.478685],[-4.038887,39.478766],[-4.037755,39.479556],[-4.036732,39.479974],[-4.036285,39.480671],[-4.035874,39.480675],[-4.034858,39.479952],[-4.033665,39.479614],[-4.032806,39.479065],[-4.032203,39.478864],[-4.031862,39.478946],[-4.030371,39.478725],[-4.02981,39.478478],[-4.029229,39.477955],[-4.028913,39.47798],[-4.027867,39.478512],[-4.025409,39.478635],[-4.024826,39.478788],[-4.022317,39.47882],[-4.021149,39.47806],[-4.020571,39.47792],[-4.020376,39.477537],[-4.020334,39.47396],[-4.020221,39.473327],[-4.019837,39.472948],[-4.018639,39.470696],[-4.019192,39.469729],[-4.019767,39.469047],[-4.02103,39.467994],[-4.021317,39.467539],[-4.021308,39.467007],[-4.020594,39.466341],[-4.020398,39.465897],[-4.01946,39.464893],[-4.019288,39.463928],[-4.018733,39.462399],[-4.018681,39.461225],[-4.01855,39.460906],[-4.017585,39.46038],[-4.015817,39.459048],[-4.015253,39.458356],[-4.015087,39.457889],[-4.014366,39.457236],[-4.013878,39.456485],[-4.013245,39.455772],[-4.012314,39.455446],[-4.011552,39.454911],[-4.008187,39.452339],[-4.007894,39.451888],[-4.007753,39.451271],[-4.007007,39.450313],[-4.006827,39.44895],[-4.006532,39.44864],[-4.004008,39.446763],[-4.003706,39.446451],[-4.003754,39.445559],[-4.005335,39.444668],[-4.006134,39.443789],[-4.00689,39.442134],[-4.007451,39.441446],[-4.008472,39.440809],[-4.009154,39.440064],[-4.010589,39.438924],[-4.011606,39.438358],[-4.012602,39.437555],[-4.014645,39.436431],[-4.015612,39.43605],[-4.016095,39.435748],[-4.016768,39.43559],[-4.017925,39.435131],[-4.018398,39.434821],[-4.019554,39.434361],[-4.020525,39.434206],[-4.023417,39.433057],[-4.024347,39.432566],[-4.024596,39.431908],[-4.024175,39.431467],[-4.023728,39.429808],[-4.023356,39.428918],[-4.022767,39.428019],[-4.022182,39.42757],[-4.021593,39.42735],[-4.020593,39.427308],[-4.019175,39.427613],[-4.018682,39.427908],[-4.015679,39.428394],[-4.014227,39.427732],[-4.013021,39.426865],[-4.012661,39.426247],[-4.01263,39.424571],[-4.012278,39.424037],[-4.011532,39.42349],[-4.011025,39.422904],[-4.010043,39.422544],[-4.009369,39.422092],[-4.008834,39.421994],[-4.007257,39.421997],[-4.005796,39.421515],[-4.004998,39.421006],[-4.003464,39.421132],[-4.002499,39.420859],[-4.001885,39.420344],[-4.00176,39.418205],[-4.00123,39.416894],[-4.001461,39.416456],[-4.002696,39.416214],[-4.004257,39.416342],[-4.006005,39.415944],[-4.0086,39.415919],[-4.009438,39.415861],[-4.010415,39.415085],[-4.010423,39.414081],[-4.010054,39.413044],[-4.008516,39.412349],[-4.007352,39.411997],[-4.00686,39.411477],[-4.005878,39.410803],[-4.004497,39.410384],[-4.003385,39.410145],[-4.001792,39.410552],[-4.000906,39.410594],[-4.000077,39.41079],[-3.999246,39.410828],[-3.998426,39.411027],[-3.997227,39.411048],[-3.995693,39.410766],[-3.994808,39.41033],[-3.993904,39.409679],[-3.99262,39.408268],[-3.99052,39.40758],[-3.989182,39.407324],[-3.987777,39.407279],[-3.986714,39.407138],[-3.985587,39.407702],[-3.983169,39.408319],[-3.982403,39.408629],[-3.981411,39.408733],[-3.979808,39.409161],[-3.978713,39.409154],[-3.977711,39.408985],[-3.976862,39.40914],[-3.974978,39.408794],[-3.97376,39.408803],[-3.971977,39.409223],[-3.969836,39.409256],[-3.96868,39.409052],[-3.96806,39.409065],[-3.967334,39.409258],[-3.963896,39.409278],[-3.962955,39.408936],[-3.962006,39.408868],[-3.957611,39.40889],[-3.956868,39.408711],[-3.955198,39.408697],[-3.952788,39.408294],[-3.951902,39.408268],[-3.950169,39.40787],[-3.949453,39.407836],[-3.94921,39.406543],[-3.949534,39.405962],[-3.947403,39.405546],[-3.946594,39.40516],[-3.946724,39.40433],[-3.946586,39.403391],[-3.945951,39.402966],[-3.94448,39.402857],[-3.943988,39.402564],[-3.942424,39.401981],[-3.941518,39.401242],[-3.941352,39.400553],[-3.941061,39.400097],[-3.940545,39.399709],[-3.940005,39.399692],[-3.938447,39.398531],[-3.936376,39.39744],[-3.935185,39.397103],[-3.933745,39.396109],[-3.932869,39.395665],[-3.931701,39.395225],[-3.930704,39.395139],[-3.927891,39.394459],[-3.927038,39.393911],[-3.925871,39.393469],[-3.924319,39.393106],[-3.923817,39.39282],[-3.922799,39.39264],[-3.921687,39.391776],[-3.921497,39.391329],[-3.920316,39.390358],[-3.918552,39.389479],[-3.917287,39.389116],[-3.915799,39.388018],[-3.915375,39.38752],[-3.913812,39.386027],[-3.913637,39.385214],[-3.913304,39.38476],[-3.912396,39.384114],[-3.911119,39.383532],[-3.91021,39.382801],[-3.910045,39.382335],[-3.908554,39.380102],[-3.907714,39.379811],[-3.905544,39.3798],[-3.904494,39.379448],[-3.902677,39.37918],[-3.901425,39.379072],[-3.900887,39.378663],[-3.9006,39.378208],[-3.900472,39.377434],[-3.899417,39.375959],[-3.899254,39.375491],[-3.898645,39.374978],[-3.897778,39.374708],[-3.895581,39.374705],[-3.894834,39.374763],[-3.894434,39.374994],[-3.893158,39.37603],[-3.891974,39.376691],[-3.890432,39.377094],[-3.889849,39.377347],[-3.889618,39.377054],[-3.887479,39.375399],[-3.886753,39.374381],[-3.88409,39.372394],[-3.882911,39.371735],[-3.881953,39.371583],[-3.881085,39.371047],[-3.88049,39.370921],[-3.87928,39.370059],[-3.878989,39.369749],[-3.878847,39.368667],[-3.878555,39.368358],[-3.876799,39.367018],[-3.875986,39.366751],[-3.872876,39.366795],[-3.872144,39.366988],[-3.870539,39.367003],[-3.86919,39.366528],[-3.868247,39.365733],[-3.86687,39.365632],[-3.866131,39.365073],[-3.864252,39.362253],[-3.86382,39.361964],[-3.863637,39.361512],[-3.862971,39.360599],[-3.862347,39.360031],[-3.861279,39.358374],[-3.860693,39.357701],[-3.85946,39.356933],[-3.858694,39.355947],[-3.857662,39.35555],[-3.856597,39.355028],[-3.855162,39.354758],[-3.85454,39.354756],[-3.853613,39.354967],[-3.850956,39.35498],[-3.850109,39.354794],[-3.849226,39.354765],[-3.848491,39.354591],[-3.847199,39.354504],[-3.846424,39.354208],[-3.84545,39.354068],[-3.844891,39.353828],[-3.844432,39.353358],[-3.843665,39.352888],[-3.843336,39.351919],[-3.843294,39.350908],[-3.843636,39.35037],[-3.844666,39.349508],[-3.844986,39.348675],[-3.844967,39.346629],[-3.844682,39.345725],[-3.844617,39.343537],[-3.84397,39.342135],[-3.843487,39.341632],[-3.843432,39.340462],[-3.843063,39.339811],[-3.842706,39.339483],[-3.842584,39.338676],[-3.842822,39.338105],[-3.842825,39.337175],[-3.842127,39.334868],[-3.841747,39.334486],[-3.841529,39.333974],[-3.841144,39.333591],[-3.841049,39.332904],[-3.841521,39.332231],[-3.841785,39.331556],[-3.840334,39.330921],[-3.83882,39.329905],[-3.838436,39.329754],[-3.837361,39.32871],[-3.837189,39.327896],[-3.836875,39.32729],[-3.836455,39.326992],[-3.835339,39.326687],[-3.834772,39.326363],[-3.833815,39.32621],[-3.832932,39.325771],[-3.832077,39.325221],[-3.831338,39.325174],[-3.826149,39.325234],[-3.825513,39.325355],[-3.824923,39.323781],[-3.823719,39.322829],[-3.823006,39.322483],[-3.820828,39.320797],[-3.820016,39.320529],[-3.816412,39.320561],[-3.815472,39.320486],[-3.814975,39.320197],[-3.814293,39.3201],[-3.811709,39.319468],[-3.811085,39.31948],[-3.809659,39.319774],[-3.808222,39.320241],[-3.807732,39.320537],[-3.806295,39.321004],[-3.804754,39.321391],[-3.803702,39.321928],[-3.802876,39.322006],[-3.797232,39.322039],[-3.795447,39.321808],[-3.794311,39.321534],[-3.793114,39.320889],[-3.792099,39.320101],[-3.791388,39.319754],[-3.789949,39.318758],[-3.788267,39.318674],[-3.787123,39.317897],[-3.786533,39.317678],[-3.785547,39.317593],[-3.785021,39.317064],[-3.785013,39.316735],[-3.784205,39.316117],[-3.783326,39.315671],[-3.782163,39.315227],[-3.781759,39.315235],[-3.780924,39.315755],[-3.781378,39.316569],[-3.781315,39.317338],[-3.780941,39.317728],[-3.780739,39.318246],[-3.779808,39.318875],[-3.779645,39.319696],[-3.779144,39.320612],[-3.779141,39.321198],[-3.779513,39.321866],[-3.780375,39.322777],[-3.782295,39.324217],[-3.782593,39.324527],[-3.78264,39.325234],[-3.782117,39.326482],[-3.782071,39.327489],[-3.781375,39.327889],[-3.78114,39.328379],[-3.780575,39.328841],[-3.779598,39.329213],[-3.778722,39.329896],[-3.778462,39.330364],[-3.779094,39.330979],[-3.77952,39.33191],[-3.779756,39.332848],[-3.779694,39.333393],[-3.780671,39.33423],[-3.780737,39.335073],[-3.780612,39.335415],[-3.779387,39.336198],[-3.778543,39.337575],[-3.779807,39.338904],[-3.779962,39.339526],[-3.780475,39.340838],[-3.7805,39.341157],[-3.779985,39.342416],[-3.779942,39.343723],[-3.778617,39.34499],[-3.778523,39.345633],[-3.778553,39.348166],[-3.778661,39.348903],[-3.779068,39.349496],[-3.779097,39.349959],[-3.778689,39.3504],[-3.778313,39.35137],[-3.77832,39.352713],[-3.778601,39.353627],[-3.778506,39.354557],[-3.778261,39.355659],[-3.777011,39.357612],[-3.776923,39.358426],[-3.777007,39.359887],[-3.778066,39.360862],[-3.777781,39.361314],[-3.776459,39.362411],[-3.776022,39.363334],[-3.775313,39.364002],[-3.77504,39.364935],[-3.775205,39.365754],[-3.774795,39.366191],[-3.774214,39.367092],[-3.774121,39.368768],[-3.773661,39.369578],[-3.773598,39.370584],[-3.774,39.371439],[-3.775176,39.371795],[-3.775535,39.372035],[-3.775403,39.372623],[-3.775339,39.373719],[-3.774708,39.374792],[-3.772577,39.374549],[-3.771979,39.374762],[-3.771197,39.375296],[-3.770603,39.375457],[-3.770957,39.376147],[-3.769943,39.377102],[-3.769662,39.378147],[-3.769992,39.378919],[-3.770691,39.379739],[-3.770673,39.380026],[-3.770132,39.380273],[-3.768582,39.380565],[-3.766527,39.380659],[-3.764614,39.381433],[-3.763479,39.381718],[-3.761488,39.381747],[-3.761002,39.381894],[-3.760764,39.382602],[-3.760979,39.383494],[-3.761781,39.384129],[-3.762335,39.384967],[-3.762163,39.386133],[-3.762703,39.387806],[-3.762754,39.388487],[-3.762784,39.392068],[-3.762887,39.392707],[-3.763286,39.3933],[-3.76349,39.394276],[-3.763891,39.39487],[-3.763985,39.396228],[-3.763552,39.397681],[-3.763733,39.398864],[-3.763964,39.399277],[-3.76481,39.399595],[-3.76539,39.400046],[-3.765582,39.400491],[-3.766311,39.401],[-3.766386,39.401567],[-3.766374,39.403507],[-3.766137,39.40415],[-3.766106,39.404796],[-3.765653,39.405456],[-3.76546,39.405978],[-3.764889,39.406883],[-3.764499,39.407256],[-3.764038,39.408161],[-3.763672,39.408412],[-3.763469,39.409598],[-3.76278,39.410273],[-3.762028,39.411849],[-3.761658,39.412237],[-3.761474,39.413213],[-3.760905,39.41412],[-3.760227,39.41472],[-3.759734,39.41546],[-3.758785,39.415854],[-3.757472,39.416863],[-3.756454,39.417426],[-3.755012,39.41856],[-3.754593,39.419274],[-3.753934,39.419898],[-3.753813,39.420228],[-3.75372,39.421373],[-3.753335,39.421973],[-3.753218,39.422743],[-3.752727,39.424129],[-3.752644,39.424634],[-3.752033,39.426118],[-3.751483,39.426815],[-3.750172,39.42783],[-3.749393,39.428698],[-3.750237,39.429212],[-3.750865,39.429403],[-3.751673,39.429903],[-3.753322,39.430228],[-3.754891,39.430236],[-3.755725,39.43042],[-3.757341,39.430444],[-3.758163,39.430738],[-3.758283,39.431091],[-3.758287,39.432321],[-3.758165,39.432655],[-3.757631,39.433068],[-3.75607,39.433665],[-3.754313,39.435005],[-3.754027,39.435318],[-3.753953,39.436183],[-3.753426,39.437044],[-3.753408,39.438663],[-3.753082,39.439568],[-3.752469,39.440078],[-3.751801,39.440239],[-3.751304,39.44053],[-3.749973,39.440805],[-3.748904,39.440941],[-3.74858,39.441369],[-3.748566,39.441841],[-3.748862,39.442149],[-3.750501,39.443366],[-3.750797,39.443678],[-3.751144,39.444804],[-3.75108,39.445751],[-3.752223,39.446003],[-3.755708,39.445986],[-3.757365,39.446244],[-3.75719,39.447242],[-3.756812,39.447632],[-3.756712,39.448346],[-3.75674,39.451365],[-3.756846,39.451999],[-3.757564,39.452266],[-3.758398,39.45207],[-3.759286,39.452024],[-3.760125,39.451825],[-3.762109,39.451816],[-3.762802,39.451928],[-3.763763,39.45176],[-3.764981,39.451404],[-3.766314,39.451126],[-3.767614,39.451096],[-3.769739,39.451596],[-3.770322,39.451818],[-3.771624,39.452533],[-3.772944,39.452704],[-3.77411,39.453147],[-3.774599,39.453443],[-3.776145,39.453814],[-3.777238,39.454231],[-3.778173,39.454799],[-3.780004,39.455253],[-3.781987,39.455569],[-3.782889,39.455994],[-3.784484,39.457239],[-3.784892,39.457464],[-3.785599,39.457474],[-3.78615,39.457302],[-3.786937,39.457339],[-3.788298,39.458089],[-3.789062,39.458351],[-3.79108,39.458698],[-3.791803,39.459188],[-3.792782,39.459552],[-3.793826,39.460319],[-3.794447,39.460647],[-3.795313,39.461646],[-3.795899,39.462093],[-3.797655,39.46298],[-3.799347,39.46352],[-3.801609,39.464345],[-3.802886,39.464578],[-3.803513,39.46458],[-3.804907,39.464217],[-3.80669,39.46517],[-3.808816,39.465991],[-3.808842,39.466276],[-3.808163,39.467103],[-3.80782,39.467924],[-3.807892,39.468531],[-3.808276,39.468916],[-3.808486,39.469889],[-3.808778,39.470341],[-3.810542,39.471676],[-3.811525,39.472037],[-3.81273,39.472905],[-3.813026,39.473214],[-3.813099,39.473776],[-3.813153,39.478806],[-3.812536,39.481283],[-3.811063,39.48226],[-3.809325,39.482947],[-3.807367,39.483287],[-3.806029,39.483787],[-3.802839,39.486271],[-3.802129,39.48707],[-3.799382,39.489222],[-3.798962,39.489945],[-3.798042,39.490774],[-3.798013,39.491188],[-3.797082,39.492023],[-3.796954,39.493848],[-3.796384,39.494754],[-3.794645,39.495887],[-3.793491,39.496571],[-3.792518,39.496947],[-3.791631,39.497611],[-3.791094,39.498186],[-3.789919,39.498765],[-3.789333,39.499217],[-3.789047,39.499673],[-3.789054,39.500206],[-3.78976,39.501021],[-3.790413,39.50205],[-3.790531,39.504189],[-3.791592,39.505046],[-3.791817,39.505636],[-3.790683,39.506401],[-3.789707,39.507401],[-3.789524,39.508066],[-3.788979,39.508321],[-3.788181,39.508428],[-3.786966,39.508836],[-3.784155,39.508867],[-3.783346,39.508946],[-3.782007,39.50949],[-3.780809,39.509583],[-3.779583,39.509878],[-3.778711,39.51033],[-3.777661,39.511095],[-3.777269,39.511245],[-3.776296,39.511959],[-3.775437,39.511868],[-3.773694,39.511869],[-3.772618,39.512168],[-3.771467,39.513079],[-3.771187,39.513536],[-3.771037,39.514226],[-3.770752,39.514544],[-3.769776,39.515225],[-3.768591,39.515579],[-3.767831,39.516117],[-3.766673,39.516575],[-3.765678,39.516677],[-3.763953,39.516961],[-3.762211,39.517422],[-3.761158,39.51796],[-3.760188,39.518339],[-3.757979,39.519559],[-3.756428,39.520166],[-3.755375,39.520708],[-3.754069,39.520988],[-3.752191,39.520361],[-3.749799,39.520355],[-3.748861,39.520434],[-3.747813,39.520976],[-3.746658,39.521436],[-3.744355,39.521951],[-3.742812,39.522193],[-3.741978,39.522228],[-3.741147,39.522422],[-3.740261,39.522461],[-3.737841,39.522986],[-3.736103,39.523673],[-3.735342,39.52421],[-3.734467,39.524661],[-3.733792,39.524817],[-3.732053,39.525502],[-3.731578,39.525811],[-3.729733,39.526417],[-3.729259,39.526725],[-3.727128,39.52756],[-3.724918,39.528781],[-3.723181,39.529468],[-3.72117,39.529981],[-3.720442,39.530028],[-3.717967,39.530679],[-3.717272,39.530775],[-3.715537,39.53124],[-3.715052,39.531541],[-3.714077,39.531916],[-3.713474,39.532434],[-3.713375,39.532777],[-3.712469,39.534266],[-3.710894,39.535524],[-3.710064,39.536456],[-3.709875,39.536982],[-3.70928,39.53787],[-3.708599,39.538245],[-3.707602,39.539049],[-3.70714,39.539293],[-3.706277,39.539336],[-3.702789,39.539348],[-3.70226,39.539445],[-3.700903,39.540417],[-3.69958,39.540918],[-3.699058,39.541023],[-3.697133,39.541791],[-3.694682,39.542123],[-3.693544,39.542407],[-3.6925,39.542774],[-3.690816,39.542831],[-3.689633,39.543063],[-3.688891,39.54333],[-3.688006,39.543997],[-3.687326,39.544745],[-3.686115,39.545237],[-3.684859,39.545532],[-3.681606,39.545555],[-3.68077,39.545633],[-3.678741,39.546098],[-3.677975,39.546408],[-3.676235,39.54687],[-3.674793,39.547159],[-3.673215,39.547166],[-3.672473,39.546984],[-3.670024,39.546975],[-3.668973,39.546778],[-3.665088,39.54678],[-3.663483,39.546533],[-3.662155,39.546049],[-3.661673,39.545748],[-3.66069,39.545385],[-3.660102,39.54494],[-3.659809,39.544489],[-3.659355,39.543121],[-3.658447,39.542382],[-3.656684,39.541492],[-3.655217,39.541472],[-3.654365,39.542036],[-3.653491,39.542488],[-3.65223,39.542868],[-3.651056,39.543761],[-3.650635,39.544244],[-3.649446,39.544769],[-3.648469,39.544917],[-3.647883,39.545142],[-3.64731,39.545598],[-3.646585,39.546521],[-3.645978,39.546818],[-3.644704,39.547188],[-3.643836,39.547869],[-3.643547,39.548323],[-3.643238,39.549189],[-3.643749,39.550102],[-3.643318,39.550687],[-3.642421,39.550812],[-3.64096,39.551264],[-3.639495,39.552383],[-3.638502,39.553418],[-3.638097,39.55365],[-3.636998,39.553653],[-3.636136,39.55309],[-3.635472,39.552849],[-3.634841,39.553071],[-3.634003,39.553787],[-3.633395,39.554525],[-3.630806,39.553879],[-3.629662,39.553514],[-3.628495,39.553524],[-3.626141,39.554493],[-3.625542,39.554796],[-3.625002,39.555413],[-3.624565,39.556569],[-3.623776,39.556905],[-3.622669,39.556406],[-3.621445,39.555701],[-3.620431,39.554531],[-3.619233,39.553656],[-3.618427,39.553562],[-3.616336,39.55359],[-3.614951,39.553847],[-3.613569,39.554236],[-3.612918,39.554308],[-3.61199,39.554657],[-3.610145,39.555038],[-3.609532,39.555549],[-3.60938,39.55602],[-3.608814,39.55693],[-3.607656,39.557612],[-3.606896,39.557882],[-3.60494,39.558223],[-3.604171,39.558754],[-3.603592,39.558984],[-3.601173,39.559597],[-3.600678,39.559891],[-3.59969,39.559996],[-3.59865,39.560271],[-3.598089,39.560635],[-3.596694,39.560701],[-3.596156,39.56086],[-3.594656,39.560929],[-3.593897,39.561201],[-3.593425,39.561511],[-3.59217,39.561895],[-3.591611,39.562229],[-3.590584,39.562529],[-3.589072,39.563109],[-3.587752,39.563295],[-3.587022,39.564005],[-3.586468,39.564253],[-3.585772,39.564348],[-3.584152,39.564767],[-3.582472,39.564826],[-3.581828,39.565002],[-3.577617,39.565065],[-3.576471,39.565202],[-3.575698,39.564894],[-3.575098,39.564877],[-3.57453,39.565198],[-3.572086,39.566021],[-3.56993,39.567731],[-3.567717,39.568801],[-3.567032,39.569545],[-3.563409,39.572373],[-3.561416,39.574656],[-3.56132,39.57547],[-3.561353,39.578689],[-3.561627,39.579598],[-3.561663,39.581879],[-3.561579,39.582167],[-3.560742,39.583095],[-3.560137,39.583528],[-3.558867,39.584125],[-3.558284,39.584575],[-3.558002,39.585031],[-3.557817,39.586009],[-3.55745,39.5864],[-3.557221,39.587121],[-3.556255,39.587726],[-3.555544,39.588525],[-3.55423,39.589312],[-3.552094,39.590964],[-3.551074,39.591154],[-3.550281,39.591578],[-3.549625,39.592285],[-3.549435,39.592812],[-3.548821,39.593761],[-3.547865,39.594299],[-3.546416,39.59543],[-3.545577,39.596356],[-3.545121,39.597267],[-3.544835,39.597394],[-3.543526,39.597438],[-3.54267,39.597717],[-3.541803,39.598174],[-3.540782,39.598961],[-3.539991,39.599237],[-3.537425,39.59927],[-3.536691,39.599458],[-3.533141,39.599488],[-3.53231,39.599561],[-3.531916,39.599884],[-3.530173,39.600032],[-3.529131,39.600401],[-3.527574,39.600335],[-3.527246,39.59991],[-3.526882,39.598948],[-3.526841,39.5983],[-3.526581,39.597582],[-3.526546,39.59628],[-3.526173,39.595538],[-3.524724,39.594406],[-3.523688,39.593772],[-3.523238,39.59285],[-3.52265,39.592404],[-3.521934,39.592058],[-3.520757,39.591167],[-3.520426,39.590711],[-3.520258,39.589896],[-3.518992,39.589065],[-3.518546,39.587685],[-3.518222,39.587257],[-3.516664,39.587193],[-3.515257,39.587586],[-3.514618,39.587371],[-3.511563,39.584996],[-3.510749,39.584726],[-3.507733,39.58475],[-3.50543,39.585183],[-3.500906,39.585216],[-3.500071,39.585294],[-3.499306,39.585605],[-3.498167,39.585888],[-3.496376,39.58614],[-3.484844,39.586186],[-3.484018,39.586539],[-3.483155,39.587969],[-3.48284,39.589121],[-3.482794,39.590044],[-3.482592,39.590463],[-3.482545,39.591384],[-3.482288,39.592189],[-3.482261,39.593278],[-3.481859,39.594731],[-3.481219,39.595287],[-3.480934,39.595741],[-3.480781,39.596431],[-3.47981,39.597207],[-3.478876,39.596985],[-3.477708,39.596077],[-3.477014,39.595336],[-3.476346,39.594877],[-3.47469,39.594762],[-3.473927,39.594504],[-3.473051,39.59383],[-3.472762,39.593376],[-3.47256,39.592629],[-3.472185,39.592242],[-3.471982,39.591496],[-3.47169,39.591044],[-3.470989,39.590456],[-3.47069,39.590004],[-3.470703,39.589255],[-3.471062,39.588771],[-3.470489,39.587229],[-3.470113,39.586843],[-3.469903,39.586327],[-3.468309,39.584998],[-3.468218,39.584135],[-3.467964,39.583406],[-3.467852,39.582497],[-3.467561,39.582045],[-3.466676,39.581605],[-3.465781,39.58149],[-3.465114,39.581015],[-3.464914,39.580491],[-3.46396,39.579788],[-3.462874,39.579732],[-3.461474,39.579497],[-3.460727,39.579237],[-3.459537,39.578356],[-3.458813,39.577563],[-3.457357,39.576437],[-3.456955,39.576214],[-3.455737,39.576142],[-3.45466,39.575957],[-3.453724,39.576246],[-3.452305,39.576956],[-3.451719,39.577494],[-3.450807,39.577525],[-3.450159,39.577346],[-3.44945,39.577362],[-3.448467,39.578132],[-3.448632,39.578954],[-3.448033,39.58063],[-3.446667,39.582198],[-3.446212,39.582463],[-3.445407,39.582564],[-3.444957,39.58302],[-3.444778,39.584051],[-3.445306,39.585091],[-3.446225,39.585595],[-3.447017,39.585699],[-3.446982,39.58719],[-3.446754,39.587753],[-3.446633,39.588525],[-3.445911,39.589254],[-3.446109,39.589933],[-3.446141,39.590788],[-3.445769,39.59146],[-3.445412,39.59181],[-3.445639,39.592151],[-3.446981,39.59315],[-3.447543,39.593843],[-3.448032,39.595045],[-3.44901,39.596095],[-3.449073,39.59739],[-3.448848,39.597972],[-3.44896,39.598707],[-3.448385,39.599207],[-3.44827,39.60002],[-3.448934,39.601358],[-3.449794,39.602045],[-3.450835,39.602675],[-3.451175,39.603569],[-3.451225,39.604295],[-3.451767,39.605752],[-3.451779,39.606235],[-3.451524,39.606955],[-3.451494,39.608044],[-3.451019,39.608554],[-3.45084,39.609005],[-3.449949,39.61034],[-3.449569,39.610581],[-3.449006,39.611859],[-3.448831,39.61307],[-3.44818,39.613692],[-3.447922,39.614839],[-3.447216,39.61524],[-3.447156,39.616539],[-3.44667,39.617859],[-3.446584,39.618372],[-3.446252,39.618941],[-3.445273,39.619536],[-3.444215,39.620295],[-3.443238,39.620667],[-3.442456,39.621099],[-3.441498,39.622024],[-3.440634,39.62338],[-3.439979,39.624798],[-3.43995,39.626182],[-3.439728,39.626671],[-3.439551,39.627582],[-3.439866,39.627766],[-3.441079,39.627958],[-3.441133,39.628508],[-3.440775,39.629313],[-3.439803,39.630365],[-3.439514,39.630817],[-3.439076,39.631966],[-3.43804,39.63291],[-3.437698,39.633909],[-3.437695,39.635342],[-3.43733,39.636094],[-3.436066,39.637143],[-3.435865,39.637662],[-3.435494,39.638051],[-3.435037,39.638821],[-3.432846,39.640506],[-3.43252,39.640964],[-3.43236,39.641778],[-3.431272,39.642888],[-3.428505,39.645028],[-3.428212,39.645337],[-3.427597,39.646841],[-3.427606,39.648304],[-3.428125,39.649236],[-3.42822,39.649739],[-3.428535,39.65011],[-3.429867,39.651107],[-3.430724,39.65203],[-3.430806,39.652797],[-3.430474,39.653625],[-3.429432,39.654557],[-3.428121,39.655944],[-3.427118,39.656746],[-3.42679,39.657202],[-3.426742,39.657768],[-3.426446,39.658743],[-3.426025,39.658953],[-3.424437,39.658961],[-3.423901,39.658855],[-3.423229,39.658387],[-3.422577,39.658332],[-3.421071,39.659374],[-3.419402,39.659806],[-3.418606,39.659913],[-3.417283,39.660327],[-3.41549,39.660358],[-3.414633,39.660638],[-3.412162,39.662564],[-3.411774,39.66278],[-3.409956,39.662489],[-3.408901,39.662611],[-3.408479,39.662514],[-3.407808,39.662049],[-3.407047,39.662216],[-3.405913,39.663153],[-3.405728,39.663461],[-3.404773,39.664171],[-3.40367,39.664175],[-3.402704,39.663473],[-3.402224,39.662715],[-3.401534,39.662122],[-3.400758,39.660917],[-3.40017,39.660244],[-3.399574,39.659894],[-3.398275,39.658692],[-3.398199,39.657158],[-3.397736,39.656395],[-3.396945,39.655971],[-3.395831,39.655652],[-3.394522,39.655146],[-3.393342,39.653939],[-3.392265,39.653283],[-3.391677,39.653055],[-3.390627,39.652887],[-3.389987,39.653564],[-3.388954,39.653973],[-3.388078,39.654647],[-3.387726,39.655319],[-3.387689,39.656009],[-3.387464,39.656594],[-3.387331,39.657888],[-3.38676,39.658571],[-3.385885,39.659247],[-3.385175,39.6596],[-3.383762,39.660625],[-3.382963,39.66073],[-3.381825,39.661743],[-3.381238,39.661966],[-3.379915,39.662148],[-3.379224,39.662889],[-3.377934,39.66392],[-3.376785,39.665733],[-3.376628,39.666205],[-3.375887,39.666692],[-3.375297,39.666595],[-3.373847,39.666808],[-3.373259,39.667066],[-3.371807,39.668284],[-3.371663,39.669657],[-3.371084,39.670559],[-3.370397,39.671154],[-3.369057,39.673268],[-3.36848,39.673948],[-3.367898,39.674399],[-3.366894,39.67484],[-3.366467,39.675321],[-3.365469,39.675678],[-3.364834,39.676251],[-3.364461,39.677283],[-3.362832,39.678368],[-3.362144,39.679111],[-3.36093,39.679827],[-3.359603,39.680318],[-3.358948,39.680388],[-3.35646,39.681336],[-3.355404,39.681872],[-3.354159,39.682161],[-3.352065,39.682195],[-3.350628,39.682475],[-3.350073,39.682722],[-3.349283,39.683463],[-3.348331,39.683855],[-3.348223,39.684123],[-3.348248,39.689491],[-3.348357,39.689759],[-3.348917,39.690002],[-3.349903,39.690139],[-3.350292,39.690654],[-3.350285,39.691719],[-3.35005,39.692296],[-3.350006,39.69302],[-3.350032,39.698412],[-3.350114,39.698715],[-3.350613,39.698858],[-3.351155,39.698755],[-3.351875,39.698242],[-3.352838,39.697949],[-3.364864,39.697899],[-3.365699,39.697966],[-3.366247,39.698219],[-3.36647,39.698723],[-3.367052,39.699175],[-3.367649,39.699303],[-3.368455,39.699816],[-3.369788,39.699939],[-3.371232,39.700216],[-3.372307,39.700736],[-3.373196,39.700858],[-3.37406,39.701406],[-3.375041,39.701774],[-3.376495,39.702903],[-3.376698,39.703423],[-3.377273,39.70388],[-3.379353,39.704658],[-3.380189,39.705267],[-3.381774,39.705354],[-3.382044,39.705675],[-3.381894,39.706101],[-3.381847,39.707247],[-3.380799,39.708061],[-3.38032,39.70904],[-3.379362,39.710101],[-3.379158,39.710617],[-3.378785,39.711005],[-3.378358,39.712534],[-3.378047,39.712908],[-3.377146,39.713564],[-3.376243,39.713907],[-3.375671,39.714442],[-3.37439,39.714322],[-3.371816,39.714326],[-3.370292,39.714575],[-3.369977,39.714836],[-3.369908,39.715474],[-3.369581,39.716294],[-3.369246,39.716785],[-3.368551,39.71715],[-3.367857,39.71789],[-3.366821,39.718674],[-3.366532,39.719018],[-3.366871,39.719892],[-3.367339,39.72048],[-3.367278,39.721704],[-3.36659,39.722751],[-3.366016,39.723883],[-3.365858,39.724569],[-3.364875,39.725252],[-3.364268,39.726133],[-3.364142,39.727432],[-3.363941,39.727852],[-3.363813,39.72915],[-3.363231,39.73005],[-3.362554,39.730653],[-3.362409,39.731277],[-3.361392,39.732904],[-3.361199,39.733878],[-3.360823,39.734263],[-3.360455,39.73514],[-3.360444,39.737042],[-3.360345,39.737487],[-3.359968,39.737871],[-3.359808,39.739232],[-3.35909,39.739891],[-3.358797,39.74034],[-3.358707,39.740989],[-3.358728,39.744242],[-3.358767,39.744945],[-3.358967,39.745513],[-3.357963,39.746431],[-3.357508,39.746981],[-3.355476,39.748572],[-3.354817,39.748822],[-3.35414,39.748717],[-3.353181,39.748885],[-3.353098,39.749451],[-3.353991,39.749824],[-3.354331,39.750931],[-3.354014,39.751478],[-3.353026,39.752523],[-3.352672,39.753194],[-3.352554,39.754181],[-3.35159,39.755238],[-3.351407,39.756668],[-3.351169,39.756861],[-3.349821,39.757117],[-3.349774,39.757667],[-3.350542,39.758703],[-3.351379,39.758867],[-3.351553,39.759823],[-3.35178,39.760334],[-3.351688,39.76099],[-3.351134,39.761394],[-3.350162,39.761773],[-3.349759,39.762783],[-3.349512,39.763009],[-3.348654,39.763162],[-3.34811,39.763572],[-3.347825,39.764026],[-3.348014,39.764916],[-3.347983,39.765622],[-3.34726,39.766282],[-3.346903,39.766951],[-3.346869,39.767644],[-3.346542,39.768565],[-3.34621,39.768844],[-3.345244,39.769002],[-3.344042,39.769653],[-3.339542,39.773162],[-3.338582,39.773699],[-3.338454,39.774031],[-3.338473,39.777066],[-3.338411,39.777818],[-3.337233,39.7788],[-3.33651,39.779228],[-3.336042,39.780356],[-3.335671,39.780745],[-3.335443,39.781469],[-3.334339,39.782328],[-3.333321,39.782502],[-3.332744,39.782858],[-3.331321,39.783025],[-3.331062,39.783275],[-3.330154,39.783478],[-3.32935,39.7839],[-3.329019,39.784628],[-3.328423,39.784845],[-3.328161,39.785318],[-3.327514,39.785804],[-3.326376,39.786195],[-3.326202,39.786781],[-3.325895,39.786981],[-3.324276,39.786989],[-3.323289,39.786434],[-3.322859,39.786336],[-3.320438,39.786325],[-3.319658,39.786436],[-3.319343,39.787401],[-3.318477,39.78786],[-3.317426,39.788128],[-3.316694,39.788171],[-3.314304,39.788808],[-3.313506,39.788768],[-3.312146,39.788226],[-3.310958,39.788206],[-3.309811,39.788993],[-3.309152,39.789311],[-3.308814,39.789666],[-3.308467,39.790388],[-3.306805,39.79073],[-3.304122,39.792117],[-3.30329,39.792836],[-3.303114,39.79329],[-3.302436,39.794342],[-3.301959,39.795324],[-3.301311,39.79588],[-3.301205,39.796691],[-3.301439,39.797241],[-3.301219,39.797942],[-3.300963,39.799287],[-3.30168,39.800205],[-3.302069,39.801559],[-3.301516,39.802968],[-3.301495,39.80427],[-3.301121,39.805458],[-3.300736,39.805836],[-3.299574,39.80764],[-3.299345,39.808662],[-3.298442,39.809243],[-3.298276,39.810065],[-3.297973,39.810819],[-3.297415,39.8113],[-3.29619,39.812008],[-3.295211,39.81238],[-3.294069,39.813167],[-3.293084,39.81322],[-3.291084,39.813214],[-3.29024,39.813286],[-3.289652,39.81351],[-3.289044,39.814036],[-3.289044,39.815046],[-3.289229,39.81548],[-3.288934,39.815684],[-3.288205,39.81573],[-3.287053,39.816008],[-3.286172,39.816456],[-3.285105,39.81721],[-3.284433,39.817369],[-3.283366,39.818123],[-3.282195,39.818573],[-3.281589,39.818698],[-3.280453,39.819484],[-3.279692,39.819747],[-3.278697,39.819847],[-3.278304,39.820166],[-3.27772,39.820308],[-3.275383,39.821212],[-3.274229,39.821901],[-3.274029,39.822425],[-3.273496,39.822713],[-3.272767,39.822663],[-3.27133,39.822181],[-3.270783,39.821475],[-3.269929,39.821324],[-3.268976,39.820759],[-3.268052,39.820431],[-3.26691,39.819509],[-3.266682,39.819159],[-3.266054,39.818729],[-3.264281,39.818679],[-3.263318,39.818583],[-3.26254,39.819316],[-3.261747,39.819742],[-3.260748,39.8201],[-3.259326,39.821256],[-3.259126,39.821777],[-3.257974,39.822691],[-3.257227,39.822955],[-3.255944,39.823196],[-3.254154,39.823208],[-3.252262,39.822888],[-3.251251,39.822392],[-3.24998,39.822108],[-3.248239,39.821974],[-3.24629,39.82384],[-3.245305,39.824207],[-3.244427,39.824881],[-3.244088,39.825476],[-3.243686,39.8267],[-3.242675,39.826873],[-3.241058,39.827282],[-3.236793,39.827302],[-3.235915,39.827416],[-3.23525,39.827883],[-3.234198,39.82797],[-3.233662,39.827822],[-3.232829,39.828029],[-3.232283,39.828551],[-3.231695,39.828307],[-3.230417,39.828198],[-3.229669,39.828014],[-3.229043,39.828008],[-3.228306,39.828191],[-3.227106,39.828239],[-3.225746,39.828384],[-3.224979,39.82808],[-3.223995,39.828299],[-3.223142,39.828859],[-3.222544,39.828991],[-3.221751,39.829416],[-3.220895,39.830206],[-3.220239,39.830447],[-3.21986,39.830392],[-3.219051,39.829873],[-3.217269,39.829579],[-3.21554,39.829161],[-3.21458,39.829342],[-3.213381,39.82939],[-3.21232,39.829592],[-3.211147,39.829469],[-3.210662,39.829756],[-3.209733,39.829843],[-3.207817,39.829809],[-3.206852,39.829618],[-3.204899,39.829615],[-3.204353,39.829898],[-3.204285,39.830537],[-3.203701,39.83152],[-3.202959,39.832024],[-3.202855,39.832871],[-3.202616,39.833514],[-3.202589,39.8349],[-3.202484,39.835171],[-3.201655,39.835471],[-3.200334,39.835508],[-3.198736,39.835841],[-3.197425,39.835777],[-3.196875,39.836032],[-3.196687,39.836699],[-3.195792,39.837452],[-3.194227,39.838049],[-3.193736,39.838346],[-3.191962,39.838698],[-3.191634,39.838905],[-3.191088,39.83991],[-3.19018,39.840336],[-3.189962,39.840759],[-3.188422,39.84101],[-3.187882,39.842169],[-3.187035,39.842643],[-3.186085,39.843038],[-3.185637,39.843892],[-3.184971,39.84443],[-3.183134,39.844593],[-3.182548,39.844819],[-3.181761,39.845344],[-3.18118,39.845493],[-3.181075,39.845947],[-3.181491,39.84625],[-3.181621,39.847179],[-3.182145,39.848109],[-3.182059,39.848482],[-3.180729,39.849029],[-3.179528,39.849072],[-3.178888,39.849246],[-3.177901,39.849187],[-3.177135,39.848832],[-3.175089,39.848813],[-3.173868,39.848651],[-3.173347,39.848791],[-3.172406,39.848832],[-3.171165,39.849121],[-3.170398,39.849417],[-3.169444,39.849368],[-3.168554,39.850484],[-3.168314,39.8512],[-3.167707,39.851409],[-3.167161,39.852117],[-3.166626,39.852214],[-3.164634,39.852012],[-3.163394,39.852367],[-3.16245,39.852442],[-3.159789,39.852442],[-3.159198,39.852524],[-3.158712,39.85281],[-3.157649,39.852673],[-3.156937,39.852713],[-3.1566,39.852918],[-3.155774,39.854386],[-3.155224,39.854638],[-3.15462,39.854706],[-3.152077,39.854701],[-3.151271,39.855065],[-3.15112,39.855758],[-3.150839,39.856217],[-3.150241,39.856657],[-3.14959,39.856832],[-3.148986,39.857492],[-3.148762,39.858219],[-3.14746,39.858733],[-3.146649,39.858849],[-3.145556,39.859363],[-3.144705,39.859071],[-3.143018,39.858964],[-3.141646,39.858754],[-3.140596,39.858482],[-3.139937,39.85792],[-3.139565,39.857968],[-3.139251,39.858438],[-3.139223,39.859098],[-3.138835,39.860039],[-3.138279,39.860286],[-3.137306,39.860439],[-3.136865,39.8607],[-3.136143,39.86081],[-3.133285,39.860819],[-3.131896,39.861067],[-3.131148,39.86133],[-3.130546,39.861767],[-3.130074,39.862304],[-3.129137,39.862611],[-3.12734,39.862639],[-3.126604,39.862821],[-3.124932,39.863064],[-3.124041,39.863079],[-3.122681,39.863371],[-3.121442,39.863723],[-3.117992,39.863733],[-3.117337,39.863555],[-3.116548,39.8636],[-3.115754,39.864029],[-3.114758,39.865018],[-3.114699,39.865322],[-3.114717,39.867677],[-3.115265,39.869448],[-3.115305,39.87083],[-3.115648,39.871735],[-3.116693,39.872676],[-3.117144,39.873596],[-3.118,39.874514],[-3.119017,39.87531],[-3.119368,39.875901],[-3.119313,39.876519],[-3.118616,39.877568],[-3.118419,39.878541],[-3.118041,39.878926],[-3.117663,39.879873],[-3.117618,39.880597],[-3.117387,39.881168],[-3.11727,39.882158],[-3.116981,39.88261],[-3.11552,39.883738],[-3.114932,39.883962],[-3.11344,39.884038],[-3.113103,39.88421],[-3.113198,39.884794],[-3.112916,39.885106],[-3.111618,39.886138],[-3.111413,39.886656],[-3.111025,39.887033],[-3.110664,39.8877],[-3.110626,39.88893],[-3.110511,39.889187],[-3.109567,39.889961],[-3.109278,39.890414],[-3.109159,39.891188],[-3.1084,39.892215],[-3.108321,39.892513],[-3.108291,39.89411],[-3.108002,39.895248],[-3.10767,39.895703],[-3.106473,39.896583],[-3.105647,39.896999],[-3.104171,39.897139],[-3.103435,39.897398],[-3.102269,39.898302],[-3.101688,39.899205],[-3.101568,39.900426],[-3.100793,39.901083],[-3.100658,39.901699],[-3.100268,39.902029],[-3.099355,39.902363],[-3.096409,39.904599],[-3.095913,39.905192],[-3.094385,39.906193],[-3.093906,39.90695],[-3.093522,39.90733],[-3.093315,39.907846],[-3.092634,39.908673],[-3.091986,39.910471],[-3.09194,39.911159],[-3.091704,39.911747],[-3.091758,39.912359],[-3.092212,39.91308],[-3.092522,39.914067],[-3.092584,39.914633],[-3.093024,39.915447],[-3.09173,39.916001],[-3.091292,39.917317],[-3.090629,39.917933],[-3.090128,39.918813],[-3.089362,39.919165],[-3.089067,39.919702],[-3.089031,39.920935],[-3.088387,39.921385],[-3.087538,39.921453],[-3.0839,39.921447],[-3.083326,39.921546],[-3.082726,39.921886],[-3.081183,39.921931],[-3.080693,39.922067],[-3.079998,39.921932],[-3.078887,39.921909],[-3.078047,39.922215],[-3.077702,39.924027],[-3.078111,39.924334],[-3.078725,39.924461],[-3.078995,39.924776],[-3.078442,39.925208],[-3.077717,39.92556],[-3.076552,39.926467],[-3.076066,39.926994],[-3.0755,39.927089],[-3.073654,39.927085],[-3.073064,39.927162],[-3.071994,39.92769],[-3.070716,39.928058],[-3.069518,39.928938],[-3.069165,39.929559],[-3.069169,39.931065],[-3.069045,39.9315],[-3.068382,39.932116],[-3.06826,39.93312],[-3.067747,39.934708],[-3.067966,39.93519],[-3.06791,39.935798],[-3.066915,39.936249],[-3.06656,39.937055],[-3.066309,39.938447],[-3.067359,39.939387],[-3.067427,39.941073],[-3.067566,39.94148],[-3.068151,39.941977],[-3.067637,39.942335],[-3.067019,39.942458],[-3.065865,39.943235],[-3.065469,39.943381],[-3.064268,39.944349],[-3.063782,39.946211],[-3.06345,39.946417],[-3.062522,39.946484],[-3.061927,39.946821],[-3.061762,39.947284],[-3.060798,39.948204],[-3.059889,39.948546],[-3.057277,39.95059],[-3.05699,39.951045],[-3.05683,39.951732],[-3.056139,39.952192],[-3.055534,39.953077],[-3.055389,39.953686],[-3.055091,39.95389],[-3.054194,39.954107],[-3.053181,39.954195],[-3.052618,39.954437],[-3.052089,39.955382],[-3.051177,39.955806],[-3.050922,39.956285],[-3.050373,39.956539],[-3.048085,39.957087],[-3.046687,39.957476],[-3.045412,39.957712],[-3.044679,39.957755],[-3.042749,39.958247],[-3.042077,39.959168],[-3.041885,39.959699],[-3.041431,39.960161],[-3.040574,39.960022],[-3.038375,39.960417],[-3.037088,39.960509],[-3.036502,39.960733],[-3.035428,39.961393],[-3.034547,39.962157],[-3.033396,39.96247],[-3.031121,39.962464],[-3.030583,39.962746],[-3.030416,39.963559],[-3.029009,39.965329],[-3.028413,39.965771],[-3.027734,39.965925],[-3.027139,39.966368],[-3.026634,39.967105],[-3.025943,39.967559],[-3.025385,39.968622],[-3.025024,39.969516],[-3.024906,39.970956],[-3.024087,39.971827],[-3.023049,39.972231],[-3.022189,39.972779],[-3.021214,39.972727],[-3.020266,39.97362],[-3.01991,39.973786],[-3.019723,39.974253],[-3.019812,39.974787],[-3.02011,39.975242],[-3.021689,39.976508],[-3.022114,39.977158],[-3.023474,39.977928],[-3.024218,39.978842],[-3.024821,39.979282],[-3.025406,39.979427],[-3.025576,39.979966],[-3.025313,39.980626],[-3.025384,39.981772],[-3.025682,39.982222],[-3.026405,39.982882],[-3.0263,39.983551],[-3.02667,39.984476],[-3.025392,39.986416],[-3.02523,39.988003],[-3.024631,39.988308],[-3.023343,39.988669],[-3.022284,39.989434],[-3.021697,39.989661],[-3.020897,39.989698],[-3.020246,39.989519],[-3.018925,39.989509],[-3.018401,39.989748],[-3.017555,39.99105],[-3.017307,39.991235],[-3.015851,39.991736],[-3.014249,39.991766],[-3.013717,39.992003],[-3.013096,39.992726],[-3.012618,39.993484],[-3.010878,39.994849],[-3.010151,39.995277],[-3.010076,39.996953],[-3.009776,39.99753],[-3.008916,39.997838],[-3.006713,39.997843],[-3.005856,39.997791],[-3.004441,39.996763],[-3.003409,39.996205],[-3.002399,39.995404],[-3.001705,39.995134],[-3.000353,39.995128],[-2.999848,39.995395],[-2.999438,39.996637],[-2.99907,39.996889],[-2.997604,39.997254],[-2.996533,39.998457],[-2.995494,39.999325],[-2.995331,40.000461],[-2.99437,40.001614],[-2.994086,40.001756],[-2.993592,40.00265],[-2.992779,40.003128],[-2.991827,40.002407],[-2.991247,40.002191],[-2.990377,40.00229],[-2.989735,40.002083],[-2.989343,40.00174],[-2.989217,40.00115],[-2.988345,40.001839],[-2.987535,40.002116],[-2.985577,40.002116],[-2.984988,40.002035],[-2.984125,40.001667],[-2.983233,40.001734],[-2.982156,40.00218],[-2.981761,40.002499],[-2.980761,40.002596],[-2.979732,40.002878],[-2.979413,40.003309],[-2.979278,40.003943],[-2.978991,40.004261],[-2.97792,40.004864],[-2.977593,40.005324],[-2.977429,40.006145],[-2.976751,40.006377],[-2.974977,40.00596],[-2.974208,40.006193],[-2.973813,40.006518],[-2.97349,40.00735],[-2.973441,40.008365],[-2.973269,40.008585],[-2.972044,40.008759],[-2.971367,40.009219],[-2.970992,40.00927],[-2.970377,40.008845],[-2.970107,40.008444],[-2.969486,40.008013],[-2.96841,40.008171],[-2.967412,40.008112],[-2.966518,40.00781],[-2.965148,40.008464],[-2.964288,40.009695],[-2.963612,40.010302],[-2.963418,40.010744],[-2.962578,40.010933],[-2.961538,40.011636],[-2.960885,40.012969],[-2.960895,40.013773],[-2.961123,40.014295],[-2.960974,40.014666],[-2.960348,40.015088],[-2.96018,40.015773],[-2.959584,40.016678],[-2.959201,40.017048],[-2.960075,40.018027],[-2.961196,40.018894],[-2.962283,40.01911],[-2.96331,40.019827],[-2.963953,40.020158],[-2.964028,40.020452],[-2.963719,40.021107],[-2.962124,40.02155],[-2.960901,40.022261],[-2.960431,40.022803],[-2.959805,40.023241],[-2.958831,40.023389],[-2.958181,40.022942],[-2.956661,40.022448],[-2.955084,40.022224],[-2.954843,40.0224],[-2.954598,40.023194],[-2.954228,40.023588],[-2.954021,40.024334],[-2.953738,40.024551],[-2.952749,40.024487],[-2.952273,40.025151],[-2.951062,40.025695],[-2.950481,40.025543],[-2.949523,40.025594],[-2.949154,40.026025],[-2.949103,40.026593],[-2.948803,40.02757],[-2.948284,40.028512],[-2.948229,40.029076],[-2.947872,40.029963],[-2.947253,40.031064],[-2.946706,40.031164],[-2.94501,40.031158],[-2.944478,40.031333],[-2.944061,40.031989],[-2.943529,40.03241],[-2.942468,40.03249],[-2.941599,40.032357],[-2.940534,40.032878],[-2.938976,40.033033],[-2.937772,40.033684],[-2.936432,40.034681],[-2.935852,40.034826],[-2.935525,40.03511],[-2.934025,40.035308],[-2.933788,40.035805],[-2.933274,40.036228],[-2.931647,40.036176],[-2.930747,40.0367],[-2.930288,40.037615],[-2.92975,40.038027],[-2.928679,40.038147],[-2.928112,40.038428],[-2.928127,40.039402],[-2.92848,40.039747],[-2.92856,40.040252],[-2.928266,40.040559],[-2.926972,40.041239],[-2.926365,40.041219],[-2.925,40.040671],[-2.924314,40.040896],[-2.924163,40.041972],[-2.922937,40.043002],[-2.922004,40.043185],[-2.921153,40.044565],[-2.920186,40.044641],[-2.919195,40.044467],[-2.918723,40.044943],[-2.918668,40.045957],[-2.918897,40.046501],[-2.918656,40.047269],[-2.918662,40.047754],[-2.919311,40.049464],[-2.920012,40.049694],[-2.92038,40.050105],[-2.920049,40.050687],[-2.918405,40.051912],[-2.918109,40.052227],[-2.917883,40.053618],[-2.918026,40.054726],[-2.917468,40.055604],[-2.917481,40.056534],[-2.917727,40.057104],[-2.917661,40.058326],[-2.916739,40.059873],[-2.915799,40.060051],[-2.915012,40.060347],[-2.913746,40.0605],[-2.91324,40.060786],[-2.912358,40.06092],[-2.911413,40.06172],[-2.91021,40.062063],[-2.909313,40.062792],[-2.909502,40.063394],[-2.909478,40.064792],[-2.908865,40.06531],[-2.908274,40.065532],[-2.907327,40.065603],[-2.905603,40.065588],[-2.90523,40.06552],[-2.903887,40.064782],[-2.903143,40.065265],[-2.902743,40.06652],[-2.902109,40.067775],[-2.901722,40.068244],[-2.900792,40.068874],[-2.900463,40.069699],[-2.900409,40.070265],[-2.900038,40.071141],[-2.899657,40.071524],[-2.899523,40.072503],[-2.899287,40.073076],[-2.899242,40.074244],[-2.898708,40.07579],[-2.898649,40.076351],[-2.898044,40.076633],[-2.895753,40.076615],[-2.894944,40.07669],[-2.894616,40.076979],[-2.894528,40.077452],[-2.894001,40.078699],[-2.893955,40.079424],[-2.893577,40.080373],[-2.893194,40.080755],[-2.892741,40.0819],[-2.89233,40.08221],[-2.889744,40.082301],[-2.889174,40.08281],[-2.888758,40.082659],[-2.887694,40.08166],[-2.886544,40.081189],[-2.885291,40.081242],[-2.884702,40.080723],[-2.884103,40.080587],[-2.882954,40.079816],[-2.880386,40.080815],[-2.879059,40.080996],[-2.878388,40.081456],[-2.877959,40.081554],[-2.876154,40.081576],[-2.874743,40.081882],[-2.874602,40.082766],[-2.874241,40.08312],[-2.87235,40.083197],[-2.871794,40.083445],[-2.871342,40.084721],[-2.870891,40.085456],[-2.870228,40.087112],[-2.870197,40.087719],[-2.869925,40.088051],[-2.869141,40.088168],[-2.867925,40.088811],[-2.866745,40.089707],[-2.866412,40.090162],[-2.866293,40.090939],[-2.865761,40.091744],[-2.865098,40.091869],[-2.864011,40.091116],[-2.863513,40.091349],[-2.863182,40.092186],[-2.863127,40.093203],[-2.862736,40.09373],[-2.862758,40.094316],[-2.862079,40.095135],[-2.861706,40.096021],[-2.861645,40.097328],[-2.861325,40.09808],[-2.860355,40.098921],[-2.860147,40.099575],[-2.859384,40.100008],[-2.859217,40.100602],[-2.858842,40.10099],[-2.858481,40.102024],[-2.858648,40.103318],[-2.857954,40.10414],[-2.857597,40.104944],[-2.857546,40.10587],[-2.857062,40.107289],[-2.85687,40.108269],[-2.856394,40.109595],[-2.856354,40.110241],[-2.855851,40.112004],[-2.856273,40.11269],[-2.856231,40.112971],[-2.85563,40.113173],[-2.855216,40.11448],[-2.85518,40.115865],[-2.854813,40.116612],[-2.854272,40.117022],[-2.852648,40.117202],[-2.852146,40.117495],[-2.851154,40.117747],[-2.850205,40.117577],[-2.848508,40.117582],[-2.847721,40.117833],[-2.847169,40.118162],[-2.845251,40.117908],[-2.844528,40.11741],[-2.842958,40.116812],[-2.841811,40.116025],[-2.840199,40.115974],[-2.839715,40.11612],[-2.839151,40.116956],[-2.838949,40.117703],[-2.838555,40.118302],[-2.838197,40.119651],[-2.838036,40.12061],[-2.8366,40.121083],[-2.834763,40.121473],[-2.834619,40.122503],[-2.834384,40.123162],[-2.834243,40.124458],[-2.833787,40.125184],[-2.833751,40.126816],[-2.833645,40.127608],[-2.832956,40.128431],[-2.83272,40.129453],[-2.832144,40.130066],[-2.83145,40.130548],[-2.831675,40.13145],[-2.831631,40.133554],[-2.831391,40.134122],[-2.831628,40.135096],[-2.831661,40.136556],[-2.831241,40.13734],[-2.830296,40.137667],[-2.829688,40.138106],[-2.829422,40.138574],[-2.829592,40.139479],[-2.82911,40.140362],[-2.828962,40.141661],[-2.828783,40.14215],[-2.829271,40.143034],[-2.828613,40.144719],[-2.82799,40.145443],[-2.82766,40.14565],[-2.826584,40.145904],[-2.82595,40.145907],[-2.825106,40.145703],[-2.824135,40.145777],[-2.823598,40.146497],[-2.822737,40.146963],[-2.821187,40.147253],[-2.820403,40.147259],[-2.819134,40.147131],[-2.818689,40.147752],[-2.818137,40.147932],[-2.816493,40.147936],[-2.815415,40.148106],[-2.814706,40.147861],[-2.813536,40.147177],[-2.812632,40.146519],[-2.812175,40.145969],[-2.81123,40.145187],[-2.811115,40.14466],[-2.811357,40.144104],[-2.811315,40.143486],[-2.811022,40.143032],[-2.809756,40.142109],[-2.808392,40.141848],[-2.806806,40.141905],[-2.805554,40.142471],[-2.804727,40.142528],[-2.804212,40.142918],[-2.803082,40.143555],[-2.80271,40.143622],[-2.800572,40.143502],[-2.799747,40.144367],[-2.799162,40.145272],[-2.798973,40.146035],[-2.798656,40.146455],[-2.797403,40.146463],[-2.79691,40.146177],[-2.795049,40.146013],[-2.794568,40.145328],[-2.7942,40.145282],[-2.793961,40.146229],[-2.793647,40.146554],[-2.793736,40.147912],[-2.793209,40.149075],[-2.793173,40.150465],[-2.792914,40.150698],[-2.79242,40.150457],[-2.791786,40.150713],[-2.790592,40.151621],[-2.790279,40.152435],[-2.790372,40.153051],[-2.789266,40.15367],[-2.788511,40.153934],[-2.787494,40.154121],[-2.786808,40.15411],[-2.78639,40.153868],[-2.78585,40.153837],[-2.784428,40.152482],[-2.784008,40.15198],[-2.783099,40.151325],[-2.782401,40.150954],[-2.782116,40.15051],[-2.782588,40.149179],[-2.782272,40.148225],[-2.781411,40.147522],[-2.780346,40.147395],[-2.77975,40.147142],[-2.779194,40.146666],[-2.778681,40.145861],[-2.778294,40.145703],[-2.777444,40.14576],[-2.775976,40.145306],[-2.775484,40.144558],[-2.774327,40.143638],[-2.773721,40.14343],[-2.772063,40.14358],[-2.771144,40.143741],[-2.770526,40.143585],[-2.76947,40.14367],[-2.768791,40.144141],[-2.768132,40.144198],[-2.767143,40.143424],[-2.766948,40.142239],[-2.765101,40.141162],[-2.764906,40.140503],[-2.763984,40.140083],[-2.763886,40.139892],[-2.763918,40.137911],[-2.764681,40.137343],[-2.765126,40.136265],[-2.76541,40.136142],[-2.766938,40.136116],[-2.768168,40.135817],[-2.768495,40.135392],[-2.768585,40.134937],[-2.768587,40.13372],[-2.768466,40.133292],[-2.76787,40.132624],[-2.765571,40.132087],[-2.764286,40.131855],[-2.763388,40.131822],[-2.762295,40.131563],[-2.761437,40.131109],[-2.760578,40.130322],[-2.759968,40.130118],[-2.759301,40.130166],[-2.758469,40.129833],[-2.757758,40.129904],[-2.756817,40.129233],[-2.755588,40.129058],[-2.755029,40.128499],[-2.754044,40.127807],[-2.752563,40.127833],[-2.75118,40.128579],[-2.750506,40.128737],[-2.750017,40.129404],[-2.749357,40.129657],[-2.748839,40.130388],[-2.747884,40.131089],[-2.747263,40.131072],[-2.746649,40.130769],[-2.745907,40.130072],[-2.745027,40.129621],[-2.743525,40.12906],[-2.743133,40.128736],[-2.742597,40.127791],[-2.741749,40.127256],[-2.741493,40.126928],[-2.740317,40.126561],[-2.739645,40.126092],[-2.739014,40.125051],[-2.738971,40.124124],[-2.7386,40.123071],[-2.738306,40.122622],[-2.737326,40.121573],[-2.737207,40.120133],[-2.736758,40.119546],[-2.736911,40.118894],[-2.736973,40.117721],[-2.737216,40.117117],[-2.73685,40.116326],[-2.735295,40.115712],[-2.734803,40.115414],[-2.73327,40.115012],[-2.73316,40.114781],[-2.733113,40.11326],[-2.7327,40.112887],[-2.732051,40.112573],[-2.731483,40.112107],[-2.731187,40.111652],[-2.731235,40.110696],[-2.73167,40.110305],[-2.731442,40.109413],[-2.731412,40.108023],[-2.730867,40.107667],[-2.729563,40.107595],[-2.728889,40.107221],[-2.727581,40.107235],[-2.724573,40.108038],[-2.72419,40.108013],[-2.723879,40.107589],[-2.723748,40.106949],[-2.723413,40.106366],[-2.72253,40.105693],[-2.721575,40.105299],[-2.720931,40.104357],[-2.720882,40.102904],[-2.721135,40.102248],[-2.721159,40.101401],[-2.720701,40.100803],[-2.720495,40.100285],[-2.719899,40.099616],[-2.719337,40.099369],[-2.717724,40.099327],[-2.7171,40.099497],[-2.716618,40.09943],[-2.716383,40.098936],[-2.715524,40.098016],[-2.714639,40.097344],[-2.714039,40.097213],[-2.713185,40.096657],[-2.712599,40.096431],[-2.711111,40.096302],[-2.710455,40.095951],[-2.709241,40.095918],[-2.708963,40.096046],[-2.708478,40.09672],[-2.707801,40.096876],[-2.707181,40.097391],[-2.70699,40.098057],[-2.70644,40.098309],[-2.704738,40.0984],[-2.703682,40.098665],[-2.702753,40.099013],[-2.702007,40.098998],[-2.701597,40.098768],[-2.700712,40.097999],[-2.700429,40.097328],[-2.700725,40.096837],[-2.701526,40.096268],[-2.70156,40.095249],[-2.701435,40.094849],[-2.700453,40.094248],[-2.699905,40.093678],[-2.697867,40.092402],[-2.697738,40.091867],[-2.697846,40.090764],[-2.698251,40.09017],[-2.698622,40.089281],[-2.698658,40.087682],[-2.698787,40.087345],[-2.699437,40.086792],[-2.700472,40.085628],[-2.700878,40.085432],[-2.700713,40.0841],[-2.700809,40.083562],[-2.701597,40.082672],[-2.701609,40.081609],[-2.701262,40.08106],[-2.70065,40.080628],[-2.699911,40.080363],[-2.698658,40.080359],[-2.69713,40.080759],[-2.696441,40.08086],[-2.695939,40.081149],[-2.694569,40.081232],[-2.692465,40.081644],[-2.690828,40.081424],[-2.690279,40.081133],[-2.6898,40.08055],[-2.688315,40.080533],[-2.68795,40.080617],[-2.687354,40.081064],[-2.687046,40.081506],[-2.686909,40.082086],[-2.686469,40.082328],[-2.685908,40.082242],[-2.685098,40.08172],[-2.683792,40.08162],[-2.683155,40.08145],[-2.681459,40.081396],[-2.680297,40.081115],[-2.679224,40.080586],[-2.678646,40.080439],[-2.678258,40.080117],[-2.676556,40.079564],[-2.676139,40.078969],[-2.676361,40.07843],[-2.676201,40.077697],[-2.676343,40.077292],[-2.676102,40.076272],[-2.675779,40.075442],[-2.675448,40.075159],[-2.674245,40.07492],[-2.673805,40.074962],[-2.672733,40.074233],[-2.672132,40.074101],[-2.671335,40.073676],[-2.670382,40.072877],[-2.669788,40.072522],[-2.669331,40.071973],[-2.667582,40.070604],[-2.667169,40.07037],[-2.666237,40.070514],[-2.665789,40.071383],[-2.665393,40.071755],[-2.66492,40.072661],[-2.664231,40.073207],[-2.662851,40.073857],[-2.661012,40.07413],[-2.659753,40.074248],[-2.658333,40.075786],[-2.65767,40.077127],[-2.657639,40.078732],[-2.657079,40.079095],[-2.655864,40.079126],[-2.6552,40.079299],[-2.654292,40.079265],[-2.653889,40.079036],[-2.653051,40.078242],[-2.651939,40.077917],[-2.651527,40.077543],[-2.651491,40.076053],[-2.651405,40.075756],[-2.650727,40.075539],[-2.650226,40.07583],[-2.648506,40.076108],[-2.647744,40.076016],[-2.646881,40.076121],[-2.646281,40.075777],[-2.646119,40.075309],[-2.645259,40.074616],[-2.644486,40.074345],[-2.643312,40.074209],[-2.642174,40.075126],[-2.642135,40.075832],[-2.64237,40.076769],[-2.642112,40.077788],[-2.642448,40.078469],[-2.642818,40.078838],[-2.642691,40.079813],[-2.642814,40.08014],[-2.64346,40.080924],[-2.644045,40.082733],[-2.643761,40.083255],[-2.64298,40.083137],[-2.641668,40.08314],[-2.641211,40.083408],[-2.640176,40.084644],[-2.639846,40.084851],[-2.638759,40.085106],[-2.637649,40.085087],[-2.636075,40.084719],[-2.635632,40.084851],[-2.634828,40.084815],[-2.634236,40.084589],[-2.633648,40.084134],[-2.63336,40.083681],[-2.633549,40.082784],[-2.633565,40.081782],[-2.633449,40.081525],[-2.632479,40.080682],[-2.631989,40.079718],[-2.630463,40.078855],[-2.62969,40.079159],[-2.629057,40.079216],[-2.628233,40.079021],[-2.626743,40.079001],[-2.626303,40.079099],[-2.625631,40.07956],[-2.6232,40.08015],[-2.622631,40.080479],[-2.621956,40.080634],[-2.62106,40.081297],[-2.62077,40.081751],[-2.620541,40.082705],[-2.620168,40.082959],[-2.619986,40.08431],[-2.619394,40.085209],[-2.618535,40.086127],[-2.61792,40.086556],[-2.616635,40.087144],[-2.615455,40.088039],[-2.614814,40.089071],[-2.61471,40.089416],[-2.61401,40.089951],[-2.613352,40.089887],[-2.612541,40.089542],[-2.611645,40.089604],[-2.611145,40.089904],[-2.610223,40.090243],[-2.609918,40.090635],[-2.61074,40.091261],[-2.611634,40.091706],[-2.61231,40.091865],[-2.613801,40.092972],[-2.614522,40.093769],[-2.615511,40.094586],[-2.615744,40.095081],[-2.616288,40.095185],[-2.61819,40.095204],[-2.619852,40.095688],[-2.620218,40.095939],[-2.62018,40.096286],[-2.619056,40.097162],[-2.618013,40.097797],[-2.617841,40.098257],[-2.616859,40.099307],[-2.616202,40.100607],[-2.616171,40.102092],[-2.616034,40.102515],[-2.615382,40.102692],[-2.614822,40.103085],[-2.614753,40.103378],[-2.615478,40.104484],[-2.615582,40.105339],[-2.615373,40.105933],[-2.613634,40.105995],[-2.612709,40.106272],[-2.611634,40.107249],[-2.611049,40.10739],[-2.609748,40.108595],[-2.609393,40.10932],[-2.608571,40.109343],[-2.608025,40.109113],[-2.607677,40.108765],[-2.607421,40.108145],[-2.607009,40.10662],[-2.606665,40.106029],[-2.60523,40.10443],[-2.603323,40.102967],[-2.602603,40.10217],[-2.600561,40.100575],[-2.600159,40.100383],[-2.59955,40.100589],[-2.598498,40.101371],[-2.597455,40.102005],[-2.597048,40.103234],[-2.596748,40.103437],[-2.595839,40.103655],[-2.594146,40.103927],[-2.593736,40.104243],[-2.592877,40.104617],[-2.592559,40.104915],[-2.59102,40.105079],[-2.58996,40.105435],[-2.587294,40.105451],[-2.586524,40.105626],[-2.585497,40.105707],[-2.585152,40.105967],[-2.585402,40.107323],[-2.585774,40.107726],[-2.585923,40.108694],[-2.586144,40.108947],[-2.586731,40.108855],[-2.587651,40.108942],[-2.588457,40.109342],[-2.589347,40.110024],[-2.58961,40.110489],[-2.589201,40.110986],[-2.589106,40.112577],[-2.58879,40.113002],[-2.587873,40.112931],[-2.587421,40.113146],[-2.586099,40.114164],[-2.585416,40.11454],[-2.585188,40.115268],[-2.584604,40.116173],[-2.582764,40.117615],[-2.582618,40.118185],[-2.582636,40.119032],[-2.582886,40.119682],[-2.58293,40.120826],[-2.583062,40.121553],[-2.582375,40.122003],[-2.582332,40.12271],[-2.582563,40.12319],[-2.582524,40.123754],[-2.582227,40.123884],[-2.580931,40.123824],[-2.579544,40.123383],[-2.579,40.122905],[-2.578384,40.122687],[-2.57713,40.121323],[-2.577029,40.120518],[-2.577088,40.119577],[-2.577331,40.119008],[-2.577326,40.118525],[-2.576957,40.117421],[-2.576585,40.11703],[-2.576419,40.11635],[-2.576021,40.11603],[-2.574526,40.11568],[-2.57375,40.115369],[-2.572952,40.115327],[-2.572307,40.1155],[-2.570523,40.115519],[-2.569811,40.115374],[-2.569529,40.115118],[-2.568748,40.115097],[-2.567933,40.115849],[-2.566897,40.116258],[-2.566399,40.116558],[-2.565436,40.116553],[-2.564936,40.116253],[-2.563795,40.115961],[-2.563062,40.115915],[-2.560648,40.115487],[-2.559445,40.115442],[-2.557753,40.115135],[-2.55725,40.11483],[-2.556471,40.11458],[-2.554673,40.114345],[-2.55384,40.114528],[-2.553355,40.114448],[-2.55224,40.113798],[-2.551168,40.113043],[-2.550493,40.112884],[-2.549154,40.111871],[-2.548659,40.111713],[-2.548158,40.112126],[-2.547916,40.112625],[-2.546326,40.112828],[-2.545224,40.113572],[-2.543026,40.113582],[-2.541494,40.113],[-2.540488,40.112903],[-2.539707,40.112655],[-2.539203,40.112351],[-2.538147,40.112217],[-2.536538,40.111569],[-2.535321,40.111553],[-2.534427,40.111807],[-2.533836,40.112346],[-2.533188,40.112524],[-2.532179,40.113216],[-2.531485,40.113182],[-2.53093,40.113481],[-2.529991,40.113561],[-2.527485,40.113546],[-2.527093,40.113593],[-2.526547,40.114075],[-2.525954,40.114219],[-2.523778,40.114057],[-2.522236,40.114388],[-2.521173,40.114534],[-2.520759,40.11498],[-2.520258,40.114582],[-2.519518,40.113653],[-2.518877,40.113154],[-2.517733,40.112679],[-2.517129,40.1126],[-2.513836,40.112591],[-2.513233,40.112512],[-2.512745,40.112211],[-2.511769,40.111832],[-2.510417,40.111067],[-2.50983,40.11084],[-2.50834,40.110717],[-2.507933,40.110489],[-2.507053,40.10965],[-2.506907,40.109028],[-2.5066,40.108589],[-2.506007,40.108143],[-2.504569,40.107667],[-2.502716,40.107282],[-2.502215,40.106991],[-2.501279,40.106806],[-2.500966,40.106506],[-2.49971,40.106025],[-2.497913,40.105732],[-2.496957,40.105384],[-2.495977,40.105231],[-2.494032,40.10446],[-2.493426,40.104442],[-2.492774,40.104783],[-2.491584,40.104696],[-2.491089,40.104981],[-2.49009,40.105042],[-2.489014,40.10478],[-2.488352,40.104301],[-2.487851,40.103558],[-2.486914,40.10288],[-2.487521,40.102323],[-2.487568,40.101911],[-2.487886,40.101589],[-2.48827,40.100492],[-2.487913,40.099938],[-2.48726,40.099757],[-2.486452,40.099247],[-2.484654,40.099178],[-2.4834,40.099687],[-2.482245,40.1007],[-2.481133,40.100698],[-2.480432,40.100153],[-2.479979,40.099006],[-2.479567,40.098562],[-2.479641,40.09806],[-2.479991,40.097722],[-2.480669,40.096246],[-2.480344,40.095797],[-2.479608,40.095748],[-2.479008,40.095495],[-2.478223,40.094672],[-2.477265,40.09413],[-2.476232,40.093345],[-2.475645,40.093114],[-2.474639,40.09306],[-2.472839,40.093375],[-2.472025,40.093861],[-2.471451,40.093626],[-2.471078,40.092767],[-2.471307,40.091949],[-2.470964,40.090624],[-2.470546,40.089837],[-2.470955,40.089117],[-2.469708,40.088673],[-2.468564,40.087887],[-2.466885,40.087768],[-2.46648,40.087448],[-2.465718,40.08731],[-2.465307,40.086994],[-2.464476,40.086819],[-2.464261,40.085638],[-2.463694,40.084571],[-2.46308,40.08447],[-2.461922,40.085486],[-2.460714,40.085824],[-2.46005,40.08631],[-2.459676,40.086781],[-2.458609,40.08604],[-2.457681,40.086151],[-2.45715,40.086047],[-2.456196,40.086176],[-2.455166,40.085815],[-2.454427,40.085844],[-2.453301,40.086488],[-2.451931,40.087425],[-2.451511,40.087267],[-2.450475,40.086465],[-2.449497,40.086251],[-2.449003,40.086539],[-2.447984,40.086625],[-2.447017,40.086584],[-2.445384,40.086082],[-2.444158,40.085594],[-2.443934,40.085391],[-2.443699,40.084673],[-2.443063,40.084483],[-2.442716,40.084206],[-2.442283,40.083326],[-2.441467,40.083769],[-2.439542,40.083577],[-2.437857,40.082927],[-2.437538,40.082707],[-2.436984,40.081859],[-2.436463,40.081622],[-2.435402,40.081492],[-2.434576,40.081074],[-2.433837,40.080513],[-2.43314,40.080238],[-2.431688,40.080335],[-2.431361,40.080809],[-2.430587,40.08053],[-2.428569,40.08002],[-2.427615,40.080154],[-2.427294,40.079962],[-2.426753,40.07895],[-2.425911,40.078469],[-2.424343,40.077867],[-2.423102,40.077287],[-2.421919,40.077244],[-2.420855,40.077035],[-2.419168,40.077003],[-2.418407,40.076819],[-2.416723,40.076704],[-2.415951,40.076408],[-2.415225,40.076384],[-2.414919,40.075604],[-2.41514,40.07499],[-2.415068,40.07461],[-2.414139,40.074193],[-2.412955,40.073216],[-2.41159,40.072768],[-2.410018,40.072617],[-2.408653,40.07217],[-2.40792,40.071671],[-2.40684,40.070696],[-2.406973,40.070241],[-2.40664,40.069363],[-2.406347,40.068912],[-2.40563,40.068247],[-2.405263,40.066865],[-2.404815,40.06599],[-2.403931,40.066202],[-2.403431,40.066496],[-2.403034,40.066498],[-2.402245,40.066074],[-2.40187,40.065594],[-2.40172,40.064901],[-2.401378,40.064549],[-2.400234,40.063918],[-2.39963,40.063707],[-2.398147,40.063853],[-2.396906,40.064145],[-2.396414,40.064432],[-2.395222,40.064235],[-2.393994,40.063413],[-2.393281,40.063389],[-2.391926,40.063671],[-2.391306,40.063935],[-2.390269,40.063427],[-2.389662,40.063297],[-2.388715,40.062723],[-2.387772,40.062482],[-2.387354,40.061826],[-2.386832,40.061407],[-2.386451,40.061353],[-2.384829,40.06171],[-2.383756,40.061849],[-2.383112,40.06205],[-2.382687,40.061571],[-2.381392,40.060532],[-2.380817,40.059625],[-2.380708,40.058848],[-2.380372,40.058033],[-2.380089,40.057908],[-2.378562,40.057871],[-2.377681,40.057612],[-2.377204,40.057326],[-2.376767,40.057364],[-2.375567,40.057121],[-2.37421,40.05658],[-2.373029,40.05649],[-2.37184,40.056222],[-2.370993,40.055656],[-2.370409,40.055423],[-2.369802,40.055404],[-2.369162,40.055764],[-2.368268,40.056019],[-2.365844,40.056019],[-2.365103,40.055963],[-2.363964,40.055165],[-2.362973,40.05494],[-2.361908,40.055462],[-2.361024,40.055171],[-2.359491,40.054983],[-2.359032,40.054301],[-2.358622,40.053989],[-2.357547,40.053722],[-2.356577,40.053802],[-2.355967,40.054335],[-2.355257,40.05435],[-2.354631,40.054183],[-2.353747,40.054343],[-2.353264,40.054261],[-2.352596,40.053791],[-2.351543,40.053698],[-2.350893,40.053873],[-2.350104,40.053821],[-2.349664,40.053552],[-2.348985,40.053452],[-2.348263,40.053626],[-2.346564,40.053673],[-2.345784,40.054028],[-2.345204,40.054045],[-2.344582,40.053491],[-2.343064,40.053411],[-2.342788,40.053492],[-2.342572,40.054913],[-2.342273,40.05536],[-2.341617,40.05591],[-2.341246,40.057222],[-2.341632,40.057553],[-2.341716,40.057933],[-2.341374,40.05851],[-2.340372,40.059096],[-2.339479,40.059762],[-2.339188,40.060215],[-2.339023,40.060904],[-2.338101,40.061637],[-2.33742,40.061787],[-2.33653,40.062454],[-2.33596,40.063002],[-2.335359,40.063129],[-2.334191,40.063895],[-2.332402,40.064],[-2.331835,40.064239],[-2.331172,40.064781],[-2.330703,40.065625],[-2.329192,40.065808],[-2.328527,40.066379],[-2.328377,40.066989],[-2.328086,40.067443],[-2.327125,40.068055],[-2.326885,40.068775],[-2.326308,40.06946],[-2.3257,40.069895],[-2.325052,40.070075],[-2.324772,40.07108],[-2.326237,40.072487],[-2.326232,40.072874],[-2.325541,40.073488],[-2.325306,40.074075],[-2.325331,40.074901],[-2.324499,40.07531],[-2.324038,40.075269],[-2.323374,40.0748],[-2.321297,40.074554],[-2.320537,40.074648],[-2.319404,40.074376],[-2.31866,40.073893],[-2.31768,40.073539],[-2.315848,40.073525],[-2.31525,40.073417],[-2.314964,40.073171],[-2.314436,40.07209],[-2.314396,40.071471],[-2.314581,40.071088],[-2.314474,40.069967],[-2.312715,40.069823],[-2.310959,40.068915],[-2.309819,40.068123],[-2.30921,40.068138],[-2.308025,40.068586],[-2.307406,40.069013],[-2.307073,40.069469],[-2.306899,40.070282],[-2.306246,40.070835],[-2.305646,40.071728],[-2.305902,40.072284],[-2.30665,40.072844],[-2.307502,40.073765],[-2.307877,40.074685],[-2.307846,40.077019],[-2.30794,40.077458],[-2.308987,40.078166],[-2.309234,40.078756],[-2.308506,40.079402],[-2.308127,40.080063],[-2.308116,40.08108],[-2.30823,40.081332],[-2.309436,40.082204],[-2.310053,40.082166],[-2.310627,40.082799],[-2.3112,40.08395],[-2.31062,40.084452],[-2.309798,40.08456],[-2.308845,40.084893],[-2.307308,40.085047],[-2.30752,40.08617],[-2.307871,40.086521],[-2.30886,40.087132],[-2.309421,40.089059],[-2.309229,40.089463],[-2.30928,40.090071],[-2.309667,40.090452],[-2.310112,40.091375],[-2.310717,40.091895],[-2.311309,40.092119],[-2.312294,40.092268],[-2.312882,40.092494],[-2.314071,40.093159],[-2.315237,40.094065],[-2.316256,40.095759],[-2.316766,40.096155],[-2.317531,40.096141],[-2.320142,40.097516],[-2.320237,40.098028],[-2.319683,40.099435],[-2.319734,40.10005],[-2.320138,40.100652],[-2.320162,40.101118],[-2.318497,40.102507],[-2.318466,40.103055],[-2.319373,40.104573],[-2.319999,40.104906],[-2.32065,40.105844],[-2.320506,40.106189],[-2.320461,40.107198],[-2.321119,40.108617],[-2.321683,40.109671],[-2.322097,40.109973],[-2.322281,40.110421],[-2.323288,40.111231],[-2.323577,40.111575],[-2.323294,40.112559],[-2.322203,40.113562],[-2.322271,40.114066],[-2.322946,40.114699],[-2.323101,40.115389],[-2.323423,40.115816],[-2.324331,40.116173],[-2.324843,40.116978],[-2.325515,40.117454],[-2.326999,40.117586],[-2.328117,40.118041],[-2.327887,40.118562],[-2.327145,40.119218],[-2.327349,40.120106],[-2.327231,40.120634],[-2.326736,40.121009],[-2.32595,40.121381],[-2.325337,40.121963],[-2.325182,40.123052],[-2.324595,40.12373],[-2.323855,40.124367],[-2.323309,40.124989],[-2.323587,40.126419],[-2.323963,40.126808],[-2.324167,40.127324],[-2.325144,40.128381],[-2.325494,40.129029],[-2.325381,40.129401],[-2.324767,40.129914],[-2.324565,40.131254],[-2.324386,40.131633],[-2.324533,40.132081],[-2.324496,40.132967],[-2.32382,40.134021],[-2.324002,40.135008],[-2.323868,40.135417],[-2.323198,40.13552],[-2.322305,40.135484],[-2.32157,40.135288],[-2.320524,40.135276],[-2.319608,40.135583],[-2.319073,40.136221],[-2.319073,40.136539],[-2.319797,40.13727],[-2.319957,40.137883],[-2.321705,40.140139],[-2.322275,40.140381],[-2.323076,40.140497],[-2.323338,40.141072],[-2.322797,40.141981],[-2.32227,40.141654],[-2.32167,40.141577],[-2.319399,40.141572],[-2.318032,40.141812],[-2.317826,40.142097],[-2.318025,40.142762],[-2.317902,40.143096],[-2.317171,40.143859],[-2.317154,40.145773],[-2.317929,40.147541],[-2.317856,40.147832],[-2.317249,40.14834],[-2.316822,40.149272],[-2.316927,40.150547],[-2.315952,40.151372],[-2.316009,40.152031],[-2.317006,40.152723],[-2.317033,40.15343],[-2.316828,40.154255],[-2.317235,40.154693],[-2.317238,40.154997],[-2.316657,40.155442],[-2.315929,40.155787],[-2.314603,40.156799],[-2.313882,40.157145],[-2.31306,40.157942],[-2.312673,40.158098],[-2.312081,40.157996],[-2.310654,40.158259],[-2.310145,40.158545],[-2.309139,40.158635],[-2.308537,40.158973],[-2.308472,40.159803],[-2.308691,40.160553],[-2.308619,40.160843],[-2.308019,40.161345],[-2.308145,40.162534],[-2.30767,40.163198],[-2.307423,40.164371],[-2.307078,40.164559],[-2.30669,40.165113],[-2.306774,40.165715],[-2.307471,40.166179],[-2.307794,40.16699],[-2.307756,40.167262],[-2.306765,40.168326],[-2.306656,40.169596],[-2.306876,40.170151],[-2.306902,40.171535],[-2.307313,40.172544],[-2.307946,40.173109],[-2.30815,40.173626],[-2.308789,40.174193],[-2.308923,40.17506],[-2.308797,40.175421],[-2.308228,40.175664],[-2.307273,40.175831],[-2.30702,40.17632],[-2.3064,40.176865],[-2.306928,40.177899],[-2.307559,40.178462],[-2.307474,40.179159],[-2.307947,40.180519],[-2.308187,40.181904],[-2.307769,40.182341],[-2.30751,40.183808],[-2.30687,40.184369],[-2.306699,40.184765],[-2.305976,40.185035],[-2.303918,40.186928],[-2.302714,40.187103],[-2.30223,40.186814],[-2.301778,40.186831],[-2.30124,40.187241],[-2.300358,40.188603],[-2.300202,40.189208],[-2.299263,40.189475],[-2.298007,40.190262],[-2.297405,40.190389],[-2.296017,40.191128],[-2.295099,40.191493],[-2.295118,40.192023],[-2.294153,40.192393],[-2.293545,40.19283],[-2.292765,40.194267],[-2.291899,40.194966],[-2.2915,40.195147],[-2.290705,40.194623],[-2.289535,40.194157],[-2.287939,40.194095],[-2.286484,40.194369],[-2.285483,40.194842],[-2.284591,40.194777],[-2.283623,40.195097],[-2.28276,40.194675],[-2.281899,40.194113],[-2.280889,40.194015],[-2.279816,40.193757],[-2.278589,40.192945],[-2.277137,40.192789],[-2.276892,40.192525],[-2.275947,40.192216],[-2.274981,40.192298],[-2.274335,40.191846],[-2.273481,40.191759],[-2.272493,40.192002],[-2.271631,40.192554],[-2.26953,40.193324],[-2.269131,40.193643],[-2.268705,40.194731],[-2.268084,40.195249],[-2.267417,40.19548],[-2.267034,40.195419],[-2.266387,40.194962],[-2.265963,40.19509],[-2.265684,40.195479],[-2.264484,40.196218],[-2.264195,40.19728],[-2.263334,40.1979],[-2.262687,40.198075],[-2.262801,40.198861],[-2.262748,40.199478],[-2.262339,40.200077],[-2.262417,40.201039],[-2.261844,40.201955],[-2.260642,40.202837],[-2.259703,40.203014],[-2.259454,40.203501],[-2.25877,40.20433],[-2.25824,40.205356],[-2.257221,40.2058],[-2.25442,40.205846],[-2.254009,40.206161],[-2.253551,40.20753],[-2.253147,40.208123],[-2.252473,40.209687],[-2.252346,40.210224],[-2.251639,40.211263],[-2.251555,40.211555],[-2.251526,40.213138],[-2.251177,40.214372],[-2.250662,40.215226],[-2.250591,40.216533],[-2.250473,40.21679],[-2.249659,40.217442],[-2.248952,40.217701],[-2.247342,40.217695],[-2.246763,40.218049],[-2.24681,40.218681],[-2.247212,40.219013],[-2.248136,40.219351],[-2.249039,40.220126],[-2.248819,40.220769],[-2.248816,40.221705],[-2.24904,40.222262],[-2.248911,40.223098],[-2.247977,40.223853],[-2.247517,40.224773],[-2.246591,40.2255],[-2.245911,40.225652],[-2.244455,40.226333],[-2.244253,40.226993],[-2.243013,40.228163],[-2.242062,40.228563],[-2.241758,40.229006],[-2.241968,40.229992],[-2.242193,40.230491],[-2.242135,40.231106],[-2.241431,40.231926],[-2.241308,40.233068],[-2.240857,40.233615],[-2.239338,40.234157],[-2.238457,40.234833],[-2.238248,40.235352],[-2.237663,40.236032],[-2.236665,40.236844],[-2.236175,40.237598],[-2.235536,40.238311],[-2.233685,40.239382],[-2.233217,40.240239],[-2.232315,40.239534],[-2.231754,40.239282],[-2.231058,40.239277],[-2.229529,40.239533],[-2.228416,40.240272],[-2.226499,40.240566],[-2.22525,40.241121],[-2.224649,40.241251],[-2.22371,40.241813],[-2.222899,40.241497],[-2.221028,40.241155],[-2.219276,40.240644],[-2.218378,40.23989],[-2.218224,40.239203],[-2.217837,40.238601],[-2.217239,40.236963],[-2.216563,40.237041],[-2.216034,40.236889],[-2.214797,40.236882],[-2.21404,40.237057],[-2.212549,40.237077],[-2.211398,40.237679],[-2.210139,40.237917],[-2.208416,40.237914],[-2.207681,40.237721],[-2.206469,40.237702],[-2.20533,40.238118],[-2.203531,40.238131],[-2.202819,40.238394],[-2.201451,40.239372],[-2.199918,40.239995],[-2.199021,40.240757],[-2.198307,40.24077],[-2.196723,40.240343],[-2.194533,40.240305],[-2.193744,40.240405],[-2.193252,40.241303],[-2.192884,40.241675],[-2.193152,40.242318],[-2.192598,40.242914],[-2.192024,40.243006],[-2.189948,40.242979],[-2.188179,40.242471],[-2.186682,40.241737],[-2.18651,40.241152],[-2.186191,40.240953],[-2.184682,40.240874],[-2.184275,40.240646],[-2.183517,40.239872],[-2.18294,40.23964],[-2.181758,40.23976],[-2.180915,40.239558],[-2.179939,40.239625],[-2.17896,40.240155],[-2.178641,40.240705],[-2.178629,40.241641],[-2.178885,40.242294],[-2.178852,40.24292],[-2.17843,40.243224],[-2.177726,40.244079],[-2.177681,40.245736],[-2.1774,40.246562],[-2.177506,40.24737],[-2.178108,40.247889],[-2.178232,40.248227],[-2.178279,40.249231],[-2.178497,40.249722],[-2.178496,40.250649],[-2.178235,40.251286],[-2.178182,40.253504],[-2.178121,40.25381],[-2.177403,40.254334],[-2.176474,40.254397],[-2.176099,40.254812],[-2.176098,40.2564],[-2.176266,40.257235],[-2.175573,40.258046],[-2.17518,40.259237],[-2.175147,40.260287],[-2.175281,40.260875],[-2.176137,40.261504],[-2.176718,40.261649],[-2.176815,40.261967],[-2.176108,40.26301],[-2.175899,40.263531],[-2.175014,40.263892],[-2.174519,40.26532],[-2.174492,40.266659],[-2.17475,40.26749],[-2.174756,40.269161],[-2.174568,40.270184],[-2.175525,40.271105],[-2.175878,40.271998],[-2.175864,40.273465],[-2.17552,40.27392],[-2.174599,40.274565],[-2.173701,40.275002],[-2.173015,40.275148],[-2.171175,40.275835],[-2.170859,40.276236],[-2.170837,40.277626],[-2.171215,40.278371],[-2.17164,40.278807],[-2.171466,40.279309],[-2.170875,40.279699],[-2.170305,40.280537],[-2.169919,40.281407],[-2.169911,40.282209],[-2.170453,40.28361],[-2.170491,40.284536],[-2.171252,40.286003],[-2.170958,40.286495],[-2.169915,40.287283],[-2.169612,40.287733],[-2.169555,40.288349],[-2.169779,40.288848],[-2.169974,40.289875],[-2.169737,40.29046],[-2.169136,40.290991],[-2.168642,40.291227],[-2.16798,40.291289],[-2.167217,40.291541],[-2.166625,40.291989],[-2.165753,40.293218],[-2.164946,40.293635],[-2.163396,40.294016],[-2.162904,40.294912],[-2.162018,40.29567],[-2.161601,40.29589],[-2.160048,40.296028],[-2.159456,40.296565],[-2.15914,40.297556],[-2.158888,40.298801],[-2.157715,40.299131],[-2.157119,40.299578],[-2.156644,40.300486],[-2.155363,40.301254],[-2.153335,40.30129],[-2.152397,40.301199],[-2.15198,40.300955],[-2.151442,40.300923],[-2.150642,40.300294],[-2.150175,40.299523],[-2.149594,40.299076],[-2.148307,40.29929],[-2.147517,40.299601],[-2.14682,40.299668],[-2.146279,40.299561],[-2.145754,40.298833],[-2.14511,40.298647],[-2.144576,40.297932],[-2.143618,40.297535],[-2.142563,40.296589],[-2.141966,40.296832],[-2.141063,40.296928],[-2.139644,40.297259],[-2.138778,40.297124],[-2.13754,40.29717],[-2.136621,40.298133],[-2.135709,40.298482],[-2.135153,40.299261],[-2.134585,40.2995],[-2.13303,40.299651],[-2.13177,40.30079],[-2.131138,40.301625],[-2.13109,40.303011],[-2.130711,40.303754],[-2.130112,40.304197],[-2.128641,40.304856],[-2.127334,40.304693],[-2.126445,40.304702],[-2.125282,40.304973],[-2.124101,40.305417],[-2.122308,40.306376],[-2.121796,40.307711],[-2.120835,40.308099],[-2.120049,40.308622],[-2.118894,40.309124],[-2.117661,40.309084],[-2.116751,40.308413],[-2.11652,40.30762],[-2.115955,40.306929],[-2.11412,40.305767],[-2.112472,40.305345],[-2.111393,40.305801],[-2.110685,40.306541],[-2.109396,40.307439],[-2.108098,40.307693],[-2.106796,40.307738],[-2.106455,40.307939],[-2.10559,40.30878],[-2.105061,40.309008],[-2.104319,40.309042],[-2.10377,40.309255],[-2.103418,40.309595],[-2.102856,40.310664],[-2.102685,40.31135],[-2.101683,40.312108],[-2.100258,40.312417],[-2.0991,40.313418],[-2.097909,40.313858],[-2.09662,40.314033],[-2.095721,40.31556],[-2.095352,40.316568],[-2.095874,40.317794],[-2.095891,40.318805],[-2.095759,40.319225],[-2.094736,40.319642],[-2.09368,40.320795],[-2.093095,40.321018],[-2.091437,40.320853],[-2.090473,40.320648],[-2.089471,40.320597],[-2.088815,40.32042],[-2.087016,40.320342],[-2.086156,40.320149],[-2.084617,40.319997],[-2.083611,40.320198],[-2.083104,40.320488],[-2.082104,40.320584],[-2.080295,40.320875],[-2.0792,40.321854],[-2.078408,40.32209],[-2.077668,40.322124],[-2.076295,40.322361],[-2.075606,40.322824],[-2.07531,40.323276],[-2.075162,40.324576],[-2.07462,40.326196],[-2.074535,40.327495],[-2.074285,40.328152],[-2.074218,40.329073],[-2.073993,40.329558],[-2.073856,40.33056],[-2.073148,40.331373],[-2.072547,40.332269],[-2.072347,40.333023],[-2.071642,40.333838],[-2.070989,40.334859],[-2.070895,40.335365],[-2.070303,40.336282],[-2.069232,40.336471],[-2.068629,40.336719],[-2.066715,40.338182],[-2.066117,40.338432],[-2.065104,40.338516],[-2.063366,40.33913],[-2.062425,40.34052],[-2.06205,40.341628],[-2.061987,40.342191],[-2.061317,40.343533],[-2.060797,40.343927],[-2.058981,40.343363],[-2.057062,40.343344],[-2.05624,40.343805],[-2.055963,40.344196],[-2.05544,40.344429],[-2.052866,40.344761],[-2.052359,40.344358],[-2.051495,40.342989],[-2.051202,40.342061],[-2.051354,40.341655],[-2.051011,40.340386],[-2.050371,40.340047],[-2.049569,40.339307],[-2.048439,40.339198],[-2.047725,40.339272],[-2.046952,40.339569],[-2.045967,40.339431],[-2.044288,40.339344],[-2.043897,40.338878],[-2.043748,40.338405],[-2.04262,40.33723],[-2.041993,40.336972],[-2.040901,40.337106],[-2.0393,40.33711],[-2.038593,40.337369],[-2.03803,40.337839],[-2.037543,40.338597],[-2.036948,40.339043],[-2.035812,40.339679],[-2.034957,40.339748],[-2.034296,40.339567],[-2.033013,40.339453],[-2.032513,40.339159],[-2.031219,40.338702],[-2.030684,40.338077],[-2.03045,40.337584],[-2.029599,40.33742],[-2.028444,40.336635],[-2.026237,40.335675],[-2.024831,40.335419],[-2.023934,40.335378],[-2.023192,40.335192],[-2.021883,40.335086],[-2.020525,40.334538],[-2.019475,40.334259],[-2.018987,40.334323],[-2.018357,40.335203],[-2.017904,40.336489],[-2.017474,40.336694],[-2.014591,40.336663],[-2.0112,40.335764],[-2.009831,40.335816],[-2.009206,40.33647],[-2.009103,40.336929],[-2.00908,40.339339],[-2.008705,40.339758],[-2.007691,40.33984],[-2.007091,40.340054],[-2.005606,40.34117],[-2.005113,40.341923],[-2.004514,40.342593],[-2.003819,40.343189],[-2.003603,40.343702],[-2.003222,40.344088],[-2.002975,40.345034],[-2.002018,40.345651],[-2.001804,40.346167],[-2.001112,40.346765],[-2.00062,40.347525],[-2.000023,40.347965],[-1.999306,40.347761],[-1.998274,40.346961],[-1.997522,40.346693],[-1.996707,40.346574],[-1.995272,40.345936],[-1.994653,40.345208],[-1.994888,40.344715],[-1.995957,40.344326],[-1.996585,40.343819],[-1.997218,40.342401],[-1.997271,40.341318],[-1.997145,40.340896],[-1.996762,40.340565],[-1.997283,40.339079],[-1.997142,40.338368],[-1.997465,40.337684],[-1.998079,40.337175],[-1.99813,40.336824],[-1.99665,40.334509],[-1.996321,40.334304],[-1.995711,40.33432],[-1.994644,40.334676],[-1.993325,40.334709],[-1.992483,40.335318],[-1.991818,40.335541],[-1.99038,40.335631],[-1.989785,40.335848],[-1.988492,40.337006],[-1.98686,40.336882],[-1.984417,40.336886],[-1.983611,40.337065],[-1.981853,40.337156],[-1.980222,40.338288],[-1.980041,40.338292],[-1.978662,40.336243],[-1.978054,40.33603],[-1.977925,40.335625],[-1.97794,40.333771],[-1.977439,40.332912],[-1.978364,40.332147],[-1.980311,40.331449],[-1.981364,40.331168],[-1.982614,40.330689],[-1.983112,40.330395],[-1.984759,40.330141],[-1.986174,40.330097],[-1.987239,40.329526],[-1.988525,40.329394],[-1.989943,40.328768],[-1.99035,40.328442],[-1.990289,40.327558],[-1.989342,40.327142],[-1.988902,40.325772],[-1.988183,40.325107],[-1.987944,40.324289],[-1.987442,40.323714],[-1.986253,40.324032],[-1.985187,40.323926],[-1.983812,40.324646],[-1.983193,40.324625],[-1.982391,40.324101],[-1.981897,40.324037],[-1.981101,40.324191],[-1.979165,40.323704],[-1.977663,40.322806],[-1.977602,40.32257],[-1.978591,40.321917],[-1.97872,40.32088],[-1.978479,40.320308],[-1.978479,40.319376],[-1.978977,40.318499],[-1.978939,40.31815],[-1.978341,40.317635],[-1.978209,40.317221],[-1.978265,40.313598],[-1.978078,40.313217],[-1.97692,40.312831],[-1.976803,40.312117],[-1.976785,40.310346],[-1.976231,40.309858],[-1.975846,40.309806],[-1.974311,40.310187],[-1.973096,40.310167],[-1.972355,40.309972],[-1.970884,40.309935],[-1.97017,40.310005],[-1.969389,40.310306],[-1.968121,40.310158],[-1.967363,40.310257],[-1.966603,40.310159],[-1.963876,40.31007],[-1.962672,40.309738],[-1.961745,40.310234],[-1.960468,40.310376],[-1.959958,40.310661],[-1.959285,40.310816],[-1.958715,40.311145],[-1.957818,40.311392],[-1.955749,40.311383],[-1.954687,40.311572],[-1.953742,40.311601],[-1.952042,40.311998],[-1.951201,40.311693],[-1.950233,40.311758],[-1.949479,40.31167],[-1.948472,40.312056],[-1.947924,40.31256],[-1.947134,40.312551],[-1.946491,40.312094],[-1.945533,40.312566],[-1.944548,40.31294],[-1.944156,40.313583],[-1.944094,40.314605],[-1.943648,40.314881],[-1.942825,40.314831],[-1.942453,40.314567],[-1.942264,40.314117],[-1.941298,40.313654],[-1.941329,40.313069],[-1.940587,40.312246],[-1.939394,40.311778],[-1.938665,40.311818],[-1.938166,40.311688],[-1.933456,40.311616],[-1.932709,40.311427],[-1.93042,40.311358],[-1.929159,40.311098],[-1.928685,40.310746],[-1.927908,40.31052],[-1.926276,40.31033],[-1.924956,40.309388],[-1.924001,40.308989],[-1.923231,40.308451],[-1.921989,40.308044],[-1.921189,40.30753],[-1.919249,40.307021],[-1.917545,40.306959],[-1.916709,40.30656],[-1.915596,40.306228],[-1.914445,40.305655],[-1.913491,40.305671],[-1.912693,40.306559],[-1.911956,40.307213],[-1.911011,40.308694],[-1.91091,40.309205],[-1.910592,40.309563],[-1.908989,40.310678],[-1.907432,40.310742],[-1.9066,40.310853],[-1.904802,40.310129],[-1.904384,40.309403],[-1.904095,40.309174],[-1.90231,40.309036],[-1.901488,40.308318],[-1.899897,40.307637],[-1.899022,40.307178],[-1.898252,40.306641],[-1.897008,40.305929],[-1.895516,40.30557],[-1.89465,40.30502],[-1.893261,40.304666],[-1.89246,40.304135],[-1.891376,40.304129],[-1.89085,40.304415],[-1.889184,40.304265],[-1.889233,40.306405],[-1.889125,40.306861],[-1.888704,40.307563],[-1.887825,40.307584],[-1.886769,40.307209],[-1.885761,40.307104],[-1.884643,40.306792],[-1.884063,40.306247],[-1.882569,40.305672],[-1.881702,40.304984],[-1.881472,40.304637],[-1.880517,40.304089],[-1.879774,40.303532],[-1.87866,40.303196],[-1.876555,40.302376],[-1.874911,40.302096],[-1.873216,40.301978],[-1.872125,40.301546],[-1.871545,40.300995],[-1.870577,40.300908],[-1.869835,40.301088],[-1.868307,40.30111],[-1.867072,40.301532],[-1.866168,40.301464],[-1.864999,40.300994],[-1.864283,40.30049],[-1.862956,40.300295],[-1.862178,40.299985],[-1.859434,40.299587],[-1.857381,40.299118],[-1.855631,40.298423],[-1.854567,40.297882],[-1.853583,40.297727],[-1.85251,40.297193],[-1.851243,40.296805],[-1.850482,40.296261],[-1.849621,40.295973],[-1.846053,40.295933],[-1.843811,40.296344],[-1.842607,40.296374],[-1.841957,40.296539],[-1.838981,40.29652],[-1.83783,40.296136],[-1.837139,40.296052],[-1.835745,40.296089],[-1.834149,40.297291],[-1.833971,40.297751],[-1.83271,40.298671],[-1.831625,40.298909],[-1.830883,40.298942],[-1.830275,40.299191],[-1.82973,40.299718],[-1.830588,40.300648],[-1.831274,40.30125],[-1.832128,40.302837],[-1.832297,40.304267],[-1.832671,40.304654],[-1.833402,40.306249],[-1.834362,40.306876],[-1.835888,40.308036],[-1.83673,40.308964],[-1.837347,40.309999],[-1.837473,40.310633],[-1.837783,40.311068],[-1.838576,40.311411],[-1.8399,40.312602],[-1.840085,40.312909],[-1.840954,40.313595],[-1.841937,40.313973],[-1.843754,40.31502],[-1.844105,40.315543],[-1.845403,40.316363],[-1.845848,40.316448],[-1.847768,40.317184],[-1.848534,40.317724],[-1.850399,40.318334],[-1.85128,40.318789],[-1.85193,40.319457],[-1.851905,40.320471],[-1.851639,40.321109],[-1.851414,40.322242],[-1.852301,40.323437],[-1.85285,40.323844],[-1.853525,40.324007],[-1.854596,40.324542],[-1.855749,40.324828],[-1.857955,40.325116],[-1.860503,40.325842],[-1.860858,40.326091],[-1.860549,40.3273],[-1.859942,40.328197],[-1.858902,40.329068],[-1.858836,40.329376],[-1.858827,40.33113],[-1.859475,40.332021],[-1.860161,40.332622],[-1.860917,40.333836],[-1.862093,40.335183],[-1.863978,40.335927],[-1.86473,40.336024],[-1.865993,40.337011],[-1.865765,40.338101],[-1.866091,40.33901],[-1.866359,40.339265],[-1.868173,40.340212],[-1.869399,40.34051],[-1.870496,40.340329],[-1.870886,40.340483],[-1.870733,40.341059],[-1.871085,40.342263],[-1.871756,40.343098],[-1.871943,40.343847],[-1.872324,40.34423],[-1.873187,40.345588],[-1.873367,40.346343],[-1.873752,40.346946],[-1.874213,40.348159],[-1.87446,40.348552],[-1.875201,40.349062],[-1.875662,40.349969],[-1.876046,40.35035],[-1.876674,40.351897],[-1.876436,40.352713],[-1.876743,40.353524],[-1.877464,40.354185],[-1.877751,40.354638],[-1.877919,40.355848],[-1.878311,40.35645],[-1.878362,40.357222],[-1.87815,40.357783],[-1.878454,40.358561],[-1.879034,40.359415],[-1.87973,40.3594],[-1.880052,40.359671],[-1.880475,40.361057],[-1.880804,40.361554],[-1.881739,40.361895],[-1.882813,40.36265],[-1.883453,40.362989],[-1.883948,40.363583],[-1.885242,40.36462],[-1.885871,40.365964],[-1.885981,40.366738],[-1.886704,40.367917],[-1.886784,40.368424],[-1.887118,40.369004],[-1.887805,40.369603],[-1.88828,40.370361],[-1.888966,40.371189],[-1.889013,40.371964],[-1.888795,40.372785],[-1.889688,40.373981],[-1.8906,40.374933],[-1.891731,40.375572],[-1.893002,40.375959],[-1.893482,40.376268],[-1.895054,40.376875],[-1.895639,40.377328],[-1.895921,40.377785],[-1.896028,40.378561],[-1.896653,40.380132],[-1.896939,40.380585],[-1.89808,40.381514],[-1.899089,40.381874],[-1.899639,40.382281],[-1.899761,40.382623],[-1.899651,40.383989],[-1.898984,40.384761],[-1.898479,40.386557],[-1.898127,40.387138],[-1.897604,40.387531],[-1.896252,40.387108],[-1.894892,40.386561],[-1.89362,40.386264],[-1.892721,40.386222],[-1.891878,40.386028],[-1.890615,40.385895],[-1.889476,40.385178],[-1.889316,40.384714],[-1.88808,40.383772],[-1.886616,40.383613],[-1.88582,40.382872],[-1.884865,40.382472],[-1.884675,40.382243],[-1.883488,40.381718],[-1.881398,40.381635],[-1.880965,40.381729],[-1.880232,40.38222],[-1.879236,40.38258],[-1.8786,40.383069],[-1.878044,40.383698],[-1.877933,40.38425],[-1.877907,40.38651],[-1.877764,40.386976],[-1.876902,40.387592],[-1.876294,40.387714],[-1.875122,40.388478],[-1.874395,40.388821],[-1.87349,40.389569],[-1.873451,40.389842],[-1.873766,40.390658],[-1.874061,40.39097],[-1.875232,40.391804],[-1.875839,40.392092],[-1.877126,40.392245],[-1.877715,40.392473],[-1.878913,40.39337],[-1.879155,40.39392],[-1.878712,40.394343],[-1.878368,40.394937],[-1.878358,40.39574],[-1.878815,40.396329],[-1.879042,40.397359],[-1.878403,40.39789],[-1.87733,40.399106],[-1.875839,40.400229],[-1.875188,40.400442],[-1.874315,40.399904],[-1.872207,40.399341],[-1.870205,40.399358],[-1.869357,40.399925],[-1.866085,40.402378],[-1.865595,40.402616],[-1.864934,40.40268],[-1.863424,40.40306],[-1.862743,40.402823],[-1.862254,40.402217],[-1.861654,40.401774],[-1.86078,40.401491],[-1.859494,40.401382],[-1.858994,40.401087],[-1.858023,40.400918],[-1.857245,40.400604],[-1.856554,40.400598],[-1.855766,40.400896],[-1.854788,40.401045],[-1.854277,40.401328],[-1.853297,40.401472],[-1.851813,40.402134],[-1.851027,40.402664],[-1.850432,40.402887],[-1.849821,40.402898],[-1.848864,40.40241],[-1.848008,40.40184],[-1.847084,40.401797],[-1.846215,40.402074],[-1.845642,40.402396],[-1.844434,40.402733],[-1.843107,40.403678],[-1.84282,40.403727],[-1.841914,40.402918],[-1.840882,40.40235],[-1.840034,40.401648],[-1.838988,40.399981],[-1.838535,40.399395],[-1.838426,40.398622],[-1.837464,40.397114],[-1.837338,40.396708],[-1.836711,40.395675],[-1.836026,40.395073],[-1.835555,40.394313],[-1.834163,40.392978],[-1.832609,40.392811],[-1.831985,40.392377],[-1.831081,40.39142],[-1.830319,40.390432],[-1.828447,40.388417],[-1.826878,40.386548],[-1.825561,40.385528],[-1.824295,40.3841],[-1.823531,40.383623],[-1.823368,40.38316],[-1.822242,40.382221],[-1.820335,40.381196],[-1.818746,40.379934],[-1.817717,40.379366],[-1.816395,40.378351],[-1.815413,40.377971],[-1.814934,40.377661],[-1.81382,40.377323],[-1.8119,40.376586],[-1.811025,40.376126],[-1.809965,40.375359],[-1.80957,40.375209],[-1.80822,40.374214],[-1.806701,40.373419],[-1.805016,40.372155],[-1.804304,40.371796],[-1.801714,40.369724],[-1.800955,40.368733],[-1.79969,40.367676],[-1.798931,40.366685],[-1.797931,40.365874],[-1.797218,40.365072],[-1.796187,40.364417],[-1.794784,40.362795],[-1.794428,40.36263],[-1.793739,40.361884],[-1.79274,40.361072],[-1.792271,40.36031],[-1.791139,40.359153],[-1.789847,40.358115],[-1.788809,40.356444],[-1.787832,40.355616],[-1.786749,40.353904],[-1.785859,40.353382],[-1.784945,40.352433],[-1.78449,40.351437],[-1.784171,40.351004],[-1.783241,40.350898],[-1.782629,40.350977],[-1.782115,40.351272],[-1.781222,40.351327],[-1.780514,40.35098],[-1.778886,40.351464],[-1.777614,40.351607],[-1.777106,40.351894],[-1.776171,40.35197],[-1.77492,40.35193],[-1.77408,40.351352],[-1.773447,40.351831],[-1.772976,40.352754],[-1.772583,40.35313],[-1.772371,40.353649],[-1.771617,40.354136],[-1.77022,40.354367],[-1.768867,40.354371],[-1.767862,40.35426],[-1.766501,40.352607],[-1.765535,40.351549],[-1.763933,40.349631],[-1.76291,40.348837],[-1.762371,40.348261],[-1.760615,40.346769],[-1.760146,40.346007],[-1.759177,40.344951],[-1.758606,40.344043],[-1.758426,40.34351],[-1.757854,40.342603],[-1.757463,40.342228],[-1.756708,40.341013],[-1.755746,40.340307],[-1.754092,40.339416],[-1.752898,40.339544],[-1.751153,40.339538],[-1.75014,40.339631],[-1.749396,40.338458],[-1.748422,40.337628],[-1.747954,40.336865],[-1.74624,40.335475],[-1.745239,40.33511],[-1.744434,40.334375],[-1.74319,40.333968],[-1.742165,40.333177],[-1.741573,40.332916],[-1.740551,40.332816],[-1.740101,40.332629],[-1.739953,40.33212],[-1.74039,40.331678],[-1.740475,40.331068],[-1.740134,40.330472],[-1.739102,40.329533],[-1.738684,40.328881],[-1.737279,40.328002],[-1.736254,40.327803],[-1.734893,40.327039],[-1.731866,40.325959],[-1.731379,40.325655],[-1.728873,40.324896],[-1.727637,40.324888],[-1.727387,40.325125],[-1.727379,40.32593],[-1.727632,40.326706],[-1.727449,40.32705],[-1.725777,40.327528],[-1.722679,40.327488],[-1.720129,40.326969],[-1.720313,40.325812],[-1.720581,40.325173],[-1.720613,40.32424],[-1.720486,40.323909],[-1.719885,40.323388],[-1.719937,40.323025],[-1.720569,40.3227],[-1.722088,40.32151],[-1.722142,40.320804],[-1.721417,40.319108],[-1.722069,40.318539],[-1.723598,40.318217],[-1.724153,40.317889],[-1.723725,40.316809],[-1.7237,40.316158],[-1.723043,40.31498],[-1.722666,40.314592],[-1.722324,40.313725],[-1.722583,40.312975],[-1.722479,40.312446],[-1.721269,40.311541],[-1.720155,40.311528],[-1.719143,40.312286],[-1.718973,40.313438],[-1.718475,40.313914],[-1.717767,40.313996],[-1.716499,40.314787],[-1.715388,40.314775],[-1.714511,40.313996],[-1.714164,40.313904],[-1.712754,40.313927],[-1.711776,40.314718],[-1.7107,40.314758],[-1.709841,40.314548],[-1.709207,40.314535],[-1.708344,40.314728],[-1.707587,40.314454],[-1.707559,40.313434],[-1.707216,40.312764],[-1.706054,40.311851],[-1.705468,40.311622],[-1.703966,40.311267],[-1.703604,40.311009],[-1.703475,40.309638],[-1.702255,40.308461],[-1.701393,40.308302],[-1.700984,40.307991],[-1.700825,40.307525],[-1.700022,40.306631],[-1.699364,40.306567],[-1.69811,40.307364],[-1.696902,40.307697],[-1.695688,40.308341],[-1.693457,40.31001],[-1.692761,40.310376],[-1.69229,40.310844],[-1.691587,40.311209],[-1.691296,40.311598],[-1.690724,40.311788],[-1.689942,40.311032],[-1.689305,40.310763],[-1.688294,40.31066],[-1.687138,40.310375],[-1.68624,40.30993],[-1.685363,40.309119],[-1.684856,40.309308],[-1.684273,40.310158],[-1.683742,40.310386],[-1.682669,40.310495],[-1.682171,40.310865],[-1.681913,40.311653],[-1.68153,40.312039],[-1.681292,40.31278],[-1.68096,40.313234],[-1.682469,40.313843],[-1.682959,40.314146],[-1.683639,40.314306],[-1.687146,40.315695],[-1.687913,40.316235],[-1.68934,40.316803],[-1.689664,40.317597],[-1.690226,40.31829],[-1.691232,40.319181],[-1.691278,40.320526],[-1.691195,40.321168],[-1.690894,40.321476],[-1.689884,40.322138],[-1.689435,40.322213],[-1.68808,40.322687],[-1.686916,40.323456],[-1.684946,40.32392],[-1.683934,40.323858],[-1.683296,40.323588],[-1.682617,40.322833],[-1.681349,40.321905],[-1.680042,40.321873],[-1.678694,40.322274],[-1.676888,40.322286],[-1.676162,40.32245],[-1.675099,40.322268],[-1.674329,40.3225],[-1.673765,40.322825],[-1.672497,40.32259],[-1.67201,40.322282],[-1.670677,40.321767],[-1.669442,40.321757],[-1.668483,40.321939],[-1.666004,40.321896],[-1.663101,40.321131],[-1.661052,40.320434],[-1.660289,40.319891],[-1.65896,40.319386],[-1.657243,40.319089],[-1.655928,40.318742],[-1.655198,40.31878],[-1.65443,40.318474],[-1.652706,40.318194],[-1.652742,40.319364],[-1.652645,40.321559],[-1.652508,40.322338],[-1.653716,40.322467],[-1.655806,40.322999],[-1.656874,40.323536],[-1.657564,40.323689],[-1.658435,40.324238],[-1.659437,40.324347],[-1.660201,40.324616],[-1.6608,40.325059],[-1.661272,40.325595],[-1.662277,40.326033],[-1.662726,40.326513],[-1.664266,40.327144],[-1.665741,40.328267],[-1.666191,40.329043],[-1.666756,40.329733],[-1.667769,40.33063],[-1.667753,40.331481],[-1.666165,40.33271],[-1.667115,40.333531],[-1.667976,40.334457],[-1.668373,40.335548],[-1.668638,40.335805],[-1.669943,40.336242],[-1.670865,40.337419],[-1.670828,40.337884],[-1.670406,40.338478],[-1.670391,40.339008],[-1.671513,40.340845],[-1.6727,40.341738],[-1.673684,40.342117],[-1.674874,40.343095],[-1.675003,40.344466],[-1.675439,40.345207],[-1.675875,40.346481],[-1.676798,40.346906],[-1.677414,40.348564],[-1.677134,40.349685],[-1.67657,40.351372],[-1.676504,40.351935],[-1.676097,40.352792],[-1.674489,40.353814],[-1.674184,40.354123],[-1.674131,40.35483],[-1.674651,40.356078],[-1.674757,40.356852],[-1.675352,40.357743],[-1.676603,40.358367],[-1.677493,40.358899],[-1.678021,40.360504],[-1.679499,40.360877],[-1.6804,40.361318],[-1.682297,40.362794],[-1.68328,40.363178],[-1.683974,40.363668],[-1.685328,40.363504],[-1.686209,40.363049],[-1.687028,40.361636],[-1.688197,40.360729],[-1.68869,40.360493],[-1.689502,40.360384],[-1.690273,40.360042],[-1.691322,40.360056],[-1.692383,40.360421],[-1.693689,40.35957],[-1.694052,40.359028],[-1.69406,40.35788],[-1.693345,40.357103],[-1.693218,40.356764],[-1.693293,40.355466],[-1.693919,40.354951],[-1.695011,40.354678],[-1.696608,40.354684],[-1.697879,40.354408],[-1.698831,40.354069],[-1.699324,40.35414],[-1.69985,40.354862],[-1.700543,40.354697],[-1.701682,40.353933],[-1.702421,40.354424],[-1.702951,40.354536],[-1.704757,40.354563],[-1.706065,40.355128],[-1.706328,40.355821],[-1.706929,40.356041],[-1.707624,40.356989],[-1.707677,40.358518],[-1.708077,40.358961],[-1.708311,40.35975],[-1.70957,40.360602],[-1.709599,40.360873],[-1.709034,40.362227],[-1.709322,40.362766],[-1.710367,40.363712],[-1.710401,40.364547],[-1.710072,40.364733],[-1.709143,40.364798],[-1.707263,40.366466],[-1.705765,40.36653],[-1.704032,40.366933],[-1.703399,40.366918],[-1.701384,40.366465],[-1.699878,40.366502],[-1.699314,40.36675],[-1.69919,40.367176],[-1.699426,40.368675],[-1.699364,40.369291],[-1.698447,40.370633],[-1.697709,40.371281],[-1.697122,40.372561],[-1.697126,40.372872],[-1.698269,40.37419],[-1.699589,40.374295],[-1.701409,40.373916],[-1.702202,40.373973],[-1.702698,40.374274],[-1.704717,40.374809],[-1.706093,40.375036],[-1.70751,40.375105],[-1.708846,40.376592],[-1.709989,40.376921],[-1.711409,40.376898],[-1.71203,40.376745],[-1.712724,40.376885],[-1.71439,40.376534],[-1.715142,40.376793],[-1.71585,40.377383],[-1.716535,40.377661],[-1.71833,40.377607],[-1.718916,40.377288],[-1.720144,40.377265],[-1.720977,40.377875],[-1.722031,40.378153],[-1.723096,40.37829],[-1.723626,40.37871],[-1.724687,40.380364],[-1.725925,40.380782],[-1.726342,40.381027],[-1.727332,40.380989],[-1.728924,40.381601],[-1.73023,40.382018],[-1.731466,40.38221],[-1.7317,40.382702],[-1.732564,40.383087],[-1.732889,40.384113],[-1.733426,40.384439],[-1.733626,40.385233],[-1.734146,40.385709],[-1.734964,40.385828],[-1.73529,40.386118],[-1.735401,40.386658],[-1.735882,40.386995],[-1.736706,40.387864],[-1.736992,40.388317],[-1.737072,40.389057],[-1.737044,40.390588],[-1.737384,40.391135],[-1.738723,40.392151],[-1.738996,40.392645],[-1.737923,40.393578],[-1.737891,40.394125],[-1.738119,40.394711],[-1.737854,40.395518],[-1.737833,40.396319],[-1.73851,40.397403],[-1.739448,40.398039],[-1.739643,40.39856],[-1.740853,40.399586],[-1.74112,40.400423],[-1.74196,40.40128],[-1.74255,40.40173],[-1.744068,40.401934],[-1.745259,40.403275],[-1.745568,40.403823],[-1.745326,40.404636],[-1.745322,40.405775],[-1.745466,40.406189],[-1.745249,40.40648],[-1.744466,40.406928],[-1.744019,40.407644],[-1.743102,40.408295],[-1.742133,40.408566],[-1.740592,40.408572],[-1.739949,40.408861],[-1.739229,40.410275],[-1.738496,40.410927],[-1.738321,40.411388],[-1.737642,40.41186],[-1.736149,40.412102],[-1.735249,40.412125],[-1.734399,40.412302],[-1.733269,40.412356],[-1.732859,40.412576],[-1.731232,40.41382],[-1.730781,40.413988],[-1.730255,40.413669],[-1.729383,40.4134],[-1.728753,40.413449],[-1.727097,40.413791],[-1.726359,40.413825],[-1.725758,40.414074],[-1.724888,40.41476],[-1.72459,40.415211],[-1.724374,40.415955],[-1.723986,40.416336],[-1.723868,40.416963],[-1.723838,40.41874],[-1.722948,40.419913],[-1.722952,40.420764],[-1.723169,40.421264],[-1.723282,40.422036],[-1.724425,40.423851],[-1.726015,40.425197],[-1.726391,40.426449],[-1.727397,40.428084],[-1.727549,40.428553],[-1.728444,40.429304],[-1.729037,40.42953],[-1.729937,40.429661],[-1.730936,40.430436],[-1.730972,40.431279],[-1.730831,40.431616],[-1.730213,40.432125],[-1.730025,40.433151],[-1.729676,40.434202],[-1.729373,40.434512],[-1.727708,40.435716],[-1.727362,40.436176],[-1.727305,40.437322],[-1.726832,40.437988],[-1.726933,40.438906],[-1.726015,40.439639],[-1.725024,40.439913],[-1.722932,40.439913],[-1.722148,40.440256],[-1.720582,40.440533],[-1.71968,40.440554],[-1.717976,40.440997],[-1.717575,40.441322],[-1.717466,40.442244],[-1.717214,40.442819],[-1.717266,40.44359],[-1.717855,40.444496],[-1.718211,40.444836],[-1.718307,40.445431],[-1.718142,40.445636],[-1.716643,40.445981],[-1.715739,40.447102],[-1.71536,40.448122],[-1.715436,40.448502],[-1.716427,40.449109],[-1.716667,40.449421],[-1.716307,40.450005],[-1.716341,40.450684],[-1.715651,40.451598],[-1.71544,40.45212],[-1.71505,40.452501],[-1.714825,40.453014],[-1.714399,40.453453],[-1.714464,40.45396],[-1.715071,40.454492],[-1.715023,40.454812],[-1.713937,40.454286],[-1.712111,40.453517],[-1.711063,40.453526],[-1.709702,40.454006],[-1.707745,40.455439],[-1.706695,40.455984],[-1.703866,40.458102],[-1.703459,40.458328],[-1.702398,40.458562],[-1.701492,40.458374],[-1.700072,40.458299],[-1.699738,40.458202],[-1.698405,40.458309],[-1.697675,40.458178],[-1.696064,40.458361],[-1.695275,40.458657],[-1.69398,40.45874],[-1.693241,40.458909],[-1.69192,40.458772],[-1.69103,40.459201],[-1.689556,40.460193],[-1.688096,40.460324],[-1.68758,40.46064],[-1.686663,40.460709],[-1.685672,40.461389],[-1.685372,40.461839],[-1.685244,40.462747],[-1.684976,40.46349],[-1.685112,40.464068],[-1.684864,40.465001],[-1.684174,40.46562],[-1.683877,40.466683],[-1.683383,40.467056],[-1.68295,40.467146],[-1.680895,40.46713],[-1.679965,40.467042],[-1.679187,40.466718],[-1.678491,40.466661],[-1.677436,40.467482],[-1.676711,40.467826],[-1.675176,40.468768],[-1.675193,40.469235],[-1.675884,40.470292],[-1.676236,40.471462],[-1.675874,40.472563],[-1.674949,40.47307],[-1.67343,40.473393],[-1.672467,40.47414],[-1.673166,40.474827],[-1.673463,40.475574],[-1.673342,40.476091],[-1.674246,40.476765],[-1.674309,40.477272],[-1.673394,40.478248],[-1.672171,40.479116],[-1.671173,40.479474],[-1.669841,40.480178],[-1.668448,40.480378],[-1.667624,40.480882],[-1.667019,40.481007],[-1.665624,40.481967],[-1.664436,40.482632],[-1.663839,40.482849],[-1.662552,40.48298],[-1.661481,40.483325],[-1.659775,40.483355],[-1.659225,40.483507],[-1.657488,40.483648],[-1.656041,40.483519],[-1.654493,40.4839],[-1.653487,40.483989],[-1.653093,40.484316],[-1.65193,40.484772],[-1.650112,40.485308],[-1.649328,40.485834],[-1.648732,40.486051],[-1.647452,40.486187],[-1.646937,40.486468],[-1.646123,40.486576],[-1.64563,40.486813],[-1.644492,40.4876],[-1.643851,40.487376],[-1.643074,40.486528],[-1.642213,40.486094],[-1.641346,40.486636],[-1.640445,40.487074],[-1.638954,40.487181],[-1.637468,40.488072],[-1.636802,40.488656],[-1.636113,40.488786],[-1.635468,40.488326],[-1.634931,40.488211],[-1.633921,40.488207],[-1.632947,40.488398],[-1.632044,40.488419],[-1.630896,40.488705],[-1.629967,40.490034],[-1.629735,40.490541],[-1.629185,40.490778],[-1.628202,40.490623],[-1.626875,40.490618],[-1.6261,40.490875],[-1.625479,40.491302],[-1.624607,40.492216],[-1.624498,40.492666],[-1.624441,40.495389],[-1.624308,40.495718],[-1.623094,40.496439],[-1.622748,40.496786],[-1.62216,40.496924],[-1.620216,40.498074],[-1.619407,40.498146],[-1.618678,40.497579],[-1.6169,40.497695],[-1.61572,40.497891],[-1.612415,40.497852],[-1.611807,40.497927],[-1.611293,40.498221],[-1.610606,40.498269],[-1.610288,40.498079],[-1.610101,40.497485],[-1.609492,40.497269],[-1.608885,40.496608],[-1.608687,40.49609],[-1.608242,40.495494],[-1.608232,40.494026],[-1.608123,40.493773],[-1.605678,40.492239],[-1.605176,40.491097],[-1.603808,40.491418],[-1.603065,40.491454],[-1.601908,40.491723],[-1.601338,40.492051],[-1.600438,40.492295],[-1.598732,40.492294],[-1.59659,40.492698],[-1.594192,40.492662],[-1.592233,40.492158],[-1.591819,40.491849],[-1.590257,40.489324],[-1.589866,40.488949],[-1.588719,40.487135],[-1.588369,40.485974],[-1.588766,40.485025],[-1.589495,40.483982],[-1.589405,40.483663],[-1.588457,40.483693],[-1.587581,40.48432],[-1.587003,40.484877],[-1.586404,40.484909],[-1.585319,40.48474],[-1.584733,40.485046],[-1.58345,40.485183],[-1.582824,40.485467],[-1.582265,40.48608],[-1.582049,40.486596],[-1.581096,40.486989],[-1.580182,40.487732],[-1.579433,40.487775],[-1.57686,40.487739],[-1.574557,40.487411],[-1.573389,40.486938],[-1.572824,40.486602],[-1.571938,40.486777],[-1.571584,40.487131],[-1.571439,40.487752],[-1.571139,40.488065],[-1.569777,40.489051],[-1.56933,40.489758],[-1.568589,40.490406],[-1.56828,40.490853],[-1.568216,40.491467],[-1.568443,40.492059],[-1.568542,40.492965],[-1.568928,40.493567],[-1.569097,40.494777],[-1.569447,40.495352],[-1.569348,40.495806],[-1.569508,40.496391],[-1.569272,40.496929],[-1.56946,40.497234],[-1.569991,40.497131],[-1.571704,40.497121],[-1.572413,40.497279],[-1.572741,40.498096],[-1.572781,40.498663],[-1.573141,40.499982],[-1.573821,40.500367],[-1.574669,40.501075],[-1.575184,40.501922],[-1.574039,40.502711],[-1.57302,40.503055],[-1.570978,40.504589],[-1.570893,40.505097],[-1.571599,40.505637],[-1.572527,40.505721],[-1.572849,40.505916],[-1.573154,40.506965],[-1.57313,40.508957],[-1.57347,40.509494],[-1.57445,40.510092],[-1.574476,40.510382],[-1.574069,40.51097],[-1.573848,40.51195],[-1.573125,40.512985],[-1.573124,40.513296],[-1.573698,40.513753],[-1.574635,40.514101],[-1.575017,40.514539],[-1.574714,40.51471],[-1.57364,40.514832],[-1.573118,40.515127],[-1.572327,40.515363],[-1.570828,40.515566],[-1.569541,40.515649],[-1.56903,40.515934],[-1.567747,40.516296],[-1.566577,40.517062],[-1.565018,40.517197],[-1.563924,40.517784],[-1.563623,40.519073],[-1.563028,40.519672],[-1.562364,40.519836],[-1.562023,40.520115],[-1.561957,40.521724],[-1.562193,40.522304],[-1.56216,40.523149],[-1.561939,40.523569],[-1.561755,40.524859],[-1.56136,40.525533],[-1.561737,40.525908],[-1.562506,40.527124],[-1.563161,40.52783],[-1.56268,40.528921],[-1.562433,40.529974],[-1.562419,40.530505],[-1.562706,40.530958],[-1.563699,40.531785],[-1.563988,40.532241],[-1.563978,40.532775],[-1.56367,40.533222],[-1.562056,40.534016],[-1.561416,40.534504],[-1.560854,40.535132],[-1.56075,40.536343],[-1.561068,40.537406],[-1.56133,40.537665],[-1.562313,40.538077],[-1.562793,40.538387],[-1.564098,40.538797],[-1.564211,40.539061],[-1.564212,40.540448],[-1.564955,40.541708],[-1.564949,40.542023],[-1.564035,40.54336],[-1.563455,40.543821],[-1.562746,40.544183],[-1.562442,40.544626],[-1.562456,40.544977],[-1.561856,40.545371],[-1.561199,40.545296],[-1.56031,40.545435],[-1.559735,40.545785],[-1.558944,40.545896],[-1.55806,40.546436],[-1.556797,40.546814],[-1.555989,40.547688],[-1.555305,40.547927],[-1.554759,40.548413],[-1.554172,40.548551],[-1.553595,40.549098],[-1.552608,40.549846],[-1.552487,40.550102],[-1.55243,40.551271],[-1.552047,40.552],[-1.551446,40.552442],[-1.550844,40.552654],[-1.549494,40.552811],[-1.548949,40.553221],[-1.548421,40.553949],[-1.54747,40.554116],[-1.546964,40.554404],[-1.545666,40.554755],[-1.545105,40.554999],[-1.544841,40.555478],[-1.544255,40.555932],[-1.543083,40.556296],[-1.542683,40.556611],[-1.542088,40.556743],[-1.540702,40.557253],[-1.539409,40.557379],[-1.538807,40.557591],[-1.538179,40.558098],[-1.53783,40.558928],[-1.537763,40.560157],[-1.537642,40.560413],[-1.536418,40.561204],[-1.536189,40.561625],[-1.534992,40.561917],[-1.534177,40.561962],[-1.533402,40.561854],[-1.53291,40.562556],[-1.531432,40.563685],[-1.530678,40.564098],[-1.529612,40.564999],[-1.52871,40.565434],[-1.527999,40.565503],[-1.526512,40.565452],[-1.525968,40.565329],[-1.525653,40.565539],[-1.525444,40.56606],[-1.524855,40.566515],[-1.523581,40.566885],[-1.523035,40.567829],[-1.522647,40.56821],[-1.522234,40.569391],[-1.522185,40.570888],[-1.522267,40.571437],[-1.522843,40.572342],[-1.523548,40.573018],[-1.523839,40.573748],[-1.524873,40.574084],[-1.525259,40.574636],[-1.5261,40.575185],[-1.526212,40.575438],[-1.526107,40.57666],[-1.525256,40.577521],[-1.52315,40.577771],[-1.521776,40.577577],[-1.519188,40.577544],[-1.517989,40.577822],[-1.517096,40.578492],[-1.516624,40.579037],[-1.513926,40.581032],[-1.513505,40.58125],[-1.512688,40.581339],[-1.51222,40.581596],[-1.511926,40.58201],[-1.511746,40.582826],[-1.510622,40.583604],[-1.509097,40.584325],[-1.507333,40.585031],[-1.506593,40.585064],[-1.504559,40.585557],[-1.503724,40.586732],[-1.503328,40.587106],[-1.50311,40.587622],[-1.501903,40.588503],[-1.501289,40.588621],[-1.500872,40.588928],[-1.500799,40.590007],[-1.50142,40.591602],[-1.501826,40.592041],[-1.502028,40.592557],[-1.502479,40.59316],[-1.502439,40.59401],[-1.502212,40.594489],[-1.502319,40.594944],[-1.502182,40.595456],[-1.502627,40.596104],[-1.502698,40.596873],[-1.502319,40.597679],[-1.501311,40.597888],[-1.500113,40.598318],[-1.499234,40.598864],[-1.498305,40.598877],[-1.497427,40.59873],[-1.496875,40.598966],[-1.496177,40.59983],[-1.495981,40.600634],[-1.49529,40.601249],[-1.494892,40.602712],[-1.494938,40.604673],[-1.494264,40.604678],[-1.4937,40.604502],[-1.491983,40.604463],[-1.491243,40.604625],[-1.49065,40.60452],[-1.49024,40.604659],[-1.489013,40.60583],[-1.48819,40.60679],[-1.487614,40.607032],[-1.486577,40.606974],[-1.486048,40.60646],[-1.48494,40.606361],[-1.484013,40.606155],[-1.482542,40.605956],[-1.481638,40.606095],[-1.47955,40.606157],[-1.478646,40.60659],[-1.478048,40.607036],[-1.477224,40.60799],[-1.476536,40.607804],[-1.47571,40.607204],[-1.474655,40.606941],[-1.47303,40.607198],[-1.472227,40.607713],[-1.470956,40.608314],[-1.470713,40.609498],[-1.470107,40.610395],[-1.469504,40.610835],[-1.46829,40.611482],[-1.467678,40.611601],[-1.467261,40.611907],[-1.467191,40.613518],[-1.467786,40.615253],[-1.468525,40.615982],[-1.468591,40.616846],[-1.46895,40.617799],[-1.469399,40.618393],[-1.469406,40.619776],[-1.469897,40.620506],[-1.469658,40.621887],[-1.470288,40.623233],[-1.471719,40.624395],[-1.472691,40.624789],[-1.473284,40.625323],[-1.473895,40.62531],[-1.474678,40.625013],[-1.475094,40.625015],[-1.476645,40.625404],[-1.478024,40.62551],[-1.478522,40.625807],[-1.480261,40.626111],[-1.481264,40.626225],[-1.482464,40.626977],[-1.482894,40.627864],[-1.483807,40.62772],[-1.484781,40.626912],[-1.485775,40.626875],[-1.486523,40.627147],[-1.48712,40.627753],[-1.488621,40.627894],[-1.489798,40.628356],[-1.490407,40.628793],[-1.490729,40.629254],[-1.490845,40.630021],[-1.491302,40.630697],[-1.491209,40.632677],[-1.490903,40.632985],[-1.489094,40.634311],[-1.487907,40.634697],[-1.487175,40.63464],[-1.486313,40.635092],[-1.486033,40.636023],[-1.485123,40.636573],[-1.48547,40.637147],[-1.485549,40.638012],[-1.485935,40.639465],[-1.486531,40.639989],[-1.486658,40.640415],[-1.486496,40.641519],[-1.487113,40.642063],[-1.487686,40.642752],[-1.488173,40.643944],[-1.488727,40.644204],[-1.490028,40.644267],[-1.490789,40.644087],[-1.493646,40.644096],[-1.494382,40.644158],[-1.495488,40.64498],[-1.496296,40.645264],[-1.49863,40.645291],[-1.499462,40.645377],[-1.500236,40.645696],[-1.501549,40.645767],[-1.502289,40.645593],[-1.503304,40.64551],[-1.503901,40.645291],[-1.50463,40.644802],[-1.505891,40.644931],[-1.507942,40.645023],[-1.508324,40.645362],[-1.509209,40.645729],[-1.51035,40.646527],[-1.512975,40.646601],[-1.513933,40.646684],[-1.514734,40.647092],[-1.514676,40.647628],[-1.51506,40.648059],[-1.51542,40.648951],[-1.515692,40.649925],[-1.515816,40.65083],[-1.51726,40.651538],[-1.517956,40.651646],[-1.519679,40.652083],[-1.520531,40.65212],[-1.521407,40.652383],[-1.521966,40.652726],[-1.523022,40.653018],[-1.523831,40.652986],[-1.525218,40.652459],[-1.526235,40.652416],[-1.527098,40.652708],[-1.529284,40.654422],[-1.529693,40.654653],[-1.530592,40.654788],[-1.531669,40.655323],[-1.532647,40.655489],[-1.533724,40.656025],[-1.534701,40.656192],[-1.536071,40.65665],[-1.536453,40.656978],[-1.537521,40.65726],[-1.538824,40.657363],[-1.539389,40.657611],[-1.539995,40.65814],[-1.540126,40.658664],[-1.540885,40.659123],[-1.54102,40.659645],[-1.541981,40.660133],[-1.542174,40.66132],[-1.542842,40.662157],[-1.543039,40.662676],[-1.544012,40.663511],[-1.544294,40.663967],[-1.544468,40.664725],[-1.545613,40.666542],[-1.546294,40.667365],[-1.545892,40.668049],[-1.545666,40.668794],[-1.544881,40.669815],[-1.544741,40.670586],[-1.544439,40.671035],[-1.543554,40.671942],[-1.540082,40.674476],[-1.539754,40.674843],[-1.53943,40.675757],[-1.539398,40.676606],[-1.539852,40.677207],[-1.539956,40.678107],[-1.540311,40.679088],[-1.540703,40.679688],[-1.540695,40.680218],[-1.540373,40.681115],[-1.539663,40.681933],[-1.539042,40.683047],[-1.538782,40.684064],[-1.537327,40.684904],[-1.536598,40.685246],[-1.535152,40.686333],[-1.535135,40.68666],[-1.536094,40.68706],[-1.536962,40.687753],[-1.537122,40.688218],[-1.538153,40.688871],[-1.539616,40.690009],[-1.539906,40.690327],[-1.539971,40.691165],[-1.540204,40.69183],[-1.540209,40.693213],[-1.540313,40.693483],[-1.541273,40.693884],[-1.542153,40.694565],[-1.542611,40.695557],[-1.543217,40.696514],[-1.543552,40.69672],[-1.544688,40.696797],[-1.545549,40.69716],[-1.546364,40.697285],[-1.547118,40.697555],[-1.548285,40.698471],[-1.548631,40.69923],[-1.548493,40.699915],[-1.549614,40.700284],[-1.550212,40.700727],[-1.551002,40.701638],[-1.551334,40.701796],[-1.552392,40.701943],[-1.553064,40.702408],[-1.554703,40.702607],[-1.555034,40.702898],[-1.555034,40.703907],[-1.554626,40.704696],[-1.553389,40.705251],[-1.553036,40.705736],[-1.552654,40.706617],[-1.552616,40.708316],[-1.552934,40.709143],[-1.553336,40.709465],[-1.554191,40.709806],[-1.553896,40.710986],[-1.553547,40.711173],[-1.552901,40.712041],[-1.552791,40.712677],[-1.552768,40.714455],[-1.552955,40.715228],[-1.552845,40.715492],[-1.553348,40.716159],[-1.553776,40.716264],[-1.554698,40.716205],[-1.555488,40.715903],[-1.55587,40.71593],[-1.556462,40.716817],[-1.556921,40.71781],[-1.558358,40.718968],[-1.559325,40.719519],[-1.559428,40.720097],[-1.559257,40.721008],[-1.55941,40.721688],[-1.559375,40.723224],[-1.559083,40.724048],[-1.559185,40.724858],[-1.559801,40.725523],[-1.559331,40.726532],[-1.559142,40.727801],[-1.559832,40.72856],[-1.559867,40.729866],[-1.560146,40.730773],[-1.560564,40.731526],[-1.560417,40.731864],[-1.560415,40.732876],[-1.561165,40.733607],[-1.561445,40.734316],[-1.561251,40.734804],[-1.561079,40.736102],[-1.560285,40.737278],[-1.560298,40.737826],[-1.560593,40.738145],[-1.561518,40.73871],[-1.562373,40.739499],[-1.564438,40.740202],[-1.565352,40.740271],[-1.566202,40.739936],[-1.566575,40.740092],[-1.567062,40.740696],[-1.56767,40.741138],[-1.56866,40.741519],[-1.57008,40.742535],[-1.572667,40.742218],[-1.573933,40.742731],[-1.574113,40.743398],[-1.575301,40.744384],[-1.576017,40.744744],[-1.577028,40.745551],[-1.578513,40.746452],[-1.579395,40.746911],[-1.580456,40.747004],[-1.58277,40.747006],[-1.583422,40.746841],[-1.584297,40.746816],[-1.589205,40.746877],[-1.590619,40.747101],[-1.593421,40.747176],[-1.594499,40.747394],[-1.59636,40.747417],[-1.59696,40.747342],[-1.597731,40.747028],[-1.598174,40.747256],[-1.59992,40.74864],[-1.600372,40.749194],[-1.601378,40.750087],[-1.60175,40.751326],[-1.602374,40.752374],[-1.603062,40.752976],[-1.603632,40.753664],[-1.60382,40.754191],[-1.604389,40.755102],[-1.606562,40.756826],[-1.606852,40.75714],[-1.607316,40.758047],[-1.607814,40.758111],[-1.608457,40.757943],[-1.60953,40.758034],[-1.610061,40.75846],[-1.610566,40.759271],[-1.611702,40.759912],[-1.612983,40.760299],[-1.613854,40.760987],[-1.614275,40.76164],[-1.615044,40.762189],[-1.61484,40.762995],[-1.615031,40.763815],[-1.614806,40.764293],[-1.614837,40.764913],[-1.615093,40.765532],[-1.615424,40.765816],[-1.616115,40.765973],[-1.617026,40.766412],[-1.617927,40.767216],[-1.619094,40.767081],[-1.620313,40.76749],[-1.621124,40.767604],[-1.622004,40.768064],[-1.62258,40.768748],[-1.62315,40.769658],[-1.62334,40.770183],[-1.623715,40.770572],[-1.624293,40.771698],[-1.624753,40.772912],[-1.625041,40.773365],[-1.625684,40.773926],[-1.625839,40.774738],[-1.626283,40.775776],[-1.626491,40.777027],[-1.627291,40.777916],[-1.628567,40.778841],[-1.629494,40.778879],[-1.630142,40.778708],[-1.631478,40.778735],[-1.632461,40.779517],[-1.632563,40.780595],[-1.633551,40.781369],[-1.634734,40.781751],[-1.634811,40.782501],[-1.634557,40.783053],[-1.634652,40.783427],[-1.635318,40.784063],[-1.635438,40.784685],[-1.635846,40.785006],[-1.637413,40.785093],[-1.637665,40.785212],[-1.638002,40.78603],[-1.637999,40.787948],[-1.638092,40.788141],[-1.639246,40.788621],[-1.63986,40.788751],[-1.641387,40.789793],[-1.642186,40.790225],[-1.642868,40.790387],[-1.643464,40.790836],[-1.643743,40.791295],[-1.643922,40.792051],[-1.644528,40.792714],[-1.645449,40.792927],[-1.646102,40.793406],[-1.647177,40.793336],[-1.647511,40.793542],[-1.648018,40.794577],[-1.649882,40.795421],[-1.651026,40.796213],[-1.652743,40.796557],[-1.653883,40.797352],[-1.655087,40.797712],[-1.656016,40.798525],[-1.656627,40.798657],[-1.658406,40.799343],[-1.658946,40.799762],[-1.659063,40.800091],[-1.658827,40.801185],[-1.659585,40.801649],[-1.659704,40.802323],[-1.660395,40.802975],[-1.661145,40.804199],[-1.661894,40.804831],[-1.662704,40.805712],[-1.662897,40.806457],[-1.663573,40.807068],[-1.664048,40.807828],[-1.664758,40.808496],[-1.66492,40.808959],[-1.665978,40.80991],[-1.666685,40.81001],[-1.668235,40.811396],[-1.668521,40.811851],[-1.668974,40.81307],[-1.669286,40.813506],[-1.671036,40.814212],[-1.67165,40.814342],[-1.672273,40.814779],[-1.672502,40.815128],[-1.673162,40.815529],[-1.673643,40.816423],[-1.674772,40.817153],[-1.67584,40.817293],[-1.676996,40.817583],[-1.677936,40.818074],[-1.678626,40.818823],[-1.679339,40.819407],[-1.679803,40.820395],[-1.680437,40.821186],[-1.680587,40.822002],[-1.681015,40.822475],[-1.681933,40.822819],[-1.682709,40.823356],[-1.683698,40.823737],[-1.685902,40.82544],[-1.687184,40.826048],[-1.687631,40.826739],[-1.688346,40.827092],[-1.690369,40.827163],[-1.690792,40.827471],[-1.691599,40.828784],[-1.691788,40.82931],[-1.692754,40.830373],[-1.69352,40.831362],[-1.694335,40.832241],[-1.695968,40.832885],[-1.696849,40.833346],[-1.697909,40.834117],[-1.698503,40.834345],[-1.699407,40.834477],[-1.700375,40.835184],[-1.701084,40.836348],[-1.701365,40.836599],[-1.70241,40.837012],[-1.703473,40.837782],[-1.704652,40.838244],[-1.706129,40.838709],[-1.707118,40.838867],[-1.708139,40.839372],[-1.709206,40.839513],[-1.709801,40.839773],[-1.710672,40.840463],[-1.711389,40.841266],[-1.713293,40.842747],[-1.71377,40.843283],[-1.714925,40.843763],[-1.715614,40.843921],[-1.716505,40.844374],[-1.717112,40.844815],[-1.717602,40.84542],[-1.718285,40.845655],[-1.719021,40.845481],[-1.720738,40.845476],[-1.721281,40.845586],[-1.722715,40.846452],[-1.724893,40.848176],[-1.725304,40.848405],[-1.726207,40.848538],[-1.7268,40.848767],[-1.72757,40.849309],[-1.729203,40.849954],[-1.731077,40.851827],[-1.732068,40.852207],[-1.733439,40.852973],[-1.734614,40.853223],[-1.735316,40.853231],[-1.735914,40.853011],[-1.737003,40.852259],[-1.737897,40.851814],[-1.738774,40.851543],[-1.740387,40.85162],[-1.741169,40.851939],[-1.741781,40.85196],[-1.742442,40.851655],[-1.743049,40.851866],[-1.744223,40.852563],[-1.745127,40.853228],[-1.74616,40.854464],[-1.746862,40.854918],[-1.747178,40.85566],[-1.74724,40.856298],[-1.747492,40.856546],[-1.74889,40.85689],[-1.750219,40.857908],[-1.750935,40.858268],[-1.752721,40.859393],[-1.75355,40.860204],[-1.755087,40.860465],[-1.755921,40.86029],[-1.757202,40.860384],[-1.757706,40.860117],[-1.758371,40.860172],[-1.758907,40.860597],[-1.759669,40.861593],[-1.760361,40.862193],[-1.760647,40.862648],[-1.760784,40.863796],[-1.761497,40.864463],[-1.762574,40.865889],[-1.763757,40.866264],[-1.764583,40.867071],[-1.765843,40.867844],[-1.766352,40.868652],[-1.766885,40.869073],[-1.768444,40.869241],[-1.769433,40.869937],[-1.76991,40.870468],[-1.770293,40.870497],[-1.771111,40.869997],[-1.772729,40.86958],[-1.773481,40.869101],[-1.774164,40.86895],[-1.775427,40.86826],[-1.776612,40.86712],[-1.777272,40.865402],[-1.777574,40.864348],[-1.777659,40.863044],[-1.777781,40.862789],[-1.778781,40.861956],[-1.778884,40.861488],[-1.779572,40.859924],[-1.780154,40.858865],[-1.781495,40.857772],[-1.782289,40.857021],[-1.783194,40.856585],[-1.783795,40.856515],[-1.78599,40.856558],[-1.787158,40.856852],[-1.788109,40.857347],[-1.789554,40.856527],[-1.790895,40.855518],[-1.791392,40.855282],[-1.792055,40.855219],[-1.793631,40.854318],[-1.794635,40.85335],[-1.794922,40.85288],[-1.795417,40.853174],[-1.796705,40.85357],[-1.797579,40.854258],[-1.79803,40.854813],[-1.799615,40.856086],[-1.799812,40.856607],[-1.800381,40.857297],[-1.801843,40.858442],[-1.803043,40.85889],[-1.804622,40.858745],[-1.805386,40.858571],[-1.806405,40.858487],[-1.807006,40.858267],[-1.807787,40.857563],[-1.809345,40.858533],[-1.810243,40.858503],[-1.810476,40.858942],[-1.812023,40.859143],[-1.812798,40.859451],[-1.814018,40.859266],[-1.81512,40.858534],[-1.81537,40.858537],[-1.816361,40.859269],[-1.816953,40.859503],[-1.817568,40.859521],[-1.818236,40.859176],[-1.818896,40.859234],[-1.820434,40.860848],[-1.822611,40.861906],[-1.823165,40.862756],[-1.823691,40.862994],[-1.824428,40.863047],[-1.826311,40.864294],[-1.827408,40.864303],[-1.828156,40.863797],[-1.828759,40.863601],[-1.830314,40.864953],[-1.831107,40.866145],[-1.831739,40.866345],[-1.832372,40.866849],[-1.832794,40.867926],[-1.834413,40.869563],[-1.834852,40.870489],[-1.835994,40.871424],[-1.836591,40.871688],[-1.83794,40.87185],[-1.839102,40.871435],[-1.840002,40.870765],[-1.840494,40.870007],[-1.841187,40.869543],[-1.842999,40.869221],[-1.843598,40.869003],[-1.844182,40.868545],[-1.844382,40.868102],[-1.845639,40.867856],[-1.84593,40.867397],[-1.847453,40.867214],[-1.848151,40.866147],[-1.848012,40.865358],[-1.848389,40.864983],[-1.848611,40.864467],[-1.849925,40.863392],[-1.850384,40.864109],[-1.850918,40.864537],[-1.852194,40.864669],[-1.854334,40.865109],[-1.855521,40.865209],[-1.856418,40.86574],[-1.856597,40.866192],[-1.857602,40.86701],[-1.858017,40.868918],[-1.858303,40.869376],[-1.858894,40.869828],[-1.859617,40.870182],[-1.860178,40.870657],[-1.860757,40.87134],[-1.861231,40.872101],[-1.862203,40.872938],[-1.862633,40.873658],[-1.863404,40.874051],[-1.865432,40.875664],[-1.865905,40.876426],[-1.86693,40.877327],[-1.86693,40.877864],[-1.866197,40.878478],[-1.866329,40.879058],[-1.866114,40.879621],[-1.866444,40.880693],[-1.867397,40.881016],[-1.868801,40.881021],[-1.869672,40.880828],[-1.8706,40.880865],[-1.871424,40.881592],[-1.872039,40.881893],[-1.873387,40.882082],[-1.874194,40.882523],[-1.874983,40.883496],[-1.875694,40.884081],[-1.876194,40.884675],[-1.877612,40.885553],[-1.87848,40.885839],[-1.880613,40.885914],[-1.881021,40.886232],[-1.881094,40.888449],[-1.882008,40.889195],[-1.88246,40.889379],[-1.883448,40.890353],[-1.884495,40.891001],[-1.884551,40.891316],[-1.884527,40.893735],[-1.884853,40.894567],[-1.885607,40.895294],[-1.886002,40.896685],[-1.887674,40.897937],[-1.887775,40.89916],[-1.888458,40.900211],[-1.888636,40.901414],[-1.889012,40.901803],[-1.889218,40.902318],[-1.889598,40.902704],[-1.889967,40.903668],[-1.889962,40.904891],[-1.890325,40.905724],[-1.890997,40.9062],[-1.892087,40.906459],[-1.89312,40.906559],[-1.893637,40.906926],[-1.893138,40.907483],[-1.89247,40.907884],[-1.892074,40.908353],[-1.891901,40.90904],[-1.8916,40.909353],[-1.887832,40.912127],[-1.887383,40.912594],[-1.886573,40.912632],[-1.886344,40.913108],[-1.886587,40.913501],[-1.887239,40.91392],[-1.888108,40.914702],[-1.888508,40.914852],[-1.889579,40.915616],[-1.892012,40.917014],[-1.89246,40.917099],[-1.895577,40.918296],[-1.896431,40.91886],[-1.897513,40.919122],[-1.89853,40.919226],[-1.900008,40.919689],[-1.901184,40.920154],[-1.901677,40.920457],[-1.903139,40.920754],[-1.904044,40.920796],[-1.904809,40.920981],[-1.906025,40.921033],[-1.908492,40.921487],[-1.909459,40.921293],[-1.910099,40.921303],[-1.911253,40.921601],[-1.912709,40.922304],[-1.913742,40.923468],[-1.914102,40.923632],[-1.914952,40.924871],[-1.915622,40.925349],[-1.91676,40.925668],[-1.918582,40.926412],[-1.919365,40.927612],[-1.920962,40.928881],[-1.921734,40.929653],[-1.922139,40.929471],[-1.925288,40.927116],[-1.926344,40.926569],[-1.92799,40.925326],[-1.928741,40.925333],[-1.929593,40.926048],[-1.930046,40.926605],[-1.93095,40.927278],[-1.931564,40.927493],[-1.932542,40.92729],[-1.933663,40.926877],[-1.934325,40.926296],[-1.935132,40.925875],[-1.936099,40.925805],[-1.938479,40.925835],[-1.939563,40.926048],[-1.942069,40.926087],[-1.942632,40.926188],[-1.943537,40.927075],[-1.944242,40.928467],[-1.944671,40.928772],[-1.94639,40.929108],[-1.947645,40.92982],[-1.94842,40.930358],[-1.949758,40.930777],[-1.95043,40.931243],[-1.950963,40.931351],[-1.952674,40.931368],[-1.953256,40.93145],[-1.953759,40.931746],[-1.954739,40.93191],[-1.956406,40.932679],[-1.95731,40.93281],[-1.958147,40.933615],[-1.959174,40.934412],[-1.959665,40.934939],[-1.961184,40.935159],[-1.961584,40.935839],[-1.962897,40.93491],[-1.963804,40.934472],[-1.965672,40.934195],[-1.9669,40.934213],[-1.969219,40.934986],[-1.969532,40.935282],[-1.970119,40.935431],[-1.971302,40.936336],[-1.971777,40.937097],[-1.972748,40.938159],[-1.972948,40.938678],[-1.973912,40.939745],[-1.974102,40.940272],[-1.974658,40.940973],[-1.97626,40.942235],[-1.977018,40.943454],[-1.977606,40.943909],[-1.978601,40.944285],[-1.979377,40.944823],[-1.98115,40.945513],[-1.981683,40.945619],[-1.982937,40.946104],[-1.983874,40.946701],[-1.985018,40.947017],[-1.985468,40.947286],[-1.98575,40.947706],[-1.985851,40.948487],[-1.98652,40.949199],[-1.987452,40.949233],[-1.988237,40.948877],[-1.989038,40.948833],[-1.991285,40.949359],[-1.992055,40.94972],[-1.993542,40.949749],[-1.994705,40.949579],[-1.995665,40.949811],[-1.996066,40.950045],[-1.999428,40.952676],[-2.000439,40.95304],[-2.001655,40.953781],[-2.001821,40.954243],[-2.002524,40.954919],[-2.002689,40.955381],[-2.003529,40.956097],[-2.00422,40.956371],[-2.005278,40.956358],[-2.006051,40.956094],[-2.00741,40.955368],[-2.009017,40.956034],[-2.010174,40.956832],[-2.011493,40.956861],[-2.012951,40.956472],[-2.014076,40.956466],[-2.014881,40.956721],[-2.016411,40.958127],[-2.016867,40.95868],[-2.019965,40.96106],[-2.020258,40.961377],[-2.020634,40.962857],[-2.021236,40.963271],[-2.021972,40.963217],[-2.023305,40.961799],[-2.02376,40.96154],[-2.025273,40.961663],[-2.026468,40.96122],[-2.026962,40.960919],[-2.027961,40.960555],[-2.028705,40.960069],[-2.029808,40.959861],[-2.031256,40.958782],[-2.031697,40.958137],[-2.032484,40.957685],[-2.033365,40.957001],[-2.033957,40.956321],[-2.034179,40.955582],[-2.034564,40.955197],[-2.034781,40.954683],[-2.035646,40.953757],[-2.036062,40.953531],[-2.037057,40.953497],[-2.038367,40.953731],[-2.040346,40.953752],[-2.04089,40.953862],[-2.041561,40.954335],[-2.042419,40.954421],[-2.044152,40.954128],[-2.045277,40.95339],[-2.046555,40.953154],[-2.048286,40.953153],[-2.049161,40.953443],[-2.049884,40.953946],[-2.051283,40.954171],[-2.051862,40.954948],[-2.051993,40.955575],[-2.05258,40.956033],[-2.054168,40.956494],[-2.054953,40.956194],[-2.055653,40.956195],[-2.056832,40.956663],[-2.057327,40.956965],[-2.05831,40.957127],[-2.059713,40.957562],[-2.060969,40.958496],[-2.061827,40.959508],[-2.062048,40.959611],[-2.062936,40.960604],[-2.063288,40.960692],[-2.064617,40.960678],[-2.065264,40.960508],[-2.066329,40.960523],[-2.066863,40.960673],[-2.067215,40.960511],[-2.067001,40.959845],[-2.067066,40.958155],[-2.068095,40.957406],[-2.068914,40.957312],[-2.069334,40.957091],[-2.072612,40.954622],[-2.073271,40.953373],[-2.073369,40.95287],[-2.073927,40.951421],[-2.073942,40.950533],[-2.073612,40.950069],[-2.073096,40.949854],[-2.072966,40.949555],[-2.074137,40.948977],[-2.074385,40.948256],[-2.075337,40.947249],[-2.075583,40.946225],[-2.075926,40.945732],[-2.076475,40.945505],[-2.077414,40.945443],[-2.078049,40.945024],[-2.078558,40.944432],[-2.079478,40.943779],[-2.080079,40.943562],[-2.081077,40.943424],[-2.08249,40.94301],[-2.083609,40.942274],[-2.084962,40.942106],[-2.085487,40.941915],[-2.086145,40.941377],[-2.087826,40.942571],[-2.088481,40.942754],[-2.088973,40.943282],[-2.090102,40.944138],[-2.090605,40.943902],[-2.091048,40.943181],[-2.092848,40.941842],[-2.09387,40.941495],[-2.09474,40.941031],[-2.095276,40.940308],[-2.0973,40.939992],[-2.098063,40.939735],[-2.098958,40.939289],[-2.099779,40.938557],[-2.100143,40.938473],[-2.101933,40.938555],[-2.103672,40.93957],[-2.104496,40.939263],[-2.10577,40.938971],[-2.108183,40.939002],[-2.109038,40.939204],[-2.110533,40.939229],[-2.11113,40.939156],[-2.112407,40.938596],[-2.113224,40.938499],[-2.113825,40.938282],[-2.115019,40.937386],[-2.115847,40.936434],[-2.116507,40.936262],[-2.117415,40.935828],[-2.118206,40.935303],[-2.11911,40.934864],[-2.120598,40.934423],[-2.121585,40.934277],[-2.122089,40.933984],[-2.123679,40.933393],[-2.124182,40.933095],[-2.12568,40.933076],[-2.126093,40.93331],[-2.127536,40.934469],[-2.127822,40.934925],[-2.128002,40.935684],[-2.12829,40.936138],[-2.129009,40.936802],[-2.129174,40.937266],[-2.130138,40.937981],[-2.1317,40.937919],[-2.13237,40.93838],[-2.134939,40.939158],[-2.135696,40.939143],[-2.136286,40.938822],[-2.137294,40.938765],[-2.138524,40.939177],[-2.139198,40.939252],[-2.139942,40.939517],[-2.140733,40.939955],[-2.141371,40.940463],[-2.14163,40.940942],[-2.142877,40.941056],[-2.143476,40.940977],[-2.143991,40.940679],[-2.144977,40.940498],[-2.14545,40.941215],[-2.146347,40.941891],[-2.146932,40.942042],[-2.14726,40.943071],[-2.147605,40.943409],[-2.148374,40.944622],[-2.149257,40.945303],[-2.150254,40.945677],[-2.151428,40.946594],[-2.151951,40.947407],[-2.151312,40.947935],[-2.150713,40.948616],[-2.150455,40.949403],[-2.149555,40.950234],[-2.148713,40.950378],[-2.148801,40.95068],[-2.149783,40.951063],[-2.150186,40.951528],[-2.150444,40.952968],[-2.150054,40.953343],[-2.149697,40.954161],[-2.150115,40.954381],[-2.151031,40.954418],[-2.153328,40.954906],[-2.153994,40.955609],[-2.154465,40.957043],[-2.155035,40.957875],[-2.155507,40.958317],[-2.155493,40.959324],[-2.155332,40.959742],[-2.155756,40.960495],[-2.155889,40.961113],[-2.156468,40.962022],[-2.157642,40.962934],[-2.158523,40.963215],[-2.159833,40.963312],[-2.161072,40.963803],[-2.161892,40.964681],[-2.161988,40.965215],[-2.161942,40.967425],[-2.162,40.968082],[-2.162417,40.968395],[-2.163289,40.968549],[-2.163896,40.969074],[-2.165041,40.969394],[-2.165463,40.969989],[-2.165068,40.971306],[-2.164586,40.97196],[-2.164537,40.972606],[-2.164274,40.973243],[-2.164379,40.974054],[-2.16503,40.974615],[-2.165834,40.97558],[-2.166869,40.975877],[-2.168409,40.975951],[-2.169111,40.97608],[-2.169989,40.975976],[-2.170528,40.976458],[-2.171446,40.976983],[-2.172034,40.977132],[-2.172371,40.977486],[-2.173263,40.978012],[-2.173522,40.97834],[-2.17409,40.978587],[-2.174997,40.978716],[-2.176461,40.979724],[-2.177142,40.979887],[-2.17863,40.980566],[-2.179924,40.981285],[-2.181652,40.981089],[-2.182393,40.980369],[-2.18342,40.979571],[-2.184136,40.978832],[-2.185091,40.978358],[-2.185813,40.978558],[-2.187546,40.979958],[-2.187713,40.980419],[-2.188459,40.981147],[-2.188873,40.982234],[-2.190189,40.983347],[-2.190767,40.984033],[-2.190944,40.985239],[-2.191548,40.986129],[-2.19282,40.986522],[-2.194063,40.98701],[-2.194876,40.987893],[-2.195074,40.988415],[-2.195898,40.989067],[-2.196939,40.989259],[-2.197839,40.989705],[-2.198723,40.990387],[-2.199594,40.991747],[-2.199944,40.99286],[-2.199994,40.993424],[-2.200721,40.995111],[-2.1998,40.996153],[-2.199232,40.99655],[-2.198541,40.996699],[-2.197943,40.997148],[-2.19777,40.997616],[-2.197361,40.997924],[-2.196744,40.997899],[-2.19529,40.997325],[-2.194904,40.997375],[-2.19417,40.997868],[-2.193265,40.99831],[-2.191744,40.998645],[-2.191367,40.998896],[-2.191305,40.999506],[-2.191538,41.000008],[-2.191468,41.000781],[-2.191161,41.00123],[-2.190149,41.002269],[-2.189942,41.0037],[-2.189667,41.004313],[-2.188732,41.00504],[-2.188325,41.005181],[-2.187419,41.005845],[-2.187067,41.006421],[-2.18665,41.007667],[-2.185573,41.008588],[-2.18545,41.008796],[-2.184374,41.009718],[-2.183935,41.0108],[-2.18243,41.012003],[-2.181653,41.012241],[-2.180937,41.012062],[-2.180564,41.012234],[-2.181097,41.013083],[-2.182074,41.014149],[-2.182245,41.016039],[-2.182561,41.016457],[-2.18322,41.016641],[-2.183753,41.017138],[-2.184407,41.017323],[-2.185844,41.017995],[-2.185655,41.018838],[-2.184887,41.019894],[-2.184243,41.020301],[-2.183667,41.02159],[-2.183495,41.022276],[-2.181818,41.023662],[-2.18167,41.026099],[-2.180191,41.02702],[-2.179804,41.02707],[-2.178644,41.026516],[-2.177965,41.02635],[-2.177393,41.026016],[-2.176258,41.025693],[-2.17563,41.025258],[-2.174816,41.024451],[-2.173636,41.023766],[-2.173045,41.023535],[-2.170707,41.023016],[-2.17032,41.023006],[-2.168859,41.023256],[-2.168172,41.023727],[-2.167738,41.024377],[-2.167191,41.024544],[-2.165887,41.024601],[-2.165632,41.02537],[-2.165204,41.025756],[-2.165074,41.026191],[-2.16501,41.027929],[-2.164683,41.028117],[-2.16377,41.028199],[-2.163361,41.028512],[-2.160967,41.029079],[-2.159473,41.029745],[-2.158377,41.030491],[-2.157919,41.030668],[-2.15707,41.031532],[-2.156964,41.032674],[-2.157092,41.033005],[-2.1582,41.034118],[-2.158815,41.034553],[-2.159811,41.034929],[-2.160604,41.035455],[-2.16126,41.035637],[-2.161985,41.036864],[-2.162586,41.037101],[-2.163573,41.036769],[-2.164549,41.036979],[-2.165118,41.037231],[-2.166012,41.038576],[-2.166126,41.03935],[-2.166818,41.040748],[-2.165935,41.041445],[-2.165781,41.042409],[-2.165973,41.043064],[-2.165782,41.043448],[-2.165869,41.044104],[-2.166716,41.044521],[-2.167752,41.044617],[-2.168348,41.044875],[-2.169174,41.045682],[-2.168692,41.04685],[-2.168525,41.047949],[-2.167909,41.04846],[-2.167472,41.049831],[-2.167456,41.050315],[-2.167991,41.051795],[-2.167933,41.052411],[-2.167578,41.0529],[-2.166852,41.053252],[-2.166275,41.053732],[-2.166103,41.054419],[-2.165649,41.055369],[-2.165751,41.055885],[-2.16505,41.056426],[-2.165055,41.057571],[-2.16539,41.057997],[-2.166354,41.058398],[-2.166461,41.059613],[-2.167207,41.060748],[-2.16818,41.061018],[-2.169308,41.061029],[-2.17049,41.060902],[-2.171273,41.061217],[-2.172083,41.061264],[-2.172843,41.061085],[-2.174136,41.061279],[-2.175255,41.061301],[-2.176324,41.060888],[-2.177443,41.060909],[-2.178111,41.061092],[-2.179575,41.060997],[-2.180507,41.061115],[-2.182601,41.060698],[-2.18304,41.060796],[-2.183778,41.061295],[-2.184364,41.061447],[-2.184755,41.06177],[-2.185846,41.062221],[-2.186646,41.062271],[-2.187316,41.062098],[-2.189138,41.062144],[-2.189689,41.062271],[-2.190988,41.061478],[-2.192131,41.061421],[-2.193685,41.060914],[-2.194198,41.060628],[-2.195486,41.060481],[-2.196281,41.060179],[-2.196987,41.060177],[-2.197772,41.060406],[-2.198336,41.061636],[-2.198926,41.06209],[-2.199826,41.062537],[-2.200507,41.062701],[-2.201011,41.062996],[-2.203047,41.063522],[-2.204591,41.063539],[-2.205453,41.06335],[-2.207258,41.063332],[-2.209317,41.06293],[-2.210325,41.062832],[-2.210836,41.062545],[-2.212228,41.062467],[-2.213774,41.062131],[-2.21502,41.062254],[-2.216042,41.062078],[-2.21735,41.062406],[-2.218085,41.062451],[-2.218444,41.063158],[-2.219272,41.063185],[-2.220007,41.063007],[-2.221342,41.063281],[-2.222151,41.063798],[-2.224273,41.064308],[-2.224634,41.064223],[-2.225073,41.063748],[-2.226367,41.06285],[-2.228174,41.063252],[-2.229686,41.063256],[-2.230706,41.062706],[-2.231254,41.062605],[-2.234158,41.062603],[-2.234814,41.062432],[-2.236527,41.062481],[-2.238209,41.063158],[-2.238525,41.063457],[-2.239525,41.063496],[-2.240291,41.063744],[-2.24117,41.063196],[-2.242171,41.062828],[-2.242666,41.062527],[-2.244209,41.061977],[-2.244579,41.061413],[-2.243909,41.060934],[-2.242461,41.06061],[-2.242004,41.060067],[-2.242056,41.057329],[-2.24245,41.056227],[-2.242837,41.055844],[-2.243046,41.05487],[-2.243393,41.054379],[-2.244057,41.054058],[-2.24499,41.053328],[-2.245133,41.052246],[-2.245432,41.051936],[-2.246938,41.050825],[-2.248567,41.049936],[-2.249284,41.049847],[-2.249432,41.049475],[-2.248804,41.049118],[-2.24788,41.047778],[-2.247831,41.047161],[-2.248168,41.046407],[-2.249585,41.045277],[-2.250234,41.045728],[-2.250664,41.045831],[-2.252213,41.045874],[-2.252952,41.046057],[-2.25397,41.046157],[-2.254566,41.046384],[-2.255846,41.047564],[-2.256526,41.047319],[-2.258031,41.047194],[-2.259478,41.046172],[-2.26018,41.045912],[-2.261734,41.045897],[-2.262333,41.045644],[-2.263365,41.044841],[-2.26402,41.044625],[-2.264972,41.044884],[-2.265754,41.045246],[-2.267477,41.045306],[-2.269186,41.045716],[-2.270012,41.04543],[-2.270265,41.045168],[-2.271535,41.044781],[-2.27243,41.044107],[-2.272674,41.043765],[-2.273663,41.043154],[-2.274294,41.041954],[-2.274707,41.040722],[-2.277247,41.039186],[-2.278174,41.038218],[-2.27834,41.037525],[-2.278583,41.03718],[-2.279172,41.037042],[-2.279812,41.037218],[-2.281161,41.037382],[-2.282037,41.037259],[-2.282829,41.037276],[-2.283798,41.03748],[-2.28486,41.037299],[-2.285546,41.037531],[-2.286018,41.038078],[-2.287265,41.038565],[-2.288066,41.038683],[-2.288319,41.038931],[-2.288372,41.039493],[-2.288694,41.039957],[-2.289261,41.040354],[-2.29061,41.040542],[-2.291398,41.040853],[-2.292412,41.04091],[-2.293165,41.040726],[-2.294504,41.040736],[-2.29534,41.040938],[-2.295942,41.040814],[-2.295509,41.040067],[-2.295847,41.039614],[-2.297476,41.039588],[-2.298925,41.039068],[-2.299393,41.038444],[-2.299953,41.038269],[-2.302546,41.038305],[-2.303296,41.038496],[-2.305039,41.038498],[-2.306912,41.038269],[-2.30738,41.038003],[-2.307674,41.037577],[-2.307731,41.037015],[-2.308354,41.037586],[-2.309272,41.038253],[-2.309923,41.038588],[-2.310989,41.039589],[-2.312032,41.03963],[-2.312829,41.039318],[-2.313847,41.039269],[-2.315669,41.039593],[-2.316207,41.040011],[-2.31668,41.040776],[-2.317359,41.041476],[-2.318176,41.042119],[-2.319335,41.042595],[-2.320352,41.042697],[-2.321217,41.042893],[-2.32322,41.042896],[-2.323988,41.042809],[-2.324498,41.043211],[-2.325015,41.044022],[-2.327153,41.044816],[-2.327898,41.045179],[-2.328638,41.045133],[-2.330032,41.044597],[-2.330664,41.044765],[-2.330721,41.045959],[-2.331084,41.046931],[-2.33107,41.048464],[-2.33119,41.049183],[-2.331741,41.049427],[-2.332962,41.049291],[-2.334384,41.049538],[-2.335334,41.049806],[-2.33563,41.050346],[-2.336317,41.050579],[-2.337106,41.050279],[-2.338128,41.050183],[-2.33976,41.049857],[-2.340779,41.050078],[-2.341356,41.050366],[-2.342453,41.05003],[-2.343157,41.049931],[-2.34367,41.049644],[-2.34436,41.049493],[-2.34592,41.048933],[-2.346373,41.048856],[-2.347046,41.048375],[-2.347549,41.047624],[-2.348274,41.047908],[-2.348765,41.048887],[-2.349615,41.049213],[-2.350985,41.050242],[-2.351783,41.050363],[-2.352576,41.050666],[-2.353864,41.050834],[-2.354366,41.051128],[-2.355049,41.05091],[-2.355186,41.050134],[-2.355633,41.049857],[-2.356965,41.049891],[-2.357915,41.050089],[-2.359849,41.050123],[-2.361077,41.050533],[-2.361428,41.050519],[-2.361848,41.049989],[-2.362397,41.04995],[-2.363149,41.050538],[-2.364557,41.0508],[-2.365788,41.050796],[-2.366432,41.050624],[-2.367636,41.050488],[-2.368359,41.050869],[-2.368744,41.051346],[-2.369373,41.053113],[-2.369491,41.053836],[-2.36991,41.054138],[-2.370341,41.055432],[-2.370685,41.055787],[-2.371353,41.056019],[-2.372792,41.056041],[-2.373755,41.056328],[-2.374623,41.057106],[-2.37668,41.057617],[-2.378232,41.057651],[-2.379093,41.058159],[-2.379594,41.058903],[-2.379978,41.059147],[-2.380165,41.059595],[-2.380837,41.060211],[-2.38103,41.060655],[-2.381724,41.060891],[-2.382959,41.061684],[-2.385104,41.061733],[-2.386181,41.062171],[-2.388038,41.062217],[-2.389657,41.062488],[-2.390685,41.063238],[-2.391068,41.063832],[-2.392668,41.064725],[-2.393809,41.066185],[-2.39447,41.066586],[-2.394661,41.06703],[-2.395083,41.067331],[-2.395441,41.068232],[-2.395665,41.069498],[-2.395425,41.070277],[-2.395553,41.070693],[-2.396812,41.070876],[-2.39768,41.071346],[-2.398178,41.072541],[-2.398942,41.07303],[-2.399765,41.073151],[-2.400193,41.073391],[-2.401225,41.073394],[-2.401819,41.073937],[-2.403486,41.074409],[-2.40457,41.074241],[-2.405923,41.074721],[-2.406566,41.075226],[-2.406889,41.07574],[-2.408453,41.076239],[-2.409578,41.076257],[-2.411063,41.075983],[-2.411456,41.075468],[-2.411487,41.073496],[-2.411924,41.072033],[-2.412584,41.071481],[-2.413187,41.070809],[-2.413681,41.070055],[-2.414558,41.069367],[-2.415319,41.068948],[-2.41586,41.068323],[-2.415911,41.06802],[-2.416482,41.067895],[-2.417052,41.067497],[-2.417118,41.067207],[-2.416386,41.066548],[-2.416067,41.066041],[-2.416141,41.065749],[-2.416795,41.065191],[-2.416996,41.064747],[-2.417721,41.064078],[-2.417772,41.063458],[-2.417528,41.062703],[-2.417703,41.062432],[-2.41831,41.062638],[-2.419125,41.063172],[-2.420874,41.062388],[-2.421814,41.062324],[-2.422153,41.062119],[-2.422573,41.06066],[-2.422608,41.060013],[-2.423075,41.059836],[-2.42419,41.05991],[-2.425483,41.060205],[-2.426856,41.060748],[-2.428138,41.06104],[-2.430394,41.06063],[-2.430885,41.060713],[-2.431611,41.061219],[-2.432206,41.061447],[-2.433617,41.061564],[-2.434026,41.062325],[-2.434392,41.062574],[-2.434582,41.063029],[-2.435484,41.064153],[-2.436281,41.064219],[-2.437932,41.06381],[-2.439003,41.064007],[-2.44134,41.064072],[-2.442995,41.06435],[-2.444211,41.065008],[-2.446511,41.066795],[-2.446648,41.067562],[-2.446638,41.070311],[-2.44697,41.071361],[-2.447647,41.071988],[-2.447885,41.072556],[-2.448939,41.074042],[-2.448991,41.074605],[-2.449446,41.075642],[-2.449593,41.076249],[-2.450337,41.076766],[-2.450701,41.077422],[-2.450728,41.078596],[-2.4512,41.079479],[-2.45143,41.0805],[-2.452578,41.081358],[-2.453265,41.081517],[-2.454487,41.082478],[-2.454902,41.083566],[-2.4552,41.083875],[-2.456682,41.085006],[-2.458278,41.085917],[-2.460008,41.086246],[-2.460669,41.086722],[-2.460338,41.08734],[-2.460442,41.088769],[-2.460047,41.089508],[-2.459652,41.089874],[-2.459937,41.091074],[-2.460586,41.091638],[-2.460727,41.092323],[-2.460685,41.095309],[-2.460764,41.095966],[-2.461996,41.096927],[-2.463431,41.097237],[-2.464071,41.097246],[-2.464826,41.097069],[-2.466534,41.096964],[-2.467812,41.096393],[-2.468939,41.09639],[-2.469644,41.096698],[-2.470335,41.096669],[-2.470919,41.097192],[-2.471487,41.097442],[-2.472486,41.097592],[-2.474266,41.098276],[-2.474766,41.098574],[-2.475806,41.098767],[-2.476842,41.099489],[-2.477483,41.099823],[-2.477422,41.100629],[-2.477794,41.101097],[-2.479003,41.101675],[-2.479787,41.102209],[-2.481717,41.102925],[-2.481767,41.104591],[-2.481616,41.105188],[-2.480615,41.106022],[-2.480538,41.107922],[-2.480893,41.108546],[-2.481901,41.109219],[-2.482516,41.109348],[-2.483149,41.109859],[-2.483205,41.110169],[-2.483199,41.11229],[-2.483733,41.113998],[-2.483748,41.114849],[-2.483369,41.115516],[-2.482372,41.116048],[-2.482027,41.116381],[-2.482741,41.117544],[-2.484592,41.118169],[-2.484877,41.118419],[-2.485608,41.119574],[-2.485997,41.119954],[-2.486168,41.120414],[-2.48692,41.12114],[-2.487373,41.12206],[-2.487772,41.122433],[-2.488256,41.123192],[-2.489436,41.124101],[-2.490036,41.124325],[-2.491027,41.124489],[-2.491852,41.124802],[-2.493016,41.124022],[-2.494021,41.123809],[-2.495386,41.125027],[-2.496677,41.125405],[-2.497176,41.125705],[-2.498836,41.126346],[-2.499547,41.125862],[-2.500544,41.125571],[-2.502064,41.125584],[-2.502945,41.126094],[-2.503391,41.12702],[-2.504148,41.127745],[-2.504178,41.129061],[-2.504052,41.129627],[-2.505275,41.130481],[-2.505874,41.130621],[-2.50726,41.131154],[-2.508256,41.131305],[-2.51022,41.132126],[-2.512088,41.132171],[-2.513009,41.133573],[-2.513191,41.135229],[-2.513572,41.135616],[-2.51372,41.136238],[-2.514064,41.136816],[-2.51479,41.137477],[-2.51522,41.138191],[-2.517591,41.140001],[-2.518536,41.14033],[-2.51891,41.140583],[-2.519584,41.142207],[-2.519228,41.142939],[-2.517878,41.14395],[-2.517502,41.144612],[-2.517496,41.145628],[-2.518279,41.146435],[-2.518566,41.146876],[-2.518368,41.148264],[-2.518835,41.148914],[-2.518662,41.149647],[-2.518635,41.151192],[-2.51891,41.151512],[-2.519719,41.151624],[-2.520349,41.151915],[-2.521534,41.153045],[-2.521853,41.154088],[-2.52193,41.154954],[-2.523197,41.155429],[-2.524155,41.15601],[-2.526049,41.156084],[-2.528045,41.156458],[-2.528235,41.156904],[-2.529928,41.158343],[-2.530726,41.158625],[-2.531862,41.159657],[-2.532769,41.159786],[-2.533565,41.160087],[-2.534552,41.160244],[-2.535451,41.160692],[-2.536233,41.161227],[-2.537827,41.161828],[-2.539579,41.162796],[-2.5401,41.162295],[-2.540995,41.161839],[-2.542449,41.161345],[-2.543788,41.161628],[-2.544596,41.16192],[-2.545874,41.161853],[-2.546691,41.162059],[-2.54712,41.162365],[-2.547424,41.162957],[-2.546864,41.164545],[-2.546926,41.165548],[-2.547329,41.166148],[-2.547508,41.167278],[-2.547871,41.167536],[-2.548097,41.168255],[-2.549063,41.168885],[-2.549295,41.169389],[-2.549665,41.169644],[-2.550284,41.169629],[-2.551758,41.168924],[-2.552251,41.168388],[-2.552658,41.168196],[-2.553274,41.168409],[-2.554443,41.169205],[-2.555553,41.169272],[-2.557428,41.169707],[-2.557852,41.169692],[-2.559837,41.169207],[-2.560415,41.168966],[-2.560727,41.16854],[-2.560559,41.167508],[-2.56097,41.167263],[-2.561371,41.167345],[-2.562839,41.168213],[-2.563864,41.169018],[-2.564325,41.169197],[-2.565407,41.169079],[-2.567922,41.170087],[-2.568731,41.170839],[-2.56914,41.170888],[-2.572749,41.17093],[-2.573413,41.171102],[-2.574714,41.171204],[-2.575622,41.17173],[-2.576082,41.172647],[-2.576624,41.173063],[-2.577978,41.173248],[-2.578759,41.173546],[-2.580104,41.173423],[-2.581469,41.173679],[-2.581899,41.173986],[-2.582282,41.174582],[-2.583613,41.175314],[-2.583669,41.175755],[-2.583069,41.176448],[-2.581985,41.17737],[-2.58165,41.178124],[-2.581673,41.179124],[-2.582371,41.179594],[-2.582593,41.180235],[-2.582967,41.180493],[-2.583464,41.18183],[-2.584371,41.182356],[-2.585375,41.182725],[-2.586216,41.183366],[-2.586492,41.184205],[-2.587416,41.18487],[-2.590047,41.18497],[-2.591621,41.18598],[-2.591809,41.186427],[-2.593293,41.187334],[-2.593883,41.187481],[-2.594281,41.1878],[-2.594874,41.187944],[-2.5958,41.188686],[-2.59596,41.189373],[-2.596815,41.190751],[-2.597569,41.191173],[-2.598137,41.191778],[-2.59861,41.192769],[-2.599101,41.193254],[-2.599894,41.193378],[-2.600405,41.193668],[-2.601354,41.193752],[-2.603,41.193742],[-2.603781,41.193611],[-2.604236,41.193765],[-2.604469,41.194723],[-2.604554,41.19639],[-2.605302,41.197563],[-2.605446,41.198189],[-2.605973,41.198766],[-2.606314,41.198919],[-2.607385,41.199056],[-2.608149,41.199992],[-2.608767,41.199984],[-2.60905,41.199512],[-2.610319,41.199386],[-2.61156,41.199076],[-2.61225,41.19861],[-2.613263,41.198603],[-2.613864,41.19915],[-2.614788,41.199491],[-2.61537,41.199952],[-2.615574,41.200472],[-2.616527,41.20088],[-2.616802,41.201197],[-2.617778,41.201737],[-2.618961,41.202645],[-2.619465,41.203165],[-2.620235,41.203307],[-2.620508,41.203536],[-2.620805,41.204226],[-2.620684,41.204973],[-2.620257,41.205544],[-2.620458,41.205947],[-2.620467,41.20772],[-2.620232,41.208405],[-2.620472,41.209037],[-2.620492,41.210272],[-2.620412,41.211016],[-2.619715,41.211465],[-2.619859,41.212261],[-2.619873,41.213747],[-2.61976,41.21445],[-2.619371,41.214832],[-2.61897,41.216097],[-2.618812,41.217196],[-2.617875,41.217688],[-2.617519,41.218036],[-2.617325,41.219154],[-2.616049,41.219766],[-2.614865,41.220764],[-2.614044,41.220862],[-2.613603,41.22116],[-2.613151,41.222082],[-2.61256,41.222763],[-2.611599,41.223539],[-2.611425,41.224352],[-2.611087,41.224808],[-2.608526,41.226703],[-2.607642,41.227471],[-2.607451,41.227919],[-2.606561,41.228598],[-2.605361,41.229268],[-2.604356,41.229634],[-2.60299,41.230629],[-2.602365,41.230968],[-2.602032,41.231483],[-2.601478,41.231583],[-2.599355,41.231619],[-2.598156,41.232293],[-2.59777,41.232758],[-2.5981,41.233388],[-2.59823,41.234675],[-2.597418,41.23653],[-2.598056,41.236707],[-2.598893,41.236179],[-2.599458,41.236071],[-2.600461,41.23612],[-2.60145,41.236826],[-2.601797,41.237476],[-2.601617,41.238211],[-2.601745,41.238659],[-2.601461,41.23896],[-2.600225,41.239834],[-2.599193,41.240406],[-2.598725,41.240954],[-2.597709,41.241771],[-2.597414,41.242214],[-2.597672,41.243144],[-2.5986,41.243884],[-2.59981,41.24446],[-2.600476,41.245172],[-2.600714,41.245666],[-2.602569,41.245848],[-2.603079,41.24614],[-2.603759,41.246303],[-2.605153,41.247056],[-2.606434,41.247354],[-2.607861,41.247094],[-2.609094,41.246307],[-2.6098,41.24634],[-2.610815,41.246024],[-2.613645,41.246009],[-2.614538,41.245834],[-2.615695,41.246117],[-2.616204,41.246414],[-2.617348,41.246627],[-2.619492,41.246722],[-2.620973,41.245908],[-2.622141,41.245632],[-2.623166,41.245542],[-2.624811,41.244966],[-2.626631,41.245379],[-2.627345,41.245474],[-2.628511,41.245947],[-2.629051,41.246664],[-2.6316,41.247211],[-2.632828,41.247253],[-2.634408,41.247822],[-2.635989,41.247162],[-2.638087,41.245592],[-2.639206,41.243955],[-2.641117,41.243672],[-2.641753,41.243839],[-2.642659,41.24387],[-2.64333,41.243756],[-2.644278,41.243831],[-2.645445,41.243052],[-2.646045,41.24283],[-2.64707,41.24274],[-2.648609,41.242345],[-2.649862,41.24235],[-2.650409,41.242511],[-2.65184,41.242576],[-2.652417,41.242941],[-2.653462,41.243217],[-2.655424,41.242993],[-2.657787,41.242493],[-2.658288,41.242196],[-2.659889,41.241605],[-2.660777,41.24084],[-2.662241,41.240342],[-2.6631,41.240318],[-2.665018,41.240005],[-2.665496,41.23954],[-2.66615,41.23936],[-2.666727,41.239029],[-2.667635,41.238773],[-2.669068,41.238816],[-2.669526,41.239087],[-2.670206,41.23985],[-2.671724,41.240956],[-2.672335,41.241089],[-2.673578,41.241888],[-2.673904,41.241865],[-2.675072,41.241317],[-2.675723,41.24154],[-2.676155,41.242031],[-2.676777,41.242332],[-2.678344,41.242571],[-2.679057,41.242436],[-2.680385,41.24245],[-2.680729,41.242658],[-2.681253,41.243465],[-2.682165,41.244352],[-2.685262,41.245553],[-2.687413,41.245179],[-2.688135,41.245942],[-2.68913,41.246171],[-2.690273,41.245826],[-2.691472,41.245951],[-2.692366,41.245676],[-2.692982,41.245886],[-2.693502,41.246401],[-2.69444,41.246822],[-2.6947,41.247824],[-2.695242,41.248241],[-2.695845,41.248461],[-2.696665,41.248565],[-2.698042,41.249059],[-2.698836,41.249586],[-2.69952,41.249747],[-2.700263,41.250237],[-2.702799,41.25088],[-2.703251,41.251139],[-2.704253,41.251361],[-2.704787,41.252083],[-2.706681,41.252235],[-2.707011,41.252526],[-2.707202,41.253193],[-2.708303,41.253868],[-2.708724,41.253865],[-2.708959,41.253429],[-2.710372,41.253494],[-2.711512,41.253107],[-2.712615,41.252904],[-2.713001,41.252959],[-2.713813,41.253479],[-2.714432,41.253607],[-2.715858,41.254226],[-2.715769,41.25491],[-2.716293,41.255918],[-2.716315,41.257015],[-2.716688,41.25775],[-2.717644,41.258306],[-2.718193,41.258867],[-2.718852,41.259046],[-2.71967,41.260004],[-2.720664,41.26083],[-2.721076,41.261345],[-2.721534,41.261616],[-2.722963,41.261653],[-2.72393,41.261449],[-2.72548,41.261533],[-2.72633,41.26174],[-2.72683,41.262492],[-2.727657,41.263145],[-2.729004,41.263337],[-2.72959,41.263655],[-2.730204,41.263637],[-2.730996,41.263327],[-2.731698,41.263325],[-2.733273,41.263688],[-2.734602,41.263677],[-2.735022,41.263365],[-2.735183,41.262893],[-2.735719,41.262095],[-2.736781,41.261395],[-2.737572,41.26064],[-2.739078,41.259841],[-2.739468,41.259279],[-2.740096,41.258943],[-2.741162,41.258171],[-2.742161,41.2578],[-2.742662,41.257502],[-2.743712,41.257424],[-2.745871,41.257468],[-2.746628,41.257651],[-2.748242,41.257659],[-2.749071,41.257545],[-2.749517,41.257652],[-2.750279,41.257564],[-2.750963,41.257103],[-2.751635,41.257338],[-2.752651,41.25726],[-2.753172,41.25739],[-2.753968,41.257254],[-2.75563,41.257217],[-2.755956,41.257129],[-2.75683,41.256348],[-2.756951,41.255864],[-2.757249,41.255672],[-2.758483,41.255282],[-2.760397,41.254973],[-2.761576,41.254693],[-2.76208,41.253943],[-2.762929,41.253507],[-2.763636,41.253475],[-2.764601,41.253619],[-2.76624,41.253221],[-2.767155,41.253191],[-2.768369,41.252927],[-2.76897,41.252399],[-2.769399,41.252406],[-2.770374,41.253108],[-2.770807,41.253118],[-2.771301,41.252595],[-2.772529,41.251714],[-2.773552,41.251361],[-2.775318,41.249991],[-2.775842,41.249259],[-2.776805,41.249088],[-2.777601,41.248788],[-2.778547,41.248716],[-2.785465,41.248731],[-2.786039,41.248827],[-2.786366,41.249115],[-2.786955,41.249263],[-2.787878,41.249917],[-2.788433,41.250489],[-2.789892,41.25125],[-2.790174,41.252311],[-2.790775,41.252833],[-2.791337,41.253834],[-2.79269,41.254148],[-2.794518,41.254162],[-2.795221,41.254501],[-2.796708,41.254428],[-2.797345,41.254861],[-2.797618,41.255257],[-2.79825,41.25569],[-2.799661,41.256119],[-2.800891,41.256206],[-2.802156,41.256494],[-2.802948,41.256808],[-2.803997,41.256774],[-2.804822,41.256254],[-2.805432,41.256123],[-2.806505,41.255355],[-2.807555,41.254798],[-2.808114,41.254228],[-2.808926,41.253805],[-2.810144,41.25346],[-2.810709,41.253136],[-2.812521,41.253285],[-2.81491,41.253291],[-2.815353,41.253393],[-2.816006,41.254103],[-2.816463,41.254377],[-2.817672,41.254348],[-2.818735,41.253842],[-2.81924,41.253841],[-2.819666,41.253597],[-2.821286,41.253534],[-2.821892,41.253795],[-2.822815,41.254631],[-2.823551,41.254932],[-2.823934,41.255274],[-2.82481,41.255649],[-2.825327,41.256833],[-2.825775,41.257559],[-2.825924,41.258182],[-2.827259,41.25937],[-2.828399,41.260593],[-2.828609,41.261109],[-2.828989,41.261497],[-2.829412,41.262573],[-2.830762,41.263396],[-2.831981,41.263745],[-2.833136,41.264517],[-2.834104,41.264381],[-2.835552,41.264654],[-2.836149,41.265415],[-2.837645,41.26578],[-2.838846,41.266226],[-2.839466,41.266744],[-2.839585,41.267324],[-2.839999,41.268234],[-2.838388,41.269362],[-2.838096,41.269663],[-2.838287,41.270482],[-2.83818,41.270857],[-2.837556,41.271377],[-2.837899,41.27178],[-2.83871,41.271809],[-2.839603,41.272002],[-2.840729,41.271991],[-2.841707,41.271635],[-2.842916,41.27161],[-2.843334,41.27184],[-2.844088,41.272625],[-2.845367,41.27356],[-2.846093,41.273579],[-2.847071,41.273222],[-2.847774,41.273219],[-2.848969,41.273451],[-2.850137,41.274009],[-2.850496,41.274036],[-2.852147,41.273675],[-2.852853,41.273674],[-2.853452,41.273899],[-2.854042,41.274358],[-2.854719,41.275157],[-2.855982,41.275396],[-2.856343,41.275368],[-2.857704,41.27476],[-2.858515,41.274808],[-2.858811,41.275039],[-2.859043,41.275768],[-2.859703,41.276172],[-2.860174,41.276717],[-2.861234,41.277583],[-2.861294,41.277892],[-2.861288,41.279933],[-2.861647,41.280556],[-2.862823,41.281396],[-2.86387,41.281582],[-2.864376,41.282326],[-2.866153,41.283463],[-2.867454,41.284059],[-2.868541,41.284815],[-2.869267,41.285168],[-2.870714,41.286196],[-2.872428,41.286459],[-2.873295,41.286268],[-2.874653,41.286112],[-2.875428,41.286291],[-2.876705,41.286995],[-2.877609,41.287669],[-2.877904,41.288121],[-2.87771,41.289068],[-2.877778,41.289555],[-2.879728,41.292531],[-2.879867,41.293163],[-2.880192,41.293593],[-2.880626,41.293793],[-2.880936,41.294198],[-2.881198,41.29494],[-2.881958,41.294832],[-2.883842,41.295257],[-2.885269,41.294996],[-2.886709,41.293969],[-2.888755,41.292911],[-2.88935,41.293107],[-2.890181,41.293128],[-2.891511,41.293854],[-2.892437,41.29409],[-2.893079,41.293932],[-2.89428,41.294012],[-2.895068,41.294997],[-2.896831,41.296295],[-2.897938,41.296511],[-2.899566,41.297686],[-2.900564,41.29806],[-2.901065,41.298361],[-2.901664,41.298441],[-2.902953,41.298362],[-2.903469,41.298072],[-2.904413,41.297884],[-2.904656,41.297391],[-2.905253,41.29694],[-2.905959,41.296711],[-2.906539,41.29589],[-2.906547,41.295578],[-2.906141,41.294767],[-2.906426,41.294001],[-2.907042,41.293559],[-2.907734,41.293405],[-2.908697,41.292931],[-2.909524,41.292052],[-2.910032,41.291299],[-2.911242,41.291274],[-2.911659,41.291505],[-2.91281,41.292443],[-2.913043,41.292943],[-2.914513,41.293641],[-2.915364,41.293846],[-2.91584,41.293812],[-2.916688,41.294021],[-2.917277,41.294341],[-2.918471,41.294255],[-2.919091,41.294464],[-2.919825,41.294971],[-2.920256,41.294979],[-2.920795,41.294263],[-2.922649,41.293631],[-2.922806,41.292431],[-2.923322,41.291849],[-2.923394,41.291295],[-2.923647,41.291049],[-2.924481,41.291033],[-2.925116,41.291194],[-2.927338,41.290642],[-2.927757,41.290645],[-2.928538,41.290947],[-2.930259,41.29106],[-2.930913,41.291234],[-2.931924,41.291178],[-2.932437,41.290885],[-2.933121,41.290724],[-2.934328,41.289831],[-2.934918,41.288705],[-2.934548,41.288039],[-2.934873,41.287685],[-2.936408,41.287123],[-2.936911,41.286826],[-2.937926,41.286726],[-2.939314,41.286478],[-2.940631,41.285279],[-2.941517,41.284361],[-2.941687,41.283898],[-2.942283,41.283447],[-2.942972,41.283291],[-2.943486,41.283003],[-2.944171,41.282845],[-2.944673,41.282548],[-2.945673,41.282176],[-2.947463,41.281275],[-2.948345,41.280725],[-2.949256,41.280601],[-2.949858,41.28038],[-2.951324,41.279371],[-2.953134,41.279248],[-2.954527,41.278498],[-2.955601,41.278419],[-2.958565,41.278421],[-2.959413,41.278495],[-2.960802,41.278939],[-2.961142,41.279292],[-2.962119,41.279833],[-2.963044,41.280628],[-2.964712,41.280434],[-2.965354,41.280279],[-2.965968,41.280526],[-2.966173,41.28105],[-2.967155,41.28144],[-2.967897,41.281925],[-2.969469,41.281818],[-2.970324,41.282008],[-2.972036,41.282248],[-2.973354,41.282305],[-2.973768,41.282531],[-2.975227,41.283683],[-2.97566,41.284332],[-2.977206,41.285342],[-2.978187,41.285817],[-2.97949,41.285874],[-2.980221,41.285819],[-2.981359,41.285012],[-2.981959,41.284755],[-2.983473,41.284536],[-2.984696,41.284467],[-2.985042,41.284262],[-2.985869,41.283235],[-2.986573,41.28264],[-2.987071,41.281665],[-2.987509,41.281229],[-2.987922,41.280363],[-2.988634,41.279824],[-2.989572,41.279799],[-2.99032,41.279991],[-2.991384,41.279998],[-2.99198,41.27974],[-2.992544,41.279263],[-2.99327,41.278383],[-2.993609,41.278227],[-2.994894,41.278038],[-2.996922,41.278283],[-2.99747,41.278608],[-2.997697,41.278386],[-2.99769,41.277374],[-2.997176,41.276857],[-2.997042,41.276321],[-2.996369,41.275709],[-2.99637,41.275522],[-2.997514,41.274908],[-2.998213,41.274757],[-2.999472,41.274278],[-3.000021,41.273635],[-3.000016,41.273103],[-2.999033,41.27132],[-3.000566,41.271129],[-3.000898,41.270844],[-3.001996,41.270405],[-3.004096,41.270053],[-3.005567,41.269038],[-3.006186,41.268829],[-3.007282,41.269],[-3.009232,41.269742],[-3.00942,41.270862],[-3.009716,41.271178],[-3.011325,41.272311],[-3.012262,41.272341],[-3.01333,41.271972],[-3.014952,41.271914],[-3.015749,41.272166],[-3.016321,41.2725],[-3.017717,41.272586],[-3.019121,41.272819],[-3.020774,41.273229],[-3.021848,41.27336],[-3.022364,41.273661],[-3.024376,41.274308],[-3.025717,41.274579],[-3.026768,41.274218],[-3.027382,41.274193],[-3.028358,41.274902],[-3.028609,41.275468],[-3.029185,41.275973],[-3.02913,41.276506],[-3.029529,41.276814],[-3.030651,41.276855],[-3.031103,41.276752],[-3.031837,41.276249],[-3.033611,41.275738],[-3.035201,41.275816],[-3.035699,41.276344],[-3.036614,41.277005],[-3.037755,41.27765],[-3.038188,41.277746],[-3.039536,41.277586],[-3.039932,41.277873],[-3.041491,41.278054],[-3.042608,41.278479],[-3.043475,41.279086],[-3.04418,41.279039],[-3.045738,41.278459],[-3.046407,41.27839],[-3.047959,41.27782],[-3.049556,41.277449],[-3.050512,41.277105],[-3.05118,41.277036],[-3.052613,41.276649],[-3.056438,41.276599],[-3.057196,41.276414],[-3.05903,41.276386],[-3.060079,41.276069],[-3.060372,41.275541],[-3.060126,41.274985],[-3.060182,41.274207],[-3.060527,41.27371],[-3.061375,41.273304],[-3.061797,41.273306],[-3.063943,41.274108],[-3.065674,41.27466],[-3.066165,41.274966],[-3.068222,41.275615],[-3.068692,41.275584],[-3.070146,41.275785],[-3.071053,41.27623],[-3.07197,41.276889],[-3.072824,41.277686],[-3.073724,41.277818],[-3.074238,41.278106],[-3.075723,41.278561],[-3.077012,41.278714],[-3.077525,41.279002],[-3.07851,41.279159],[-3.079478,41.279504],[-3.082527,41.279556],[-3.083224,41.279789],[-3.084163,41.280607],[-3.08558,41.281029],[-3.086489,41.281153],[-3.086907,41.281378],[-3.089731,41.283527],[-3.090958,41.284183],[-3.092374,41.284233],[-3.0935,41.283813],[-3.093908,41.282365],[-3.094665,41.28163],[-3.095063,41.28059],[-3.095706,41.280264],[-3.096596,41.280392],[-3.098042,41.280449],[-3.099252,41.280674],[-3.099744,41.280917],[-3.101067,41.281946],[-3.101681,41.282203],[-3.103604,41.282282],[-3.104175,41.282527],[-3.104663,41.28306],[-3.105902,41.283841],[-3.105984,41.284164],[-3.105602,41.284542],[-3.104978,41.285666],[-3.104974,41.286199],[-3.105247,41.286813],[-3.105656,41.287133],[-3.106588,41.287466],[-3.107765,41.288248],[-3.108492,41.28829],[-3.110045,41.288111],[-3.110971,41.288346],[-3.111539,41.288908],[-3.112846,41.289819],[-3.114359,41.290011],[-3.115252,41.289567],[-3.116279,41.288838],[-3.116619,41.288748],[-3.118139,41.288715],[-3.118993,41.288527],[-3.11976,41.288774],[-3.120493,41.289487],[-3.121488,41.290269],[-3.122716,41.290603],[-3.123815,41.291134],[-3.124436,41.291215],[-3.125381,41.291118],[-3.125712,41.290687],[-3.126189,41.289695],[-3.126824,41.288973],[-3.127167,41.288768],[-3.130775,41.288558],[-3.131378,41.288784],[-3.132493,41.289747],[-3.133815,41.28995],[-3.134661,41.290362],[-3.135832,41.291145],[-3.138284,41.291185],[-3.140174,41.29144],[-3.14061,41.29165],[-3.141505,41.29249],[-3.143906,41.292531],[-3.145105,41.292316],[-3.149007,41.292318],[-3.149671,41.292488],[-3.150899,41.292524],[-3.1514,41.292668],[-3.151592,41.293114],[-3.152855,41.294052],[-3.155507,41.294099],[-3.156456,41.294014],[-3.156962,41.293718],[-3.157673,41.293634],[-3.159062,41.293646],[-3.160996,41.293967],[-3.161682,41.294426],[-3.164232,41.295052],[-3.166228,41.295933],[-3.166607,41.296278],[-3.16788,41.296747],[-3.168334,41.296826],[-3.169344,41.2975],[-3.169642,41.297816],[-3.170084,41.299111],[-3.170374,41.299235],[-3.171925,41.299268],[-3.172941,41.299446],[-3.173564,41.299285],[-3.175325,41.299112],[-3.176318,41.29927],[-3.177083,41.299536],[-3.177954,41.300091],[-3.178572,41.300215],[-3.180141,41.300783],[-3.18178,41.300858],[-3.183058,41.301783],[-3.183857,41.302533],[-3.184469,41.302665],[-3.185073,41.303184],[-3.186623,41.302912],[-3.187243,41.303119],[-3.188716,41.303907],[-3.189334,41.303888],[-3.190722,41.303342],[-3.191863,41.30309],[-3.194082,41.30371],[-3.195427,41.303708],[-3.196242,41.303582],[-3.197101,41.30378],[-3.198198,41.304312],[-3.199349,41.304593],[-3.200116,41.304339],[-3.201264,41.303531],[-3.202184,41.30341],[-3.203052,41.303153],[-3.203039,41.302389],[-3.202364,41.301832],[-3.202059,41.301384],[-3.201676,41.300332],[-3.201599,41.299337],[-3.200522,41.29839],[-3.200494,41.29739],[-3.201032,41.296217],[-3.201077,41.294308],[-3.201306,41.293813],[-3.201336,41.292355],[-3.200646,41.291394],[-3.199925,41.290953],[-3.199552,41.290061],[-3.199537,41.287939],[-3.199674,41.287524],[-3.200321,41.286961],[-3.200496,41.286503],[-3.20113,41.286085],[-3.202303,41.285079],[-3.203184,41.284802],[-3.20529,41.284743],[-3.205206,41.283111],[-3.205679,41.282447],[-3.205892,41.281708],[-3.207117,41.280306],[-3.208565,41.279446],[-3.209502,41.279111],[-3.20993,41.278519],[-3.209678,41.277885],[-3.209818,41.27694],[-3.209664,41.276129],[-3.210082,41.274669],[-3.211314,41.273782],[-3.212563,41.273635],[-3.213597,41.273294],[-3.214535,41.273324],[-3.215496,41.274137],[-3.216428,41.274165],[-3.217076,41.273987],[-3.218054,41.273948],[-3.220944,41.27395],[-3.221756,41.273699],[-3.222093,41.273202],[-3.22222,41.2719],[-3.222468,41.271148],[-3.222465,41.269079],[-3.222732,41.268251],[-3.222758,41.266676],[-3.222956,41.265667],[-3.222624,41.265254],[-3.221949,41.265082],[-3.221665,41.264761],[-3.221931,41.264107],[-3.222331,41.263634],[-3.222941,41.263282],[-3.22341,41.262735],[-3.224138,41.262158],[-3.224729,41.261478],[-3.224814,41.260121],[-3.224423,41.259148],[-3.224013,41.258556],[-3.223911,41.257729],[-3.223902,41.256095],[-3.223825,41.255291],[-3.224695,41.25517],[-3.225898,41.25472],[-3.226396,41.25442],[-3.228197,41.254065],[-3.228613,41.253838],[-3.230238,41.252587],[-3.231265,41.252145],[-3.231491,41.251507],[-3.233553,41.251176],[-3.240124,41.25117],[-3.241409,41.251455],[-3.242505,41.251989],[-3.243488,41.251988],[-3.244686,41.251208],[-3.246175,41.251218],[-3.246976,41.251655],[-3.247304,41.252174],[-3.248117,41.25228],[-3.251575,41.252238],[-3.252232,41.252063],[-3.252796,41.252229],[-3.252583,41.252982],[-3.252716,41.25449],[-3.252153,41.254884],[-3.251489,41.255066],[-3.251366,41.255327],[-3.251445,41.256479],[-3.252038,41.256972],[-3.253118,41.257097],[-3.254256,41.257964],[-3.254467,41.258482],[-3.255163,41.259308],[-3.255625,41.260454],[-3.25662,41.261289],[-3.256739,41.261546],[-3.256782,41.262693],[-3.256985,41.263238],[-3.256902,41.263872],[-3.257909,41.264547],[-3.257877,41.265458],[-3.257007,41.266387],[-3.255052,41.267847],[-3.254771,41.268147],[-3.254797,41.269971],[-3.25602,41.271306],[-3.256452,41.271295],[-3.257271,41.270768],[-3.25869,41.270354],[-3.259574,41.270862],[-3.260878,41.271232],[-3.262142,41.271804],[-3.263868,41.271899],[-3.26655,41.272574],[-3.268675,41.273671],[-3.271528,41.275798],[-3.272637,41.276088],[-3.274536,41.276077],[-3.276113,41.275552],[-3.277201,41.274795],[-3.278101,41.274348],[-3.280051,41.274163],[-3.281441,41.273334],[-3.28161,41.272304],[-3.281829,41.271741],[-3.281667,41.27095],[-3.282517,41.269877],[-3.283717,41.268681],[-3.284631,41.268019],[-3.285233,41.267797],[-3.286145,41.267672],[-3.287298,41.266876],[-3.287988,41.266495],[-3.288224,41.265999],[-3.288661,41.265563],[-3.288997,41.264871],[-3.288967,41.263272],[-3.288761,41.262445],[-3.289178,41.262004],[-3.289877,41.260738],[-3.290001,41.25853],[-3.290149,41.258108],[-3.290221,41.256831],[-3.291257,41.257191],[-3.292434,41.25798],[-3.293862,41.257972],[-3.294813,41.257578],[-3.29636,41.25754],[-3.297222,41.257346],[-3.301154,41.25732],[-3.302002,41.257398],[-3.302512,41.257689],[-3.303807,41.258061],[-3.304405,41.25851],[-3.305385,41.260206],[-3.306177,41.260328],[-3.306974,41.260671],[-3.308703,41.260714],[-3.310253,41.261107],[-3.311264,41.261209],[-3.311717,41.261472],[-3.312786,41.261581],[-3.313418,41.261469],[-3.314099,41.261003],[-3.315919,41.260686],[-3.317975,41.260431],[-3.320211,41.260427],[-3.321854,41.260679],[-3.322345,41.260922],[-3.32349,41.261726],[-3.325029,41.261755],[-3.325911,41.261474],[-3.326447,41.261053],[-3.326644,41.260391],[-3.328008,41.259903],[-3.330095,41.258325],[-3.330392,41.258012],[-3.330463,41.256931],[-3.330588,41.256601],[-3.331268,41.255979],[-3.331439,41.255518],[-3.332324,41.254835],[-3.332728,41.254689],[-3.334108,41.253703],[-3.335705,41.253102],[-3.336783,41.252567],[-3.337166,41.252593],[-3.337766,41.25312],[-3.338956,41.253383],[-3.340506,41.25341],[-3.341266,41.253588],[-3.342288,41.253625],[-3.343175,41.2539],[-3.343965,41.254429],[-3.344932,41.254824],[-3.345165,41.255325],[-3.345833,41.255806],[-3.347027,41.256062],[-3.348576,41.25609],[-3.349322,41.25627],[-3.352901,41.256284],[-3.353845,41.256221],[-3.354421,41.255902],[-3.354875,41.255925],[-3.355609,41.256421],[-3.357812,41.257236],[-3.359194,41.258219],[-3.359795,41.25844],[-3.36082,41.25853],[-3.362466,41.25893],[-3.363489,41.259022],[-3.364975,41.259474],[-3.365485,41.259764],[-3.366178,41.259915],[-3.367853,41.260499],[-3.36948,41.260493],[-3.371244,41.259971],[-3.371748,41.259675],[-3.372907,41.259385],[-3.375052,41.259371],[-3.377414,41.259965],[-3.37823,41.260003],[-3.380423,41.259523],[-3.381582,41.258736],[-3.382774,41.258282],[-3.383796,41.258181],[-3.384546,41.257995],[-3.385567,41.258047],[-3.386615,41.258401],[-3.388543,41.25798],[-3.389454,41.257943],[-3.391416,41.257527],[-3.392325,41.25749],[-3.393313,41.257287],[-3.395318,41.257262],[-3.396307,41.25697],[-3.396878,41.25664],[-3.398092,41.256287],[-3.399316,41.255628],[-3.399815,41.255217],[-3.399664,41.25403],[-3.399677,41.251909],[-3.399917,41.25133],[-3.399962,41.250645],[-3.4002,41.250058],[-3.400211,41.249212],[-3.399933,41.248388],[-3.399911,41.246803],[-3.3995,41.246082],[-3.398538,41.245228],[-3.398458,41.244851],[-3.398679,41.244361],[-3.39868,41.242761],[-3.398472,41.242068],[-3.399789,41.240968],[-3.400271,41.240207],[-3.401293,41.239537],[-3.402138,41.238827],[-3.403928,41.238684],[-3.404258,41.238258],[-3.404729,41.237041],[-3.405621,41.23569],[-3.406015,41.235311],[-3.406175,41.23418],[-3.406063,41.232437],[-3.405751,41.231909],[-3.404389,41.231046],[-3.403744,41.230016],[-3.403649,41.229512],[-3.403351,41.229198],[-3.402555,41.228737],[-3.402206,41.227826],[-3.402384,41.226907],[-3.401784,41.226016],[-3.40112,41.225465],[-3.401086,41.22512],[-3.401455,41.224748],[-3.401406,41.224325],[-3.401591,41.2233],[-3.401952,41.22241],[-3.402953,41.221141],[-3.403074,41.220137],[-3.403299,41.219645],[-3.403313,41.218796],[-3.402826,41.217985],[-3.402151,41.216428],[-3.402009,41.215665],[-3.401536,41.215078],[-3.401494,41.214306],[-3.401624,41.213648],[-3.402498,41.213179],[-3.403794,41.213028],[-3.404984,41.212573],[-3.405481,41.212273],[-3.406172,41.212117],[-3.407547,41.211583],[-3.409066,41.211776],[-3.410081,41.212455],[-3.410818,41.213251],[-3.411452,41.213672],[-3.412142,41.213826],[-3.413539,41.214796],[-3.415739,41.215835],[-3.416231,41.216139],[-3.417428,41.216591],[-3.418348,41.216649],[-3.419517,41.216273],[-3.421103,41.21589],[-3.421601,41.21559],[-3.422598,41.215214],[-3.423751,41.214439],[-3.424409,41.214497],[-3.425175,41.214388],[-3.427354,41.214809],[-3.430548,41.214817],[-3.431645,41.215249],[-3.434238,41.215263],[-3.435002,41.215446],[-3.438718,41.215431],[-3.439578,41.215232],[-3.44081,41.215238],[-3.441543,41.21541],[-3.442509,41.215279],[-3.443189,41.215363],[-3.444102,41.214853],[-3.444551,41.213702],[-3.444946,41.213101],[-3.445134,41.212345],[-3.445424,41.21189],[-3.446732,41.211075],[-3.447095,41.210405],[-3.447208,41.208966],[-3.447591,41.20858],[-3.448029,41.207054],[-3.448668,41.206024],[-3.450126,41.204874],[-3.451153,41.204521],[-3.452074,41.204089],[-3.453237,41.203167],[-3.453527,41.202711],[-3.453723,41.201961],[-3.454408,41.201129],[-3.45457,41.200662],[-3.455296,41.200001],[-3.455882,41.199319],[-3.456478,41.198196],[-3.456904,41.196901],[-3.457354,41.196162],[-3.457546,41.19541],[-3.45824,41.19436],[-3.458359,41.193588],[-3.459289,41.19142],[-3.461076,41.190835],[-3.462703,41.190797],[-3.463043,41.190707],[-3.464361,41.189751],[-3.465362,41.189379],[-3.46655,41.188475],[-3.46714,41.187571],[-3.467502,41.186682],[-3.467474,41.184765],[-3.467249,41.184008],[-3.467567,41.183825],[-3.469781,41.183801],[-3.470382,41.18372],[-3.470888,41.183423],[-3.471689,41.183373],[-3.472326,41.183535],[-3.473223,41.183364],[-3.4743,41.183466],[-3.475075,41.183289],[-3.475498,41.182979],[-3.475934,41.182272],[-3.477113,41.181362],[-3.477713,41.181138],[-3.478736,41.181041],[-3.480369,41.180391],[-3.481392,41.180442],[-3.482781,41.18098],[-3.483593,41.181017],[-3.484371,41.180832],[-3.48557,41.180739],[-3.489137,41.179372],[-3.490224,41.178616],[-3.490909,41.178456],[-3.491992,41.177695],[-3.492772,41.177422],[-3.493587,41.177463],[-3.494384,41.177768],[-3.49568,41.177912],[-3.496473,41.178213],[-3.498188,41.178538],[-3.49913,41.17886],[-3.500079,41.178681],[-3.500757,41.178201],[-3.501237,41.177439],[-3.501637,41.177065],[-3.502226,41.176162],[-3.502427,41.17564],[-3.502899,41.174963],[-3.502918,41.173364],[-3.503287,41.172476],[-3.503874,41.171795],[-3.504574,41.171198],[-3.505024,41.170275],[-3.506074,41.169632],[-3.507532,41.168478],[-3.508006,41.167766],[-3.508901,41.167864],[-3.51073,41.167858],[-3.512259,41.167311],[-3.51253,41.166991],[-3.513777,41.166206],[-3.515619,41.163373],[-3.517127,41.163108],[-3.519129,41.163112],[-3.520229,41.163365],[-3.520829,41.163897],[-3.522297,41.164587],[-3.5233,41.164953],[-3.524473,41.165731],[-3.525228,41.165779],[-3.528387,41.165778],[-3.529047,41.165949],[-3.529956,41.165979],[-3.535324,41.165951],[-3.535879,41.165843],[-3.536556,41.165373],[-3.53742,41.165291],[-3.53897,41.165624],[-3.539368,41.165463],[-3.539707,41.164964],[-3.539702,41.1642],[-3.539368,41.163767],[-3.538378,41.163389],[-3.536539,41.161759],[-3.536298,41.161043],[-3.536789,41.159022],[-3.537036,41.158376],[-3.537027,41.156455],[-3.537127,41.155659],[-3.53782,41.154833],[-3.5383,41.153625],[-3.538886,41.152495],[-3.539474,41.151592],[-3.539875,41.151219],[-3.540653,41.15001],[-3.54168,41.148911],[-3.542425,41.147975],[-3.543123,41.147377],[-3.544063,41.145888],[-3.544078,41.143871],[-3.544165,41.143231],[-3.544431,41.142618],[-3.545483,41.141754],[-3.547951,41.138969],[-3.548288,41.138876],[-3.549805,41.138865],[-3.551385,41.139157],[-3.551896,41.139446],[-3.553657,41.139727],[-3.554298,41.139732],[-3.556044,41.139298],[-3.557661,41.139028],[-3.559209,41.138617],[-3.563232,41.138576],[-3.564116,41.13852],[-3.56528,41.137732],[-3.566002,41.137376],[-3.567321,41.136347],[-3.567725,41.136117],[-3.569706,41.135622],[-3.570348,41.135611],[-3.571613,41.135904],[-3.572499,41.136264],[-3.574596,41.136263],[-3.575195,41.136181],[-3.575699,41.135886],[-3.577251,41.135584],[-3.578694,41.135553],[-3.579938,41.135116],[-3.582279,41.135091],[-3.583238,41.135161],[-3.585334,41.135822],[-3.58596,41.136334],[-3.586394,41.137419],[-3.587688,41.138704],[-3.587948,41.139714],[-3.588428,41.140381],[-3.588466,41.141683],[-3.589031,41.143011],[-3.589131,41.143478],[-3.589822,41.144098],[-3.590119,41.145609],[-3.590738,41.146122],[-3.590859,41.146931],[-3.590659,41.147384],[-3.590992,41.148717],[-3.591569,41.149779],[-3.59291,41.151104],[-3.59388,41.152436],[-3.59406,41.153246],[-3.595042,41.153778],[-3.596716,41.154989],[-3.597401,41.155146],[-3.597915,41.155433],[-3.599475,41.155674],[-3.600616,41.155452],[-3.602045,41.154416],[-3.60277,41.154062],[-3.603551,41.153302],[-3.604504,41.152671],[-3.604692,41.152079],[-3.60563,41.151811],[-3.606893,41.151008],[-3.608395,41.150874],[-3.609777,41.150109],[-3.610393,41.149902],[-3.611018,41.150009],[-3.611869,41.149666],[-3.612862,41.149508],[-3.613709,41.149095],[-3.613845,41.147991],[-3.614395,41.146575],[-3.614364,41.145725],[-3.614171,41.145342],[-3.614519,41.14426],[-3.615968,41.143772],[-3.616684,41.143697],[-3.619127,41.143692],[-3.619957,41.143615],[-3.621711,41.142909],[-3.621805,41.142721],[-3.621862,41.140871],[-3.622273,41.140558],[-3.623811,41.140487],[-3.625635,41.140169],[-3.62667,41.139449],[-3.627327,41.139268],[-3.628382,41.137908],[-3.628804,41.137602],[-3.629921,41.137177],[-3.63148,41.136997],[-3.631996,41.136263],[-3.632645,41.135703],[-3.632777,41.135288],[-3.632784,41.133537],[-3.633243,41.132944],[-3.633393,41.132324],[-3.633893,41.131238],[-3.633895,41.129098],[-3.633635,41.128461],[-3.633324,41.127208],[-3.633661,41.126412],[-3.63524,41.125405],[-3.637042,41.125044],[-3.637552,41.124753],[-3.638235,41.124592],[-3.638834,41.124144],[-3.639271,41.123441],[-3.639913,41.123024],[-3.640123,41.122224],[-3.64048,41.121795],[-3.642684,41.122538],[-3.643181,41.122251],[-3.643866,41.122083],[-3.645832,41.120534],[-3.645733,41.119734],[-3.645822,41.118846],[-3.646208,41.118461],[-3.646702,41.11704],[-3.647576,41.115903],[-3.648273,41.115305],[-3.649152,41.113948],[-3.649994,41.112165],[-3.649888,41.111765],[-3.650306,41.111236],[-3.650667,41.110434],[-3.650654,41.109484],[-3.650202,41.108332],[-3.650414,41.108036],[-3.651169,41.10763],[-3.651631,41.107077],[-3.652648,41.106494],[-3.654429,41.105585],[-3.655935,41.104696],[-3.659326,41.102082],[-3.660372,41.101436],[-3.66054,41.100975],[-3.661224,41.100367],[-3.661705,41.099608],[-3.662695,41.09878],[-3.663472,41.098018],[-3.665068,41.097419],[-3.666863,41.096075],[-3.667591,41.095277],[-3.669068,41.094142],[-3.66979,41.093785],[-3.671594,41.092671],[-3.672052,41.092118],[-3.673031,41.091283],[-3.673217,41.090835],[-3.674251,41.090181],[-3.674551,41.089872],[-3.674888,41.088966],[-3.674718,41.08815],[-3.674939,41.087431],[-3.67629,41.08656],[-3.676785,41.086036],[-3.677441,41.085853],[-3.678204,41.085081],[-3.679357,41.084226],[-3.680398,41.084024],[-3.681225,41.08371],[-3.682219,41.084382],[-3.682719,41.084908],[-3.68376,41.085195],[-3.686388,41.085185],[-3.687044,41.085007],[-3.689144,41.084962],[-3.689542,41.084901],[-3.689883,41.084545],[-3.69102,41.083901],[-3.692487,41.083609],[-3.694599,41.083573],[-3.694986,41.083504],[-3.695849,41.083029],[-3.696304,41.082549],[-3.69735,41.082136],[-3.698432,41.081601],[-3.69943,41.081451],[-3.700346,41.081016],[-3.703434,41.078624],[-3.704156,41.078268],[-3.705236,41.077508],[-3.705689,41.077324],[-3.706389,41.076579],[-3.707592,41.075688],[-3.709688,41.07479],[-3.710244,41.074907],[-3.711074,41.074884],[-3.71148,41.074565],[-3.71271,41.074137],[-3.713529,41.073407],[-3.714214,41.073247],[-3.715698,41.072118],[-3.716474,41.071132],[-3.717195,41.070468],[-3.717362,41.070006],[-3.717985,41.069279],[-3.71889,41.068761],[-3.719516,41.068036],[-3.720101,41.066908],[-3.720329,41.065886],[-3.7213,41.065343],[-3.722622,41.064317],[-3.723665,41.063754],[-3.72498,41.062722],[-3.725393,41.062494],[-3.726296,41.062362],[-3.727362,41.062],[-3.729191,41.061963],[-3.73017,41.061673],[-3.730961,41.061234],[-3.73151,41.06066],[-3.732983,41.059523],[-3.734324,41.058734],[-3.735472,41.057579],[-3.735996,41.056778],[-3.73697,41.056237],[-3.739476,41.054303],[-3.740213,41.053669],[-3.739958,41.052346],[-3.739076,41.050372],[-3.739068,41.049571],[-3.739527,41.048986],[-3.739735,41.04847],[-3.740124,41.048089],[-3.740605,41.047331],[-3.742805,41.045618],[-3.743367,41.04492],[-3.743943,41.043786],[-3.744127,41.04303],[-3.744417,41.042575],[-3.745441,41.041685],[-3.745849,41.040158],[-3.746872,41.039267],[-3.747504,41.038236],[-3.747893,41.036985],[-3.748191,41.036676],[-3.749804,41.035421],[-3.750524,41.034036],[-3.751502,41.033261],[-3.752127,41.032907],[-3.752619,41.032017],[-3.753054,41.031721],[-3.754206,41.030436],[-3.754789,41.02953],[-3.754899,41.028753],[-3.755288,41.027892],[-3.756847,41.027713],[-3.758327,41.027251],[-3.759129,41.026821],[-3.759997,41.026038],[-3.760647,41.025703],[-3.760883,41.025358],[-3.762192,41.02424],[-3.762638,41.023315],[-3.763627,41.022489],[-3.764083,41.021935],[-3.764701,41.021502],[-3.765677,41.021112],[-3.765994,41.020678],[-3.766351,41.019487],[-3.766382,41.01832],[-3.766624,41.017665],[-3.766647,41.016521],[-3.767872,41.015379],[-3.76836,41.015133],[-3.769194,41.015023],[-3.769765,41.014778],[-3.770265,41.014034],[-3.771289,41.013159],[-3.772164,41.012233],[-3.772322,41.011101],[-3.772787,41.010437],[-3.772805,41.009345],[-3.773115,41.008281],[-3.773432,41.007908],[-3.774771,41.006896],[-3.775227,41.006342],[-3.775816,41.005888],[-3.776541,41.005534],[-3.77756,41.004507],[-3.779483,41.003037],[-3.780338,41.00211],[-3.78082,41.001348],[-3.781578,41.000489],[-3.782237,41.000933],[-3.782671,41.001032],[-3.785196,41.001024],[-3.786004,41.000746],[-3.787174,40.999831],[-3.787899,40.999032],[-3.788939,40.998243],[-3.78975,40.997358],[-3.790008,40.996063],[-3.790561,40.995656],[-3.791172,40.995525],[-3.79233,40.99474],[-3.794106,40.994053],[-3.79557,40.993769],[-3.796575,40.993657],[-3.79708,40.99336],[-3.798374,40.993288],[-3.799638,40.993694],[-3.800959,40.993667],[-3.801371,40.993435],[-3.802975,40.992171],[-3.805069,40.991051],[-3.806062,40.990674],[-3.80727,40.989921],[-3.807829,40.98931],[-3.808302,40.988547],[-3.809271,40.987842],[-3.811078,40.987711],[-3.813151,40.987022],[-3.814514,40.986251],[-3.815382,40.985965],[-3.818731,40.985931],[-3.819677,40.985851],[-3.820748,40.985532],[-3.821687,40.985451],[-3.82375,40.985449],[-3.824918,40.985809],[-3.826982,40.986296],[-3.827728,40.986333],[-3.828524,40.986576],[-3.829042,40.98688],[-3.829705,40.98693],[-3.830287,40.986608],[-3.830968,40.98644],[-3.831883,40.98578],[-3.832575,40.985031],[-3.833989,40.984495],[-3.835211,40.98445],[-3.838294,40.983817],[-3.83918,40.983974],[-3.842142,40.983949],[-3.843424,40.983653],[-3.844607,40.983194],[-3.846406,40.981848],[-3.84669,40.981503],[-3.846486,40.980813],[-3.846825,40.980162],[-3.848022,40.979484],[-3.849602,40.979254],[-3.8501,40.979539],[-3.851056,40.979617],[-3.857316,40.979566],[-3.859405,40.979248],[-3.859911,40.978956],[-3.860592,40.978793],[-3.861191,40.978345],[-3.861659,40.977355],[-3.862336,40.97652],[-3.862574,40.975731],[-3.863538,40.974961],[-3.864091,40.97439],[-3.86445,40.974226],[-3.865148,40.973481],[-3.866614,40.97234],[-3.867104,40.972096],[-3.867924,40.971973],[-3.868667,40.97147],[-3.86938,40.971454],[-3.869935,40.972172],[-3.870912,40.972556],[-3.872138,40.973428],[-3.872883,40.974217],[-3.873906,40.974876],[-3.875373,40.975368],[-3.876918,40.975387],[-3.878946,40.975795],[-3.879629,40.975699],[-3.880489,40.974984],[-3.880807,40.974154],[-3.880917,40.973378],[-3.881204,40.972923],[-3.882515,40.971884],[-3.882928,40.97142],[-3.884337,40.971382],[-3.884767,40.971627],[-3.885573,40.971674],[-3.886847,40.971185],[-3.887151,40.970875],[-3.888334,40.970499],[-3.890074,40.969256],[-3.89107,40.968881],[-3.891977,40.968216],[-3.893014,40.967204],[-3.894307,40.966826],[-3.89464,40.966544],[-3.89495,40.965743],[-3.894999,40.965155],[-3.895332,40.964689],[-3.896303,40.963924],[-3.896545,40.963138],[-3.897007,40.962463],[-3.897089,40.960867],[-3.897773,40.959814],[-3.897991,40.959085],[-3.899511,40.958124],[-3.901225,40.957787],[-3.902185,40.957206],[-3.903085,40.957072],[-3.90456,40.956608],[-3.905054,40.956306],[-3.906694,40.955666],[-3.907511,40.954564],[-3.907685,40.953579],[-3.907973,40.953124],[-3.908967,40.952302],[-3.909547,40.951395],[-3.909984,40.950242],[-3.910602,40.949725],[-3.911667,40.94932],[-3.91193,40.94903],[-3.911583,40.948148],[-3.911101,40.94736],[-3.91168,40.945563],[-3.912006,40.944835],[-3.913499,40.9443],[-3.914805,40.9442],[-3.915902,40.943939],[-3.91716,40.943007],[-3.917447,40.942551],[-3.917623,40.941568],[-3.918014,40.940966],[-3.918486,40.939757],[-3.919361,40.938401],[-3.919762,40.93803],[-3.920122,40.937364],[-3.920088,40.934075],[-3.920175,40.933434],[-3.921163,40.932162],[-3.921577,40.930849],[-3.921891,40.930474],[-3.923389,40.929358],[-3.924381,40.92898],[-3.924866,40.928672],[-3.926637,40.927981],[-3.928229,40.927824],[-3.929617,40.927295],[-3.930497,40.927423],[-3.932097,40.927396],[-3.93296,40.927194],[-3.936253,40.927137],[-3.936904,40.92697],[-3.937591,40.927048],[-3.937751,40.926827],[-3.937003,40.925726],[-3.936791,40.925204],[-3.936342,40.924774],[-3.936022,40.92419],[-3.936231,40.92351],[-3.936101,40.922927],[-3.936542,40.921841],[-3.936524,40.921355],[-3.936041,40.92004],[-3.936716,40.918977],[-3.936804,40.918248],[-3.936777,40.915497],[-3.937135,40.91483],[-3.937698,40.914223],[-3.939196,40.913241],[-3.94019,40.912865],[-3.941398,40.912119],[-3.94194,40.911268],[-3.942481,40.909361],[-3.942326,40.908783],[-3.942457,40.907759],[-3.942772,40.907436],[-3.942954,40.905782],[-3.943926,40.904721],[-3.944402,40.903515],[-3.945271,40.902155],[-3.946871,40.900893],[-3.947327,40.90034],[-3.948282,40.899713],[-3.948443,40.898889],[-3.949069,40.897846],[-3.949762,40.897247],[-3.950336,40.896559],[-3.950502,40.896097],[-3.951546,40.895139],[-3.95188,40.893838],[-3.95175,40.893506],[-3.951082,40.892955],[-3.950474,40.892287],[-3.950005,40.891371],[-3.948175,40.889744],[-3.947175,40.889379],[-3.946669,40.889081],[-3.94576,40.889021],[-3.945332,40.889127],[-3.944524,40.889624],[-3.942773,40.889009],[-3.942408,40.888441],[-3.942783,40.887829],[-3.942138,40.887217],[-3.942007,40.886409],[-3.942248,40.885836],[-3.942247,40.883627],[-3.942016,40.882139],[-3.942607,40.881016],[-3.943287,40.880184],[-3.943509,40.87916],[-3.944479,40.878309],[-3.944564,40.877072],[-3.944904,40.876483],[-3.945892,40.875435],[-3.94631,40.874576],[-3.947052,40.873399],[-3.947255,40.871681],[-3.946928,40.871365],[-3.946329,40.870054],[-3.946475,40.869507],[-3.946435,40.86567],[-3.946466,40.864898],[-3.946775,40.863926],[-3.947818,40.862969],[-3.947935,40.861886],[-3.949112,40.860895],[-3.950085,40.860355],[-3.950415,40.859857],[-3.950568,40.859169],[-3.951264,40.858706],[-3.951583,40.858275],[-3.951697,40.857502],[-3.951933,40.856858],[-3.951956,40.855687],[-3.952608,40.854803],[-3.9533,40.854203],[-3.95378,40.853446],[-3.954167,40.853065],[-3.95459,40.851759],[-3.955305,40.851237],[-3.9558,40.850352],[-3.956529,40.84983],[-3.956933,40.848303],[-3.957226,40.847986],[-3.961365,40.844824],[-3.962359,40.844226],[-3.962645,40.84377],[-3.962816,40.84256],[-3.96321,40.841959],[-3.963291,40.841068],[-3.963043,40.840172],[-3.963328,40.839828],[-3.964249,40.83917],[-3.964945,40.838796],[-3.965527,40.837891],[-3.965611,40.837074],[-3.965574,40.835025],[-3.965431,40.834611],[-3.964737,40.834002],[-3.964251,40.83287],[-3.963864,40.832488],[-3.9636,40.831478],[-3.962985,40.830969],[-3.96285,40.830638],[-3.962809,40.828059],[-3.962753,40.827382],[-3.962518,40.826884],[-3.962457,40.825292],[-3.961868,40.824109],[-3.961826,40.82249],[-3.961922,40.821848],[-3.963224,40.820498],[-3.963605,40.819027],[-3.963944,40.818449],[-3.964643,40.817855],[-3.964934,40.817403],[-3.965019,40.816863],[-3.965046,40.814899],[-3.966062,40.814009],[-3.967239,40.813101],[-3.967818,40.812418],[-3.968337,40.811616],[-3.968984,40.81128],[-3.970055,40.810517],[-3.972821,40.809454],[-3.973397,40.808991],[-3.973594,40.808469],[-3.974408,40.807588],[-3.97477,40.807424],[-3.97538,40.806784],[-3.975513,40.805986],[-3.975502,40.803779],[-3.975894,40.803051],[-3.976182,40.802908],[-3.977043,40.8019],[-3.977603,40.801426],[-3.978943,40.800639],[-3.979258,40.800264],[-3.979547,40.799147],[-3.979172,40.798281],[-3.978753,40.797688],[-3.978672,40.797202],[-3.978913,40.796575],[-3.97918,40.795071],[-3.979243,40.793691],[-3.979465,40.793191],[-3.979453,40.792182],[-3.979067,40.791073],[-3.978361,40.790256],[-3.978232,40.789203],[-3.977734,40.787721],[-3.978034,40.787276],[-3.978775,40.786672],[-3.978885,40.785896],[-3.979485,40.784789],[-3.979784,40.784738],[-3.981638,40.785202],[-3.982896,40.78576],[-3.984362,40.785977],[-3.98498,40.78581],[-3.986722,40.78563],[-3.988179,40.785726],[-3.988934,40.78553],[-3.990249,40.785566],[-3.990847,40.785788],[-3.992504,40.787006],[-3.993731,40.787647],[-3.995623,40.787952],[-3.997666,40.788355],[-3.999888,40.788379],[-4.000438,40.788535],[-4.001333,40.788562],[-4.006501,40.78851],[-4.007209,40.788237],[-4.008212,40.787201],[-4.009406,40.786307],[-4.010301,40.785858],[-4.011337,40.785663],[-4.012096,40.784891],[-4.012648,40.784484],[-4.013253,40.78435],[-4.014398,40.783336],[-4.015523,40.782687],[-4.016917,40.782461],[-4.01793,40.781728],[-4.019112,40.781267],[-4.020467,40.780851],[-4.021128,40.781293],[-4.022359,40.781602],[-4.023862,40.781618],[-4.024633,40.781792],[-4.025537,40.781819],[-4.029101,40.781786],[-4.030005,40.781742],[-4.031019,40.781552],[-4.032256,40.781829],[-4.03316,40.782267],[-4.034321,40.783278],[-4.035751,40.783578],[-4.036714,40.784145],[-4.037702,40.784379],[-4.039137,40.784419],[-4.039909,40.78476],[-4.040314,40.784764],[-4.041674,40.784213],[-4.042089,40.784286],[-4.042281,40.784963],[-4.04258,40.785418],[-4.043319,40.786075],[-4.043466,40.787146],[-4.044402,40.788104],[-4.045099,40.7887],[-4.045315,40.789216],[-4.04659,40.790366],[-4.047362,40.790536],[-4.049064,40.790614],[-4.052234,40.790584],[-4.054025,40.790869],[-4.055522,40.791528],[-4.056014,40.791828],[-4.057204,40.79227],[-4.058913,40.792358],[-4.059683,40.792528],[-4.060588,40.792553],[-4.061958,40.7929],[-4.063261,40.79298],[-4.064905,40.793377],[-4.067725,40.793389],[-4.068473,40.793566],[-4.069955,40.793752],[-4.071796,40.792625],[-4.072421,40.791903],[-4.073179,40.790684],[-4.073765,40.790229],[-4.075536,40.789318],[-4.076414,40.78908],[-4.078273,40.7889],[-4.078398,40.788204],[-4.07831,40.78402],[-4.078344,40.783344],[-4.078547,40.782924],[-4.078674,40.781634],[-4.079054,40.781248],[-4.079418,40.780371],[-4.079435,40.778673],[-4.079896,40.778091],[-4.080341,40.777169],[-4.081247,40.776423],[-4.082825,40.775591],[-4.083296,40.774828],[-4.084467,40.773917],[-4.085186,40.773561],[-4.086037,40.772857],[-4.086489,40.772302],[-4.087366,40.771618],[-4.088083,40.77126],[-4.089159,40.770501],[-4.089838,40.770337],[-4.090623,40.769807],[-4.091904,40.7692],[-4.092796,40.768666],[-4.092977,40.768216],[-4.093812,40.767278],[-4.096025,40.76558],[-4.09632,40.765267],[-4.096343,40.764326],[-4.095868,40.763746],[-4.095377,40.762388],[-4.09433,40.761523],[-4.094027,40.761075],[-4.093868,40.759776],[-4.093613,40.758803],[-4.09417,40.757231],[-4.09415,40.7552],[-4.094459,40.754129],[-4.094949,40.753279],[-4.095363,40.751968],[-4.096043,40.750916],[-4.096514,40.74993],[-4.097226,40.749263],[-4.097386,40.748797],[-4.097907,40.748369],[-4.098343,40.74827],[-4.100167,40.74823],[-4.101223,40.747862],[-4.102507,40.747702],[-4.103876,40.747161],[-4.104855,40.746997],[-4.105359,40.746704],[-4.106035,40.746538],[-4.107533,40.745647],[-4.108862,40.744631],[-4.110042,40.744172],[-4.111327,40.74379],[-4.112106,40.743256],[-4.112923,40.743134],[-4.114784,40.742656],[-4.11577,40.741887],[-4.116656,40.739691],[-4.116779,40.73916],[-4.11715,40.738768],[-4.117293,40.738146],[-4.117604,40.73777],[-4.118635,40.736978],[-4.11919,40.736417],[-4.120383,40.736051],[-4.120921,40.735634],[-4.121135,40.734607],[-4.121707,40.733697],[-4.122689,40.732869],[-4.122877,40.732563],[-4.123858,40.731734],[-4.124429,40.731046],[-4.124619,40.730297],[-4.125059,40.729556],[-4.125355,40.728508],[-4.125426,40.727643],[-4.125716,40.72733],[-4.12734,40.726089],[-4.128051,40.725059],[-4.130254,40.723357],[-4.130994,40.722349],[-4.131683,40.721749],[-4.131968,40.721293],[-4.132118,40.720604],[-4.133109,40.719604],[-4.134484,40.718712],[-4.134883,40.718562],[-4.135791,40.717902],[-4.136116,40.717442],[-4.136271,40.716627],[-4.136938,40.716001],[-4.137477,40.71515],[-4.137635,40.714539],[-4.138118,40.714035],[-4.138211,40.713334],[-4.139543,40.712235],[-4.139891,40.711612],[-4.139885,40.70986],[-4.140338,40.709267],[-4.14052,40.707846],[-4.140898,40.707459],[-4.14155,40.705831],[-4.141584,40.705106],[-4.142088,40.70394],[-4.142128,40.702635],[-4.142579,40.702036],[-4.142774,40.701513],[-4.143635,40.700151],[-4.145535,40.698658],[-4.145743,40.698066],[-4.145074,40.697519],[-4.144125,40.695891],[-4.144401,40.695393],[-4.145018,40.694954],[-4.145613,40.694726],[-4.146905,40.694573],[-4.147496,40.694344],[-4.148635,40.693549],[-4.150709,40.692947],[-4.151579,40.692575],[-4.152902,40.692587],[-4.153562,40.692757],[-4.155171,40.69274],[-4.155775,40.692587],[-4.156636,40.692664],[-4.157518,40.692218],[-4.1581,40.691758],[-4.15855,40.691203],[-4.159576,40.690407],[-4.160003,40.689924],[-4.161506,40.689171],[-4.162785,40.688786],[-4.163657,40.688098],[-4.164107,40.687543],[-4.165137,40.68675],[-4.165853,40.685948],[-4.166437,40.685492],[-4.167742,40.684681],[-4.168319,40.683997],[-4.169649,40.681872],[-4.171484,40.680703],[-4.172157,40.680748],[-4.173192,40.681473],[-4.173791,40.68169],[-4.175073,40.681829],[-4.175585,40.682114],[-4.177348,40.682379],[-4.17864,40.682464],[-4.179151,40.682749],[-4.179831,40.682903],[-4.180935,40.683638],[-4.181542,40.683764],[-4.182363,40.684274],[-4.182747,40.684324],[-4.18397,40.683737],[-4.18458,40.683604],[-4.185944,40.683055],[-4.187744,40.683013],[-4.189347,40.684135],[-4.189921,40.684685],[-4.190513,40.684821],[-4.191426,40.685477],[-4.191728,40.685926],[-4.192235,40.687128],[-4.192707,40.68786],[-4.192747,40.688544],[-4.192568,40.689402],[-4.192859,40.689792],[-4.193287,40.68963],[-4.194418,40.688805],[-4.196106,40.688514],[-4.199081,40.688471],[-4.199829,40.688282],[-4.200718,40.688238],[-4.204206,40.688224],[-4.204961,40.6884],[-4.207076,40.688443],[-4.207767,40.688905],[-4.208065,40.689357],[-4.208182,40.69042],[-4.208611,40.69167],[-4.209199,40.692124],[-4.209775,40.692358],[-4.211581,40.692455],[-4.212843,40.693253],[-4.21396,40.693242],[-4.214368,40.693008],[-4.215665,40.691959],[-4.216055,40.691742],[-4.218763,40.691638],[-4.219931,40.691347],[-4.221457,40.690755],[-4.223167,40.690188],[-4.224268,40.689329],[-4.224166,40.688218],[-4.224456,40.687818],[-4.225367,40.687153],[-4.225766,40.687001],[-4.226759,40.686278],[-4.227008,40.686276],[-4.22811,40.687005],[-4.230294,40.687034],[-4.23182,40.687272],[-4.233361,40.687602],[-4.234184,40.687665],[-4.236354,40.687646],[-4.237331,40.68792],[-4.238259,40.688569],[-4.238587,40.68915],[-4.238369,40.689765],[-4.238933,40.690211],[-4.240131,40.690049],[-4.242068,40.689616],[-4.243879,40.689566],[-4.246647,40.689072],[-4.248497,40.688586],[-4.249352,40.688025],[-4.250313,40.687626],[-4.250921,40.686966],[-4.251272,40.686292],[-4.25129,40.685062],[-4.251604,40.684451],[-4.252032,40.684012],[-4.252171,40.683389],[-4.252773,40.682201],[-4.253663,40.681666],[-4.25494,40.681279],[-4.255432,40.680977],[-4.257562,40.68012],[-4.257402,40.679397],[-4.257337,40.678091],[-4.25684,40.677424],[-4.256783,40.676747],[-4.25708,40.676429],[-4.258297,40.675769],[-4.258973,40.675604],[-4.259474,40.675308],[-4.260148,40.675141],[-4.26071,40.674801],[-4.261505,40.674546],[-4.263217,40.67448],[-4.265452,40.67405],[-4.266501,40.674221],[-4.267413,40.674037],[-4.269994,40.673986],[-4.270823,40.67425],[-4.271884,40.675019],[-4.272612,40.675363],[-4.273811,40.676251],[-4.274389,40.677026],[-4.274973,40.677168],[-4.276685,40.678027],[-4.277184,40.678356],[-4.278257,40.678248],[-4.278796,40.678969],[-4.279625,40.679713],[-4.28172,40.680143],[-4.283945,40.680385],[-4.285581,40.680782],[-4.286807,40.680778],[-4.287696,40.680509],[-4.288525,40.680107],[-4.289858,40.680057],[-4.290919,40.679777],[-4.291196,40.678789],[-4.291565,40.678396],[-4.291756,40.677872],[-4.292424,40.677034],[-4.292605,40.676585],[-4.293869,40.675795],[-4.296154,40.675661],[-4.296822,40.675092],[-4.298366,40.674916],[-4.299095,40.674419],[-4.299769,40.674251],[-4.300559,40.673726],[-4.301376,40.673604],[-4.302684,40.673077],[-4.302901,40.672572],[-4.303424,40.672145],[-4.304461,40.67195],[-4.304785,40.671657],[-4.304974,40.670997],[-4.30621,40.670577],[-4.306702,40.670271],[-4.3075,40.670219],[-4.308134,40.670378],[-4.311262,40.66991],[-4.31185,40.669555],[-4.312038,40.668821],[-4.313149,40.667941],[-4.313742,40.667714],[-4.314759,40.667612],[-4.315278,40.66737],[-4.315881,40.666769],[-4.317057,40.666388],[-4.317127,40.66601],[-4.316891,40.665526],[-4.316855,40.664064],[-4.317072,40.66357],[-4.317093,40.661878],[-4.317416,40.660971],[-4.318197,40.660416],[-4.318842,40.660328],[-4.319493,40.659948],[-4.320326,40.659881],[-4.321055,40.659583],[-4.321575,40.658637],[-4.32313,40.658454],[-4.32489,40.657758],[-4.325608,40.657253],[-4.327738,40.656899],[-4.329923,40.656857],[-4.331075,40.656338],[-4.332211,40.655541],[-4.333386,40.655267],[-4.33493,40.655224],[-4.335445,40.654982],[-4.335886,40.654302],[-4.337127,40.653488],[-4.337803,40.653322],[-4.338879,40.652781],[-4.339894,40.652723],[-4.341064,40.652851],[-4.341623,40.652598],[-4.342625,40.651666],[-4.344571,40.651448],[-4.345511,40.650957],[-4.345978,40.650415],[-4.346863,40.649885],[-4.347332,40.649343],[-4.348342,40.648825],[-4.34989,40.648963],[-4.351343,40.648569],[-4.352249,40.648701],[-4.353842,40.648358],[-4.35516,40.648336],[-4.355924,40.648641],[-4.357196,40.647823],[-4.358618,40.647708],[-4.359312,40.647167],[-4.359407,40.646822],[-4.360027,40.645783],[-4.360961,40.644994],[-4.361114,40.64418],[-4.36185,40.643137],[-4.36206,40.642405],[-4.363216,40.641794],[-4.364204,40.640767],[-4.363977,40.640117],[-4.364019,40.638752],[-4.364592,40.637843],[-4.36555,40.637137],[-4.366164,40.637008],[-4.36707,40.636569],[-4.368361,40.635526],[-4.36917,40.635243],[-4.371953,40.63522],[-4.37336,40.635453],[-4.374878,40.635834],[-4.377104,40.635845],[-4.379021,40.636158],[-4.380299,40.636024],[-4.381838,40.636015],[-4.382581,40.636194],[-4.383589,40.636131],[-4.384371,40.635817],[-4.385267,40.63568],[-4.386091,40.634869],[-4.386692,40.634425],[-4.387279,40.634193],[-4.388119,40.634112],[-4.392428,40.634045],[-4.393499,40.633829],[-4.397792,40.633769],[-4.398618,40.633838],[-4.399569,40.63431],[-4.400049,40.635001],[-4.400826,40.6351],[-4.403293,40.635014],[-4.404429,40.634211],[-4.405019,40.633974],[-4.405752,40.633918],[-4.406513,40.634261],[-4.407993,40.634707],[-4.409566,40.634907],[-4.41014,40.634667],[-4.410493,40.633874],[-4.410569,40.633364],[-4.41119,40.632773],[-4.412069,40.632484],[-4.413364,40.632537],[-4.41395,40.632852],[-4.414557,40.632827],[-4.415337,40.632504],[-4.416144,40.632449],[-4.417708,40.633011],[-4.418969,40.633278],[-4.420192,40.633346],[-4.421133,40.6336],[-4.421821,40.634058],[-4.422566,40.634086],[-4.423738,40.63361],[-4.424228,40.633305],[-4.426356,40.63288],[-4.427265,40.632132],[-4.427444,40.631736],[-4.429054,40.631614],[-4.429786,40.631791],[-4.430801,40.631731],[-4.431362,40.631473],[-4.432227,40.630729],[-4.434231,40.631455],[-4.435822,40.631806],[-4.437463,40.632294],[-4.438292,40.632161],[-4.441355,40.632107],[-4.442551,40.631831],[-4.442967,40.631523],[-4.443273,40.63084],[-4.443288,40.630184],[-4.443596,40.629496],[-4.444012,40.629229],[-4.44501,40.629555],[-4.446848,40.629832],[-4.447486,40.629997],[-4.448461,40.629899],[-4.449052,40.629548],[-4.449636,40.629618],[-4.450145,40.630143],[-4.452698,40.632028],[-4.45355,40.632591],[-4.453841,40.632628],[-4.456559,40.632573],[-4.45743,40.632434],[-4.458015,40.632644],[-4.459103,40.633396],[-4.460008,40.633828],[-4.460993,40.633969],[-4.461785,40.634261],[-4.463375,40.634615],[-4.46435,40.634956],[-4.465066,40.634927],[-4.465921,40.634352],[-4.466505,40.634116],[-4.468266,40.634022],[-4.468985,40.63409],[-4.469777,40.634394],[-4.47039,40.634409],[-4.471055,40.633928],[-4.471736,40.632575],[-4.472378,40.632388],[-4.47308,40.632451],[-4.474176,40.632975],[-4.475217,40.633044],[-4.477259,40.632989],[-4.477975,40.632807],[-4.479046,40.63296],[-4.481369,40.632442],[-4.48227,40.63191],[-4.482428,40.630786],[-4.483279,40.630306],[-4.485359,40.629706],[-4.486604,40.628768],[-4.487167,40.628075],[-4.487393,40.627282],[-4.48859,40.626379],[-4.489336,40.626317],[-4.491392,40.62633],[-4.492139,40.6265],[-4.493568,40.626508],[-4.494413,40.626685],[-4.495427,40.626767],[-4.496025,40.626987],[-4.496759,40.62748],[-4.497138,40.627525],[-4.498359,40.626701],[-4.499849,40.626711],[-4.500362,40.626998],[-4.501041,40.627152],[-4.501841,40.627668],[-4.503034,40.628021],[-4.503475,40.628293],[-4.504881,40.628145],[-4.505795,40.628217],[-4.506247,40.628477],[-4.506935,40.62856],[-4.507916,40.628365],[-4.509637,40.628672],[-4.510227,40.628008],[-4.510682,40.626569],[-4.511236,40.625649],[-4.511635,40.625192],[-4.51347,40.625005],[-4.514586,40.624351],[-4.515169,40.623894],[-4.516012,40.622532],[-4.515938,40.621976],[-4.516286,40.621401],[-4.516416,40.620028],[-4.517377,40.619173],[-4.517755,40.617789],[-4.517759,40.616406],[-4.518116,40.615658],[-4.519069,40.614727],[-4.519999,40.614388],[-4.521874,40.612889],[-4.523447,40.612228],[-4.524256,40.612511],[-4.524953,40.612507],[-4.526124,40.612035],[-4.526612,40.61173],[-4.527284,40.61156],[-4.527785,40.611265],[-4.528751,40.61109],[-4.529252,40.610795],[-4.531215,40.610424],[-4.532176,40.609847],[-4.533718,40.609649],[-4.533904,40.609023],[-4.535959,40.608698],[-4.536363,40.608761],[-4.537885,40.608552],[-4.539793,40.608118],[-4.541698,40.608002],[-4.543054,40.607445],[-4.544065,40.607383],[-4.544722,40.607551],[-4.545518,40.607491],[-4.546412,40.607179],[-4.547439,40.60766],[-4.548505,40.607779],[-4.549747,40.608161],[-4.551767,40.608139],[-4.552491,40.607949],[-4.553254,40.608186],[-4.554121,40.608968],[-4.554709,40.609106],[-4.555984,40.609653],[-4.557691,40.609732],[-4.558862,40.610084],[-4.560676,40.610094],[-4.561339,40.610263],[-4.562138,40.610209],[-4.562461,40.60991],[-4.5626,40.609205],[-4.562865,40.608805],[-4.563573,40.609107],[-4.564478,40.609138],[-4.565254,40.609308],[-4.566545,40.609393],[-4.567658,40.609893],[-4.569102,40.609576],[-4.569953,40.60949],[-4.571972,40.60946],[-4.573048,40.60953],[-4.573927,40.609886],[-4.574825,40.609806],[-4.575326,40.609504],[-4.575998,40.60933],[-4.576723,40.608828],[-4.577234,40.608826],[-4.577903,40.609269],[-4.578158,40.609035],[-4.577883,40.608049],[-4.577842,40.607197],[-4.578257,40.606176],[-4.578222,40.605581],[-4.579013,40.604693],[-4.580307,40.603652],[-4.580872,40.60274],[-4.581058,40.601991],[-4.581429,40.601599],[-4.581668,40.600371],[-4.581575,40.599501],[-4.581967,40.598897],[-4.58202,40.597668],[-4.581441,40.59698],[-4.580148,40.596766],[-4.579256,40.596708],[-4.579708,40.595696],[-4.581286,40.594112],[-4.581431,40.593638],[-4.581988,40.593131],[-4.583524,40.59308],[-4.584782,40.592784],[-4.585339,40.592529],[-4.585811,40.591992],[-4.586834,40.591113],[-4.587231,40.590022],[-4.588526,40.5889],[-4.588954,40.587966],[-4.589289,40.587617],[-4.591157,40.587567],[-4.592624,40.587268],[-4.593179,40.587012],[-4.593758,40.586468],[-4.596216,40.58639],[-4.597037,40.586304],[-4.59778,40.58602],[-4.59821,40.586018],[-4.598638,40.58514],[-4.599927,40.58401],[-4.600375,40.583455],[-4.601688,40.58243],[-4.602778,40.581309],[-4.602878,40.580732],[-4.602729,40.580398],[-4.60287,40.579422],[-4.602796,40.577943],[-4.602152,40.576751],[-4.601746,40.576436],[-4.600217,40.575901],[-4.598691,40.574815],[-4.597809,40.573906],[-4.596932,40.57283],[-4.596851,40.572329],[-4.597256,40.571878],[-4.597452,40.571132],[-4.598049,40.570464],[-4.59952,40.570081],[-4.600208,40.56953],[-4.600353,40.56884],[-4.600733,40.568236],[-4.60107,40.567343],[-4.60111,40.566777],[-4.601536,40.566304],[-4.602307,40.566001],[-4.602723,40.565629],[-4.603511,40.565191],[-4.604876,40.564877],[-4.606753,40.564786],[-4.607327,40.564237],[-4.608494,40.563766],[-4.61011,40.563476],[-4.61095,40.563645],[-4.612073,40.56349],[-4.612538,40.563597],[-4.612985,40.563389],[-4.613308,40.562887],[-4.613463,40.561892],[-4.613769,40.561449],[-4.614332,40.561197],[-4.615032,40.561195],[-4.61583,40.561502],[-4.616444,40.561517],[-4.616853,40.561147],[-4.617027,40.560533],[-4.617724,40.560233],[-4.617959,40.55989],[-4.618138,40.559137],[-4.618516,40.558752],[-4.619267,40.557534],[-4.62014,40.55685],[-4.620538,40.5567],[-4.622256,40.554999],[-4.623875,40.553624],[-4.624587,40.553263],[-4.625626,40.552479],[-4.626305,40.552094],[-4.626408,40.551824],[-4.62639,40.550599],[-4.626569,40.550214],[-4.627652,40.549767],[-4.628326,40.549599],[-4.628821,40.549299],[-4.629876,40.549009],[-4.630773,40.548975],[-4.631616,40.54909],[-4.632625,40.548901],[-4.632654,40.548348],[-4.633305,40.547512],[-4.633478,40.546753],[-4.634047,40.545844],[-4.634725,40.545016],[-4.634822,40.544026],[-4.635044,40.543435],[-4.635082,40.542748],[-4.63547,40.542161],[-4.635147,40.541853],[-4.634726,40.540889],[-4.634694,40.53929],[-4.635034,40.538472],[-4.636016,40.538006],[-4.636197,40.537558],[-4.63774,40.536533],[-4.639585,40.536354],[-4.640964,40.535526],[-4.641306,40.535172],[-4.641604,40.534126],[-4.641735,40.533144],[-4.642637,40.532555],[-4.642954,40.532183],[-4.644563,40.531312],[-4.644992,40.531213],[-4.646062,40.531317],[-4.646281,40.531043],[-4.646315,40.529695],[-4.646689,40.529187],[-4.647799,40.528759],[-4.648697,40.528622],[-4.649922,40.527804],[-4.650531,40.527671],[-4.651867,40.527072],[-4.652865,40.526955],[-4.653364,40.526658],[-4.655424,40.526334],[-4.657296,40.526593],[-4.65908,40.527251],[-4.659657,40.527569],[-4.660265,40.527541],[-4.661044,40.527222],[-4.662588,40.527027],[-4.663077,40.525618],[-4.663923,40.524471],[-4.665211,40.523427],[-4.665664,40.522872],[-4.666228,40.522524],[-4.666258,40.52221],[-4.667187,40.521124],[-4.667524,40.52001],[-4.667563,40.519443],[-4.667987,40.51897],[-4.668899,40.518623],[-4.669961,40.518077],[-4.671118,40.517788],[-4.672176,40.517641],[-4.67284,40.517169],[-4.674054,40.517044],[-4.674925,40.517161],[-4.675625,40.517039],[-4.678008,40.516993],[-4.679072,40.517182],[-4.679704,40.517181],[-4.680451,40.516985],[-4.681563,40.516959],[-4.682656,40.517099],[-4.684082,40.516296],[-4.684667,40.516063],[-4.686019,40.515778],[-4.688338,40.515617],[-4.689765,40.51539],[-4.690264,40.515092],[-4.690934,40.514921],[-4.69142,40.514615],[-4.693478,40.513916],[-4.694463,40.513676],[-4.694634,40.512998],[-4.695219,40.51188],[-4.696425,40.510999],[-4.696898,40.510462],[-4.698049,40.509534],[-4.69849,40.509306],[-4.699575,40.509464],[-4.701345,40.509443],[-4.701728,40.50937],[-4.702086,40.508935],[-4.702353,40.507706],[-4.702303,40.506189],[-4.702134,40.505459],[-4.703268,40.504979],[-4.705068,40.504838],[-4.705403,40.50463],[-4.706282,40.503213],[-4.706425,40.502523],[-4.706812,40.502188],[-4.708307,40.501607],[-4.708793,40.501301],[-4.709828,40.501017],[-4.711742,40.500683],[-4.712732,40.499994],[-4.713024,40.499673],[-4.713054,40.49883],[-4.71291,40.498493],[-4.712285,40.497988],[-4.712228,40.497637],[-4.712507,40.497189],[-4.713201,40.496586],[-4.713483,40.496129],[-4.713687,40.495101],[-4.714883,40.494197],[-4.71576,40.494132],[-4.717766,40.494115],[-4.71876,40.494383],[-4.719382,40.494901],[-4.719528,40.495519],[-4.720755,40.496474],[-4.722359,40.496896],[-4.722589,40.497316],[-4.723551,40.497701],[-4.725028,40.498687],[-4.727405,40.4987],[-4.727998,40.498613],[-4.729066,40.498071],[-4.729676,40.497938],[-4.730325,40.49744],[-4.730541,40.496944],[-4.730958,40.496938],[-4.731944,40.49762],[-4.73377,40.49791],[-4.734881,40.497876],[-4.735323,40.497735],[-4.736538,40.497953],[-4.737899,40.4983],[-4.739492,40.498216],[-4.739979,40.497906],[-4.741163,40.497445],[-4.742582,40.497767],[-4.74521,40.497271],[-4.746424,40.496455],[-4.747304,40.495996],[-4.748872,40.495595],[-4.749612,40.495309],[-4.750114,40.495303],[-4.750912,40.494893],[-4.751689,40.494355],[-4.752506,40.494232],[-4.753311,40.493926],[-4.753867,40.492906],[-4.754565,40.492666],[-4.756663,40.492632],[-4.757555,40.492984],[-4.758258,40.493055],[-4.759693,40.492892],[-4.760668,40.493198],[-4.761353,40.493099],[-4.761816,40.49327],[-4.762551,40.493836],[-4.763154,40.494084],[-4.763897,40.494118],[-4.765044,40.494445],[-4.76565,40.494228],[-4.767361,40.492956],[-4.768126,40.492772],[-4.768661,40.492846],[-4.769441,40.492589],[-4.770528,40.491541],[-4.77146,40.490974],[-4.77252,40.490205],[-4.773157,40.489863],[-4.773959,40.489049],[-4.774763,40.488645],[-4.775457,40.488673],[-4.776425,40.487993],[-4.776835,40.487483],[-4.778093,40.486262],[-4.780684,40.485679],[-4.782188,40.484629],[-4.78279,40.484492],[-4.783379,40.48404],[-4.784122,40.482819],[-4.784758,40.482255],[-4.784874,40.48193],[-4.784937,40.480547],[-4.785602,40.480244],[-4.788865,40.480197],[-4.789462,40.480112],[-4.79034,40.479652],[-4.791519,40.478668],[-4.791686,40.477475],[-4.792217,40.477054],[-4.793385,40.476598],[-4.794119,40.476635],[-4.796153,40.476234],[-4.798069,40.475794],[-4.79955,40.475538],[-4.800663,40.475531],[-4.801787,40.475822],[-4.802474,40.476272],[-4.804288,40.47655],[-4.805028,40.476581],[-4.805556,40.476809],[-4.806392,40.4776],[-4.807303,40.478025],[-4.808254,40.478188],[-4.808763,40.478702],[-4.809686,40.479348],[-4.811243,40.480102],[-4.811762,40.480685],[-4.812682,40.481334],[-4.813559,40.4816],[-4.815155,40.481505],[-4.815721,40.481212],[-4.81671,40.481528],[-4.817712,40.481688],[-4.81849,40.481649],[-4.818813,40.482197],[-4.818853,40.483643],[-4.819327,40.48418],[-4.82055,40.4845],[-4.821636,40.485245],[-4.822414,40.4855],[-4.825898,40.485487],[-4.828246,40.485964],[-4.829032,40.486305],[-4.83113,40.48629],[-4.831814,40.486574],[-4.831996,40.487033],[-4.832793,40.48767],[-4.833104,40.488716],[-4.833272,40.490013],[-4.833885,40.490905],[-4.835086,40.49179],[-4.836078,40.492062],[-4.83786,40.491967],[-4.838633,40.491649],[-4.840125,40.4915],[-4.841339,40.490674],[-4.841949,40.490684],[-4.842739,40.490983],[-4.843909,40.491248],[-4.847484,40.491217],[-4.848356,40.491392],[-4.849609,40.491499],[-4.84986,40.491989],[-4.850912,40.492469],[-4.851734,40.492567],[-4.852249,40.493307],[-4.852813,40.493584],[-4.853828,40.49366],[-4.855011,40.494006],[-4.857202,40.494012],[-4.857857,40.494176],[-4.859073,40.494164],[-4.86003,40.49395],[-4.861232,40.494066],[-4.862674,40.493367],[-4.863526,40.492796],[-4.864449,40.492751],[-4.86613,40.492876],[-4.866955,40.492139],[-4.868336,40.492223],[-4.869996,40.492198],[-4.870598,40.492109],[-4.871357,40.491743],[-4.873168,40.491688],[-4.874104,40.491364],[-4.874598,40.490834],[-4.875198,40.490616],[-4.876393,40.49111],[-4.877242,40.490574],[-4.87826,40.490389],[-4.879589,40.489729],[-4.879884,40.489431],[-4.881771,40.489511],[-4.882916,40.489213],[-4.884269,40.48866],[-4.8856,40.488458],[-4.886315,40.487951],[-4.887293,40.487564],[-4.888312,40.486766],[-4.889007,40.486487],[-4.891604,40.486394],[-4.892577,40.485696],[-4.893563,40.484654],[-4.893971,40.484424],[-4.894777,40.484308],[-4.895634,40.483744],[-4.897195,40.483119],[-4.897673,40.4828],[-4.898579,40.482548],[-4.899834,40.483332],[-4.900597,40.483374],[-4.901919,40.483272],[-4.90297,40.482889],[-4.904574,40.482863],[-4.906333,40.483263],[-4.907719,40.483239],[-4.909306,40.482974],[-4.910916,40.48254],[-4.911923,40.482429],[-4.913276,40.481875],[-4.915217,40.48135],[-4.91664,40.481201],[-4.917987,40.480776],[-4.919702,40.479736],[-4.920538,40.47945],[-4.922753,40.479925],[-4.923263,40.480209],[-4.924956,40.480295],[-4.925929,40.480455],[-4.926883,40.480241],[-4.928585,40.480188],[-4.929448,40.479812],[-4.931311,40.479631],[-4.933056,40.479144],[-4.93355,40.478843],[-4.934813,40.478444],[-4.936042,40.477845],[-4.937364,40.477809],[-4.938127,40.477984],[-4.938931,40.477934],[-4.940274,40.477145],[-4.941249,40.476971],[-4.941662,40.476723],[-4.942532,40.476802],[-4.943813,40.476777],[-4.94453,40.476653],[-4.945123,40.476737],[-4.94584,40.476553],[-4.947177,40.476378],[-4.948183,40.476619],[-4.948998,40.476487],[-4.950484,40.476446],[-4.951555,40.476223],[-4.952453,40.476174],[-4.954681,40.475544],[-4.955412,40.475487],[-4.956163,40.475819],[-4.957002,40.475703],[-4.958036,40.475785],[-4.958598,40.475461],[-4.959174,40.475491],[-4.960415,40.476582],[-4.960614,40.476884],[-4.961877,40.477642],[-4.96214,40.47866],[-4.962443,40.47911],[-4.963324,40.479788],[-4.965552,40.480543],[-4.966144,40.480992],[-4.966628,40.481756],[-4.968435,40.483085],[-4.968856,40.48331],[-4.969668,40.483298],[-4.970327,40.482799],[-4.97048,40.482331],[-4.971677,40.481139],[-4.973521,40.480944],[-4.975456,40.480152],[-4.977448,40.479646],[-4.978384,40.480429],[-4.979306,40.480847],[-4.981196,40.481181],[-4.982445,40.481643],[-4.982931,40.482181],[-4.983576,40.482608],[-4.984285,40.482501],[-4.984603,40.481708],[-4.985213,40.48133],[-4.987084,40.480934],[-4.988424,40.480557],[-4.989433,40.480446],[-4.990525,40.48001],[-4.991089,40.479452],[-4.991644,40.479197],[-4.993619,40.478833],[-4.995416,40.477102],[-4.996291,40.476653],[-4.997298,40.476707],[-4.997836,40.476454],[-4.998069,40.475442],[-4.999141,40.474964],[-5.000061,40.47513],[-5.004815,40.475079],[-5.006084,40.475351],[-5.006657,40.475678],[-5.007453,40.475914],[-5.009043,40.475822],[-5.009905,40.475439],[-5.011225,40.475436],[-5.0125,40.475661],[-5.013337,40.47639],[-5.014729,40.476584],[-5.01607,40.477279],[-5.016899,40.477344],[-5.019703,40.477289],[-5.020296,40.477198],[-5.020705,40.476946],[-5.022158,40.477026],[-5.023233,40.476924],[-5.023727,40.476618],[-5.024725,40.476537],[-5.025885,40.476806],[-5.026459,40.477132],[-5.027254,40.477365],[-5.028459,40.47751],[-5.029483,40.477473],[-5.030829,40.476947],[-5.031821,40.47759],[-5.032205,40.47825],[-5.032253,40.480163],[-5.032017,40.480812],[-5.032281,40.481781],[-5.032475,40.483069],[-5.032906,40.483502],[-5.032897,40.483966],[-5.032501,40.484575],[-5.032341,40.485356],[-5.034712,40.485885],[-5.035618,40.486313],[-5.036829,40.487189],[-5.037221,40.487919],[-5.037289,40.489093],[-5.037639,40.489538],[-5.038713,40.490293],[-5.03904,40.490661],[-5.039209,40.49128],[-5.039913,40.49187],[-5.040731,40.49329],[-5.04147,40.493852],[-5.041912,40.494344],[-5.043004,40.495256],[-5.043256,40.495967],[-5.042822,40.496826],[-5.042838,40.497853],[-5.043346,40.498209],[-5.043927,40.497973],[-5.044695,40.497418],[-5.045938,40.496694],[-5.047034,40.496612],[-5.049484,40.496065],[-5.050071,40.495832],[-5.050671,40.495306],[-5.051259,40.493629],[-5.051338,40.492574],[-5.05171,40.492185],[-5.052054,40.491301],[-5.052161,40.490532],[-5.052742,40.489635],[-5.05329,40.489374],[-5.054448,40.489084],[-5.055457,40.488973],[-5.056808,40.488415],[-5.057869,40.488123],[-5.058679,40.488149],[-5.059278,40.488367],[-5.060368,40.489112],[-5.062161,40.489753],[-5.063153,40.489881],[-5.064251,40.490386],[-5.065831,40.490736],[-5.067003,40.491084],[-5.068605,40.491059],[-5.070002,40.490872],[-5.070138,40.490213],[-5.070409,40.489746],[-5.070997,40.489293],[-5.071599,40.489154],[-5.072843,40.488437],[-5.074315,40.487226],[-5.074615,40.48647],[-5.074613,40.485457],[-5.074243,40.484928],[-5.072871,40.483875],[-5.072891,40.482926],[-5.073424,40.482041],[-5.07413,40.481365],[-5.074527,40.479542],[-5.074839,40.478595],[-5.075453,40.478016],[-5.07568,40.477521],[-5.077222,40.477324],[-5.077809,40.477091],[-5.079138,40.476079],[-5.080888,40.475371],[-5.081846,40.475449],[-5.083053,40.475194],[-5.084621,40.474458],[-5.086085,40.47428],[-5.087332,40.473688],[-5.088883,40.473277],[-5.089439,40.472934],[-5.090219,40.472676],[-5.091228,40.472565],[-5.093346,40.471718],[-5.094064,40.471725],[-5.094483,40.471947],[-5.096128,40.473173],[-5.09766,40.473792],[-5.098633,40.473935],[-5.099212,40.474255],[-5.100007,40.474485],[-5.100749,40.474512],[-5.101545,40.47474],[-5.102123,40.475062],[-5.102802,40.47521],[-5.103379,40.475532],[-5.104173,40.475762],[-5.105561,40.475948],[-5.107263,40.476021],[-5.108052,40.476314],[-5.109196,40.476567],[-5.111267,40.476124],[-5.112003,40.476067],[-5.115482,40.475135],[-5.11638,40.475084],[-5.117466,40.474863],[-5.120398,40.474818],[-5.121271,40.474996],[-5.122975,40.475021],[-5.123606,40.475172],[-5.12462,40.474972],[-5.125517,40.474917],[-5.126382,40.474706],[-5.127769,40.474677],[-5.12964,40.475166],[-5.130142,40.475456],[-5.131332,40.475887],[-5.13252,40.475952],[-5.133298,40.476121],[-5.134607,40.476082],[-5.135511,40.475401],[-5.135731,40.474608],[-5.136094,40.474213],[-5.136274,40.473464],[-5.137102,40.471868],[-5.138101,40.470969],[-5.138117,40.468907],[-5.138466,40.468022],[-5.138837,40.467633],[-5.139198,40.465731],[-5.139521,40.464915],[-5.140242,40.464477],[-5.141075,40.463765],[-5.141264,40.463243],[-5.142336,40.461889],[-5.143191,40.461797],[-5.14416,40.462132],[-5.145655,40.461911],[-5.145991,40.461699],[-5.146554,40.461009],[-5.146678,40.460036],[-5.146986,40.459133],[-5.148135,40.458127],[-5.148539,40.457894],[-5.14974,40.457801],[-5.150497,40.457604],[-5.154717,40.457508],[-5.156197,40.457178],[-5.157255,40.456628],[-5.15864,40.456524],[-5.1596,40.456312],[-5.160495,40.456259],[-5.161357,40.456051],[-5.163441,40.455984],[-5.166347,40.455276],[-5.167462,40.455264],[-5.168244,40.455518],[-5.169907,40.456725],[-5.17052,40.456972],[-5.172021,40.456975],[-5.173218,40.45711],[-5.173784,40.456784],[-5.174755,40.456607],[-5.176094,40.456228],[-5.1771,40.456114],[-5.179068,40.455429],[-5.1797,40.455056],[-5.180208,40.455059],[-5.180533,40.455346],[-5.181724,40.455698],[-5.182717,40.456373],[-5.183024,40.45682],[-5.183822,40.458633],[-5.184465,40.459127],[-5.185151,40.459269],[-5.186259,40.459679],[-5.187302,40.460631],[-5.187745,40.461853],[-5.187987,40.462031],[-5.189243,40.462245],[-5.189728,40.462152],[-5.190386,40.461673],[-5.190935,40.461557],[-5.192696,40.461518],[-5.194337,40.461173],[-5.195374,40.459949],[-5.196372,40.459129],[-5.196622,40.458656],[-5.19646,40.458186],[-5.197638,40.45632],[-5.198802,40.454963],[-5.199472,40.454878],[-5.200655,40.455],[-5.20121,40.454745],[-5.201675,40.454201],[-5.203419,40.452831],[-5.204398,40.452444],[-5.205269,40.451978],[-5.206603,40.450959],[-5.207205,40.45074],[-5.208188,40.45116],[-5.209288,40.451899],[-5.209691,40.452038],[-5.210525,40.452762],[-5.211766,40.452757],[-5.212262,40.452449],[-5.214027,40.452059],[-5.214431,40.451825],[-5.215703,40.45077],[-5.216292,40.450498],[-5.217621,40.450474],[-5.218418,40.450709],[-5.218996,40.451031],[-5.219979,40.451166],[-5.221082,40.451666],[-5.222118,40.451834],[-5.223545,40.452777],[-5.225047,40.453101],[-5.225559,40.453382],[-5.226237,40.453531],[-5.226752,40.45381],[-5.227732,40.453947],[-5.228526,40.454234],[-5.230108,40.45435],[-5.230902,40.454645],[-5.231707,40.454673],[-5.233797,40.453771],[-5.235621,40.453713],[-5.235929,40.45351],[-5.235243,40.453005],[-5.234868,40.452474],[-5.234708,40.450883],[-5.233697,40.449847],[-5.233205,40.449087],[-5.231529,40.447893],[-5.231219,40.447593],[-5.230859,40.446774],[-5.230779,40.445391],[-5.230216,40.44439],[-5.230109,40.443888],[-5.22925,40.442758],[-5.229228,40.441957],[-5.22945,40.441404],[-5.229324,40.440374],[-5.228232,40.438337],[-5.228188,40.437487],[-5.228531,40.436587],[-5.228962,40.435858],[-5.229201,40.434894],[-5.228942,40.434091],[-5.228941,40.433411],[-5.22928,40.432518],[-5.229664,40.431916],[-5.23001,40.430966],[-5.229869,40.430444],[-5.229508,40.430112],[-5.229121,40.429317],[-5.228945,40.42802],[-5.228318,40.426907],[-5.2277,40.426018],[-5.226983,40.425439],[-5.226679,40.42499],[-5.226431,40.424265],[-5.225534,40.423924],[-5.225123,40.423607],[-5.224676,40.422146],[-5.224309,40.421429],[-5.223863,40.421059],[-5.224154,40.420233],[-5.224893,40.419182],[-5.224899,40.417955],[-5.225625,40.416912],[-5.225673,40.414856],[-5.226012,40.413448],[-5.226465,40.412783],[-5.226411,40.411987],[-5.225844,40.410609],[-5.225772,40.410045],[-5.225437,40.409447],[-5.225002,40.409156],[-5.224392,40.409039],[-5.223285,40.408312],[-5.222388,40.407878],[-5.221193,40.407453],[-5.21989,40.407114],[-5.219339,40.40671],[-5.219072,40.405924],[-5.218474,40.405249],[-5.217894,40.404792],[-5.21716,40.404457],[-5.216263,40.403792],[-5.216079,40.403334],[-5.214711,40.402499],[-5.21423,40.40173],[-5.212571,40.400205],[-5.21198,40.398919],[-5.211834,40.398365],[-5.211486,40.398126],[-5.210652,40.398086],[-5.209275,40.397628],[-5.20821,40.396865],[-5.207748,40.396696],[-5.206996,40.396822],[-5.206224,40.39666],[-5.205111,40.396667],[-5.203894,40.397099],[-5.203399,40.397047],[-5.202599,40.396297],[-5.202184,40.396077],[-5.201434,40.39604],[-5.197624,40.396154],[-5.197075,40.396328],[-5.196272,40.396306],[-5.195364,40.395783],[-5.194679,40.395685],[-5.194421,40.395441],[-5.194336,40.394884],[-5.194084,40.39464],[-5.193266,40.394635],[-5.192312,40.394858],[-5.191108,40.394925],[-5.190462,40.39511],[-5.186473,40.395212],[-5.185657,40.395129],[-5.18439,40.393982],[-5.183886,40.393088],[-5.181744,40.392266],[-5.181212,40.391552],[-5.180444,40.391678],[-5.179333,40.391717],[-5.178564,40.391543],[-5.176967,40.391571],[-5.176223,40.39177],[-5.174024,40.39208],[-5.173697,40.392242],[-5.172844,40.393497],[-5.172791,40.394865],[-5.171678,40.395073],[-5.169447,40.395596],[-5.167514,40.3964],[-5.166904,40.396431],[-5.166494,40.396213],[-5.164991,40.395103],[-5.164472,40.394366],[-5.162925,40.394222],[-5.161823,40.393709],[-5.160882,40.393749],[-5.160085,40.394286],[-5.159572,40.394322],[-5.158599,40.393775],[-5.157043,40.393406],[-5.156423,40.392887],[-5.155666,40.392848],[-5.153447,40.392915],[-5.152795,40.393101],[-5.150826,40.393249],[-5.149966,40.393629],[-5.148158,40.393648],[-5.147244,40.393486],[-5.146487,40.393743],[-5.145965,40.394066],[-5.144451,40.393582],[-5.143477,40.393384],[-5.142602,40.393851],[-5.142376,40.39435],[-5.14144,40.394548],[-5.14037,40.395088],[-5.138837,40.395291],[-5.138519,40.395582],[-5.137943,40.39574],[-5.137201,40.396307],[-5.136566,40.396538],[-5.135521,40.39619],[-5.134233,40.395973],[-5.131346,40.395982],[-5.129353,40.395319],[-5.127674,40.394128],[-5.126989,40.393984],[-5.126032,40.39335],[-5.125856,40.392796],[-5.126435,40.392642],[-5.127928,40.391521],[-5.128265,40.390892],[-5.128173,40.388043],[-5.128524,40.386897],[-5.129189,40.386063],[-5.129291,40.38508],[-5.1295,40.384574],[-5.129498,40.383568],[-5.129004,40.382908],[-5.128738,40.381736],[-5.127767,40.381361],[-5.126671,40.380626],[-5.125475,40.380201],[-5.124492,40.380067],[-5.123088,40.379347],[-5.121508,40.378999],[-5.120715,40.378705],[-5.119806,40.378663],[-5.118873,40.37904],[-5.117695,40.378602],[-5.117448,40.378105],[-5.116379,40.37708],[-5.1163,40.376523],[-5.115955,40.376072],[-5.115016,40.375441],[-5.114362,40.37512],[-5.114095,40.374103],[-5.113791,40.373655],[-5.112164,40.371961],[-5.111939,40.37145],[-5.11155,40.37107],[-5.111275,40.370058],[-5.110415,40.369261],[-5.109089,40.369201],[-5.108575,40.369345],[-5.10773,40.369157],[-5.107154,40.36883],[-5.106094,40.368577],[-5.104668,40.368551],[-5.103894,40.368225],[-5.102986,40.36832],[-5.102656,40.368136],[-5.102106,40.367342],[-5.101038,40.366399],[-5.100994,40.365773],[-5.101209,40.365279],[-5.101058,40.363909],[-5.101384,40.363515],[-5.10197,40.363362],[-5.102714,40.362582],[-5.104021,40.361604],[-5.103785,40.360932],[-5.103686,40.358969],[-5.103344,40.357981],[-5.102982,40.357411],[-5.10163,40.35642],[-5.101254,40.355806],[-5.101193,40.354028],[-5.101282,40.353398],[-5.101726,40.352808],[-5.101754,40.350968],[-5.102774,40.350005],[-5.102931,40.349542],[-5.103491,40.34885],[-5.104126,40.348284],[-5.104246,40.347952],[-5.1042,40.347019],[-5.103633,40.34618],[-5.103737,40.345408],[-5.104733,40.344527],[-5.105185,40.344625],[-5.107552,40.344335],[-5.108145,40.343445],[-5.108174,40.341844],[-5.108046,40.341584],[-5.107392,40.341415],[-5.106463,40.340771],[-5.106134,40.340228],[-5.106309,40.339532],[-5.106001,40.339],[-5.104014,40.337437],[-5.103343,40.336417],[-5.103229,40.336075],[-5.102623,40.335544],[-5.10197,40.335341],[-5.101127,40.33568],[-5.100124,40.3358],[-5.099386,40.335996],[-5.097215,40.336055],[-5.096621,40.335986],[-5.09611,40.3357],[-5.095108,40.335664],[-5.094477,40.335852],[-5.093909,40.33569],[-5.0938,40.334821],[-5.093225,40.333361],[-5.093105,40.331611],[-5.092863,40.331123],[-5.092855,40.329735],[-5.093694,40.328795],[-5.094194,40.328573],[-5.094492,40.32817],[-5.094746,40.327032],[-5.094737,40.325647],[-5.095068,40.325105],[-5.096511,40.323959],[-5.097218,40.323594],[-5.098386,40.322825],[-5.098825,40.321908],[-5.100358,40.320607],[-5.10055,40.320086],[-5.100919,40.319692],[-5.101169,40.318819],[-5.100872,40.318049],[-5.099966,40.316976],[-5.099294,40.317082],[-5.09807,40.317105],[-5.097287,40.31677],[-5.096609,40.316621],[-5.095232,40.31565],[-5.094504,40.315312],[-5.093576,40.314673],[-5.093103,40.31413],[-5.092438,40.313661],[-5.091222,40.313046],[-5.089854,40.313597],[-5.088911,40.313689],[-5.08729,40.313707],[-5.085689,40.313541],[-5.08599,40.312915],[-5.085607,40.312542],[-5.084923,40.310832],[-5.085664,40.310222],[-5.085612,40.309545],[-5.084722,40.308632],[-5.081236,40.306113],[-5.080931,40.305775],[-5.081232,40.305111],[-5.084243,40.30268],[-5.084944,40.301872],[-5.085833,40.301201],[-5.086227,40.301049],[-5.087067,40.300255],[-5.087851,40.299815],[-5.089418,40.29964],[-5.090753,40.299261],[-5.09176,40.29915],[-5.092344,40.298916],[-5.095944,40.296045],[-5.096642,40.295455],[-5.096822,40.295146],[-5.09805,40.294192],[-5.09871,40.294238],[-5.099403,40.294692],[-5.10074,40.294851],[-5.101928,40.295284],[-5.102432,40.295579],[-5.103622,40.295587],[-5.104567,40.294863],[-5.10506,40.294048],[-5.105577,40.293801],[-5.10695,40.293661],[-5.107645,40.293955],[-5.109452,40.293953],[-5.111789,40.294561],[-5.114565,40.294546],[-5.115322,40.294719],[-5.116794,40.294717],[-5.117497,40.294625],[-5.118368,40.294161],[-5.119833,40.29325],[-5.121136,40.292218],[-5.121717,40.291983],[-5.122986,40.292106],[-5.124787,40.292068],[-5.125641,40.291859],[-5.127132,40.291803],[-5.127961,40.291485],[-5.128267,40.291183],[-5.129091,40.2911],[-5.132148,40.291056],[-5.13268,40.290971],[-5.133148,40.290213],[-5.134541,40.28903],[-5.134937,40.288797],[-5.136137,40.288433],[-5.136725,40.287903],[-5.136628,40.287206],[-5.137137,40.286973],[-5.138709,40.286662],[-5.139499,40.28662],[-5.140675,40.286403],[-5.141534,40.286582],[-5.142454,40.286539],[-5.142855,40.286303],[-5.144286,40.285064],[-5.1447,40.283909],[-5.145256,40.282996],[-5.146694,40.281846],[-5.147086,40.281692],[-5.148079,40.280948],[-5.149292,40.280815],[-5.149996,40.280885],[-5.150504,40.281172],[-5.151777,40.281445],[-5.15323,40.281597],[-5.15443,40.281338],[-5.155011,40.281099],[-5.156189,40.280418],[-5.15778,40.279161],[-5.15934,40.27854],[-5.160932,40.277283],[-5.161639,40.276919],[-5.162483,40.276128],[-5.163096,40.275783],[-5.164815,40.2744],[-5.165349,40.273821],[-5.165962,40.273477],[-5.167555,40.272221],[-5.169296,40.271512],[-5.171279,40.271376],[-5.172634,40.27109],[-5.173182,40.27083],[-5.173652,40.269634],[-5.174079,40.26889],[-5.174465,40.267587],[-5.175059,40.266476],[-5.176397,40.266574],[-5.177882,40.266521],[-5.178433,40.266346],[-5.179537,40.266314],[-5.180296,40.266493],[-5.181218,40.26645],[-5.181883,40.265965],[-5.18216,40.265504],[-5.182188,40.264498],[-5.181925,40.263943],[-5.181837,40.261873],[-5.181953,40.261538],[-5.182485,40.261125],[-5.182862,40.261141],[-5.18339,40.261872],[-5.183938,40.262282],[-5.186816,40.26266],[-5.189193,40.264364],[-5.189949,40.265372],[-5.192053,40.266911],[-5.192471,40.267129],[-5.194265,40.26744],[-5.195451,40.267875],[-5.196026,40.268188],[-5.196997,40.268032],[-5.198519,40.267937],[-5.199277,40.267658],[-5.200853,40.266171],[-5.201752,40.265595],[-5.202113,40.265243],[-5.203185,40.264794],[-5.204728,40.2646],[-5.205214,40.263855],[-5.206158,40.263137],[-5.207049,40.262996],[-5.207826,40.262683],[-5.208693,40.262524],[-5.209089,40.262197],[-5.209958,40.26204],[-5.211199,40.26167],[-5.213974,40.261583],[-5.21441,40.261476],[-5.215197,40.260942],[-5.216285,40.260498],[-5.217242,40.260317],[-5.217737,40.260019],[-5.219019,40.259898],[-5.219811,40.25964],[-5.220915,40.258648],[-5.221822,40.258683],[-5.222219,40.258457],[-5.223657,40.257302],[-5.223942,40.256984],[-5.224013,40.255746],[-5.224137,40.255151],[-5.223434,40.254117],[-5.224901,40.253685],[-5.22611,40.252634],[-5.227112,40.252519],[-5.228083,40.252262],[-5.229313,40.251538],[-5.230355,40.250754],[-5.231258,40.250502],[-5.231906,40.250646],[-5.233125,40.250621],[-5.234272,40.250318],[-5.235618,40.249761],[-5.236948,40.249558],[-5.237428,40.249176],[-5.237903,40.24857],[-5.238785,40.247894],[-5.240338,40.247269],[-5.240821,40.246962],[-5.242255,40.246655],[-5.243251,40.246536],[-5.245277,40.245375],[-5.246123,40.244668],[-5.246333,40.244175],[-5.246704,40.244135],[-5.249037,40.24457],[-5.249583,40.245054],[-5.250167,40.24519],[-5.25147,40.246306],[-5.25169,40.246821],[-5.253026,40.247686],[-5.253534,40.249263],[-5.25441,40.250174],[-5.255033,40.250596],[-5.256014,40.250861],[-5.257719,40.25085],[-5.258288,40.25097],[-5.259307,40.250937],[-5.260729,40.250478],[-5.261434,40.249962],[-5.261883,40.249925],[-5.263107,40.250556],[-5.264556,40.251557],[-5.265743,40.2518],[-5.266379,40.251781],[-5.267451,40.251505],[-5.267806,40.25124],[-5.267977,40.250486],[-5.268489,40.249404],[-5.269085,40.248877],[-5.270235,40.248353],[-5.272322,40.248291],[-5.272669,40.248193],[-5.272887,40.247693],[-5.273837,40.247067],[-5.27517,40.246061],[-5.276197,40.245638],[-5.276842,40.244936],[-5.277562,40.244426],[-5.279026,40.244037],[-5.279799,40.243722],[-5.280691,40.243581],[-5.281311,40.243139],[-5.281786,40.242534],[-5.282839,40.241804],[-5.283336,40.241151],[-5.283924,40.241145],[-5.284526,40.241361],[-5.285125,40.24181],[-5.285657,40.242541],[-5.286008,40.242619],[-5.287225,40.242581],[-5.28794,40.242389],[-5.28896,40.242547],[-5.289813,40.242382],[-5.291607,40.242726],[-5.292787,40.242494],[-5.293937,40.242556],[-5.294776,40.24327],[-5.295721,40.243587],[-5.296244,40.244167],[-5.297314,40.244926],[-5.297658,40.245361],[-5.297492,40.246251],[-5.298215,40.246733],[-5.299144,40.247837],[-5.299292,40.248607],[-5.299877,40.250055],[-5.299901,40.250853],[-5.299675,40.251419],[-5.299709,40.252426],[-5.299953,40.25291],[-5.299982,40.253854],[-5.299784,40.254329],[-5.300211,40.25576],[-5.301181,40.256134],[-5.302226,40.256832],[-5.303292,40.256938],[-5.303895,40.257181],[-5.30505,40.25796],[-5.305667,40.25802],[-5.307002,40.258322],[-5.307464,40.258283],[-5.308811,40.258761],[-5.310321,40.259076],[-5.311335,40.259818],[-5.311508,40.260286],[-5.312126,40.260943],[-5.312783,40.261107],[-5.313295,40.261618],[-5.314222,40.262258],[-5.314624,40.262396],[-5.315671,40.263106],[-5.316332,40.263148],[-5.318027,40.261873],[-5.319189,40.261401],[-5.320462,40.261229],[-5.321232,40.260911],[-5.322231,40.260793],[-5.322972,40.260595],[-5.324826,40.260542],[-5.326027,40.260726],[-5.327202,40.260578],[-5.327982,40.26091],[-5.329831,40.26083],[-5.330405,40.260712],[-5.332599,40.261052],[-5.333495,40.261048],[-5.334872,40.261311],[-5.33566,40.261601],[-5.337117,40.261853],[-5.339003,40.261673],[-5.340193,40.262102],[-5.341584,40.263061],[-5.34218,40.263274],[-5.346023,40.264149],[-5.34773,40.264389],[-5.348982,40.264767],[-5.351167,40.264719],[-5.351911,40.264518],[-5.353707,40.26445],[-5.354547,40.264244],[-5.355547,40.264127],[-5.356891,40.263567],[-5.358662,40.263186],[-5.359606,40.262468],[-5.360327,40.261676],[-5.361298,40.261138],[-5.361633,40.260788],[-5.362074,40.259874],[-5.363584,40.259216],[-5.364065,40.258468],[-5.365271,40.257663],[-5.365518,40.256818],[-5.366051,40.256401],[-5.366651,40.256261],[-5.367492,40.255688],[-5.368323,40.255399],[-5.369656,40.255646],[-5.370846,40.256076],[-5.371721,40.256613],[-5.373225,40.256932],[-5.374017,40.257225],[-5.374822,40.257252],[-5.377024,40.256255],[-5.378924,40.255178],[-5.380527,40.255114],[-5.380859,40.255019],[-5.381936,40.254247],[-5.382984,40.254052],[-5.383711,40.254082],[-5.384486,40.253649],[-5.385013,40.253065],[-5.385892,40.252387],[-5.387633,40.251677],[-5.389659,40.251128],[-5.391254,40.251098],[-5.392019,40.251271],[-5.393712,40.251224],[-5.394261,40.251048],[-5.395277,40.250989],[-5.396243,40.251045],[-5.397622,40.251552],[-5.399193,40.25167],[-5.399703,40.251952],[-5.400975,40.252219],[-5.401874,40.252233],[-5.402643,40.252398],[-5.403926,40.252471],[-5.404436,40.252753],[-5.406084,40.253222],[-5.408582,40.253202],[-5.40902,40.253289],[-5.409568,40.253694],[-5.410619,40.255012],[-5.410964,40.255163],[-5.411658,40.255098],[-5.412432,40.254769],[-5.413717,40.254642],[-5.41437,40.254455],[-5.415173,40.254477],[-5.417426,40.255022],[-5.419125,40.255038],[-5.41978,40.255199],[-5.421371,40.255115],[-5.423713,40.254182],[-5.424725,40.253381],[-5.426049,40.252862],[-5.42793,40.252281],[-5.428462,40.25105],[-5.42987,40.249879],[-5.43048,40.249533],[-5.430794,40.249162],[-5.432607,40.248139],[-5.434872,40.246274],[-5.435145,40.245815],[-5.435309,40.244838],[-5.435673,40.244445],[-5.43577,40.243463],[-5.436243,40.24175],[-5.436211,40.240087],[-5.436093,40.239636],[-5.435685,40.239271],[-5.435271,40.238496],[-5.435259,40.237305],[-5.435552,40.236549],[-5.43584,40.236237],[-5.43784,40.23462],[-5.438233,40.234384],[-5.440875,40.233533],[-5.441712,40.232962],[-5.442797,40.232517],[-5.443475,40.232351],[-5.44464,40.231881],[-5.445209,40.231417],[-5.445659,40.230647],[-5.447628,40.229008],[-5.448019,40.228771],[-5.450267,40.228249],[-5.451603,40.228092],[-5.452318,40.227588],[-5.452892,40.227429],[-5.453746,40.226871],[-5.454892,40.226573],[-5.455626,40.226515],[-5.456959,40.226133],[-5.457925,40.225957],[-5.458419,40.225657],[-5.459384,40.225481],[-5.460152,40.225162],[-5.461298,40.224863],[-5.462355,40.224714],[-5.463285,40.223781],[-5.464037,40.223295],[-5.464191,40.222832],[-5.464847,40.222211],[-5.465334,40.221469],[-5.4668,40.221071],[-5.467437,40.220365],[-5.467496,40.2193],[-5.467762,40.218004],[-5.46799,40.217352],[-5.467941,40.216424],[-5.467659,40.215585],[-5.46799,40.214412],[-5.468364,40.213806],[-5.468462,40.213035],[-5.468674,40.212464],[-5.468772,40.211692],[-5.469143,40.211084],[-5.469339,40.210053],[-5.46979,40.209686],[-5.471142,40.209692],[-5.471626,40.209382],[-5.472781,40.208897],[-5.473786,40.208828],[-5.474578,40.208958],[-5.47501,40.208821],[-5.476525,40.208722],[-5.478069,40.208218],[-5.479298,40.207493],[-5.48064,40.206582],[-5.481555,40.205762],[-5.482624,40.20549],[-5.483679,40.205339],[-5.48476,40.204574],[-5.485612,40.204404],[-5.486393,40.203656],[-5.487949,40.203031],[-5.488543,40.202585],[-5.48907,40.202004],[-5.489681,40.201658],[-5.491235,40.200375],[-5.491829,40.200104],[-5.493531,40.200024],[-5.495375,40.199514],[-5.496579,40.198675],[-5.496934,40.19864],[-5.497524,40.198963],[-5.498013,40.200109],[-5.498621,40.201152],[-5.499541,40.201651],[-5.501006,40.201899],[-5.501904,40.201912],[-5.50395,40.202291],[-5.50527,40.202265],[-5.505593,40.202168],[-5.506664,40.201389],[-5.507374,40.201357],[-5.508131,40.201527],[-5.508763,40.201506],[-5.509818,40.201293],[-5.510585,40.201459],[-5.511433,40.201366],[-5.512224,40.20083],[-5.512821,40.200687],[-5.513402,40.200232],[-5.513848,40.199241],[-5.514436,40.1985],[-5.515058,40.19806],[-5.515859,40.197939],[-5.516654,40.197406],[-5.517188,40.197291],[-5.518782,40.197247],[-5.519739,40.19694],[-5.520485,40.196385],[-5.521064,40.196148],[-5.522559,40.196039],[-5.522987,40.195935],[-5.52368,40.195196],[-5.524945,40.194054],[-5.524999,40.192824],[-5.525222,40.192721],[-5.525893,40.193154],[-5.527244,40.193538],[-5.528631,40.194267],[-5.529226,40.194479],[-5.530813,40.194813],[-5.531605,40.195097],[-5.532585,40.195229],[-5.533491,40.195653],[-5.53458,40.196393],[-5.535462,40.196655],[-5.53657,40.196614],[-5.537224,40.196425],[-5.538505,40.196299],[-5.539272,40.195973],[-5.540757,40.195914],[-5.541404,40.196336],[-5.54189,40.196869],[-5.542847,40.197332],[-5.544535,40.197334],[-5.545221,40.197185],[-5.545879,40.197319],[-5.547377,40.197319],[-5.547721,40.197765],[-5.547522,40.198242],[-5.547633,40.198615],[-5.54825,40.199122],[-5.54884,40.200113],[-5.550014,40.200551],[-5.550629,40.20066],[-5.551809,40.201414],[-5.553133,40.202038],[-5.554159,40.201509],[-5.554836,40.201339],[-5.555327,40.201035],[-5.556769,40.20054],[-5.557217,40.200676],[-5.557353,40.201215],[-5.557981,40.201731],[-5.558983,40.202077],[-5.559727,40.20256],[-5.560785,40.202622],[-5.56152,40.202413],[-5.562531,40.202436],[-5.563103,40.20267],[-5.563632,40.203402],[-5.564643,40.204204],[-5.565094,40.204688],[-5.56555,40.204858],[-5.566748,40.205741],[-5.567006,40.206226],[-5.567943,40.206393],[-5.568463,40.206666],[-5.569444,40.206797],[-5.570044,40.207005],[-5.571136,40.207742],[-5.572133,40.208091],[-5.572636,40.208378],[-5.574207,40.208725],[-5.574716,40.209007],[-5.575992,40.209269],[-5.576894,40.209278],[-5.577777,40.209535],[-5.578672,40.209967],[-5.579867,40.210945],[-5.580731,40.211077],[-5.581017,40.211386],[-5.582467,40.212218],[-5.583371,40.212643],[-5.58487,40.212962],[-5.585829,40.213516],[-5.587621,40.213828],[-5.588853,40.214451],[-5.590307,40.215444],[-5.591716,40.215836],[-5.592695,40.215968],[-5.594098,40.216684],[-5.595865,40.216733],[-5.59673,40.216907],[-5.598046,40.21688],[-5.599476,40.21656],[-5.599956,40.216251],[-5.601107,40.21577],[-5.602153,40.215478],[-5.603466,40.215429],[-5.605923,40.215894],[-5.606787,40.216167],[-5.608628,40.215554],[-5.609936,40.215542],[-5.6104,40.215802],[-5.610826,40.216309],[-5.611428,40.216747],[-5.61216,40.21708],[-5.613184,40.218026],[-5.614459,40.218372],[-5.614836,40.218616],[-5.615463,40.220509],[-5.615333,40.220843],[-5.615396,40.221546],[-5.616453,40.222406],[-5.61694,40.223316],[-5.617249,40.223618],[-5.618199,40.224149],[-5.618294,40.224471],[-5.617775,40.225113],[-5.61678,40.226003],[-5.615045,40.227959],[-5.614912,40.228591],[-5.614487,40.229159],[-5.614454,40.230284],[-5.614218,40.231338],[-5.613741,40.232508],[-5.613813,40.234351],[-5.614049,40.234832],[-5.614167,40.235693],[-5.61447,40.235881],[-5.616063,40.236182],[-5.616323,40.236667],[-5.617357,40.237537],[-5.617843,40.238447],[-5.618886,40.239224],[-5.619616,40.239945],[-5.620638,40.240506],[-5.620775,40.240829],[-5.620872,40.242446],[-5.621134,40.243007],[-5.621239,40.245116],[-5.621357,40.245568],[-5.621749,40.245946],[-5.622011,40.246661],[-5.622886,40.24711],[-5.623868,40.24724],[-5.624663,40.247523],[-5.626028,40.247763],[-5.627134,40.247747],[-5.627977,40.24753],[-5.629257,40.247683],[-5.631438,40.247676],[-5.633089,40.248051],[-5.635969,40.24803],[-5.637143,40.248282],[-5.638511,40.248841],[-5.640699,40.248826],[-5.641452,40.248991],[-5.643561,40.249204],[-5.64562,40.249594],[-5.647686,40.249556],[-5.649472,40.250005],[-5.650764,40.250899],[-5.651367,40.251569],[-5.651592,40.252082],[-5.652196,40.252751],[-5.653214,40.253548],[-5.653694,40.254087],[-5.654626,40.254721],[-5.655029,40.254858],[-5.656127,40.255589],[-5.65749,40.256047],[-5.657939,40.256117],[-5.659605,40.257213],[-5.65969,40.259044],[-5.659057,40.260244],[-5.658103,40.261087],[-5.657828,40.261546],[-5.657564,40.262886],[-5.657835,40.263948],[-5.657945,40.266657],[-5.657868,40.267477],[-5.657497,40.267868],[-5.657407,40.268406],[-5.657588,40.269333],[-5.658262,40.269871],[-5.658867,40.27054],[-5.659089,40.271056],[-5.659635,40.271463],[-5.660702,40.271566],[-5.661042,40.271711],[-5.661794,40.272947],[-5.662459,40.273499],[-5.66312,40.273814],[-5.664222,40.274542],[-5.665369,40.275157],[-5.666434,40.275261],[-5.667522,40.275486],[-5.667931,40.275705],[-5.670044,40.277236],[-5.670523,40.277775],[-5.671424,40.278435],[-5.672025,40.278643],[-5.673316,40.278754],[-5.673916,40.278962],[-5.675311,40.279917],[-5.676313,40.280263],[-5.677213,40.280692],[-5.67832,40.281416],[-5.679004,40.281557],[-5.680221,40.282424],[-5.680422,40.282725],[-5.68158,40.283564],[-5.682682,40.28375],[-5.683228,40.284158],[-5.683412,40.284618],[-5.684178,40.285242],[-5.690534,40.289824],[-5.691257,40.29032],[-5.692355,40.29051],[-5.693402,40.291215],[-5.694406,40.291413],[-5.694977,40.291177],[-5.695812,40.290597],[-5.697212,40.290239],[-5.698048,40.289666],[-5.69949,40.288959],[-5.70141,40.289566],[-5.703062,40.290777],[-5.703471,40.290995],[-5.70498,40.291306],[-5.707256,40.292009],[-5.708442,40.29207],[-5.709467,40.292227],[-5.710507,40.292008],[-5.71447,40.291905],[-5.715219,40.291939],[-5.717094,40.29316],[-5.71781,40.293163],[-5.718968,40.292894],[-5.719438,40.292537],[-5.7206,40.292144],[-5.721068,40.291825],[-5.721929,40.291521],[-5.723042,40.291507],[-5.724112,40.291758],[-5.724922,40.292168],[-5.725588,40.292741],[-5.726109,40.292921],[-5.727296,40.292977],[-5.728173,40.293148],[-5.729768,40.293112],[-5.730936,40.292857],[-5.732556,40.292398],[-5.733842,40.292427],[-5.73525,40.293144],[-5.736227,40.293279],[-5.737469,40.293848],[-5.737032,40.294733],[-5.737092,40.295394],[-5.736505,40.295725],[-5.735642,40.296419],[-5.735206,40.296979],[-5.733966,40.298053],[-5.733243,40.29928],[-5.731431,40.300816],[-5.730982,40.301585],[-5.729423,40.30295],[-5.729115,40.303785],[-5.72925,40.304529],[-5.730274,40.305101],[-5.73058,40.305402],[-5.730512,40.306216],[-5.730905,40.307692],[-5.730728,40.308431],[-5.730135,40.309713],[-5.729055,40.310829],[-5.728341,40.31135],[-5.727455,40.311716],[-5.726857,40.312242],[-5.726203,40.31431],[-5.725927,40.314767],[-5.724943,40.315589],[-5.723852,40.31677],[-5.723571,40.317304],[-5.722403,40.317693],[-5.721001,40.318732],[-5.719883,40.319069],[-5.718145,40.319784],[-5.717764,40.320116],[-5.717614,40.320581],[-5.716689,40.321533],[-5.715323,40.322341],[-5.714683,40.323279],[-5.714595,40.324056],[-5.714301,40.324664],[-5.713884,40.325107],[-5.71347,40.326256],[-5.71248,40.326937],[-5.712042,40.327495],[-5.710879,40.328406],[-5.708769,40.32929],[-5.708294,40.330041],[-5.707141,40.33074],[-5.705375,40.33113],[-5.704436,40.331853],[-5.704215,40.332203],[-5.702811,40.333086],[-5.70213,40.333333],[-5.701382,40.334753],[-5.701059,40.334966],[-5.699109,40.335492],[-5.696922,40.33554],[-5.696162,40.335371],[-5.693631,40.335403],[-5.692889,40.335472],[-5.692491,40.335709],[-5.69094,40.336996],[-5.690235,40.337363],[-5.689066,40.338351],[-5.689018,40.339218],[-5.688449,40.340802],[-5.687311,40.342032],[-5.68666,40.342583],[-5.686294,40.344222],[-5.68652,40.350093],[-5.686657,40.350807],[-5.687056,40.351179],[-5.687176,40.351621],[-5.687256,40.353444],[-5.687397,40.353767],[-5.688071,40.354303],[-5.688704,40.355187],[-5.688797,40.355957],[-5.688572,40.356615],[-5.68884,40.357407],[-5.6886,40.358677],[-5.688381,40.359235],[-5.688388,40.35972],[-5.688802,40.360674],[-5.689538,40.361326],[-5.689738,40.361773],[-5.690778,40.36325],[-5.690959,40.363863],[-5.691414,40.364219],[-5.691611,40.364803],[-5.692558,40.365438],[-5.692641,40.366179],[-5.692198,40.36679],[-5.692413,40.372104],[-5.692345,40.372755],[-5.692068,40.373211],[-5.691076,40.374027],[-5.690775,40.374407],[-5.690706,40.374913],[-5.690389,40.375499],[-5.689567,40.376438],[-5.688673,40.377105],[-5.68771,40.377506],[-5.687385,40.378401],[-5.687322,40.379114],[-5.685444,40.379806],[-5.684301,40.380734],[-5.683785,40.381383],[-5.683608,40.38264],[-5.683241,40.383119],[-5.682035,40.383922],[-5.681729,40.38451],[-5.682077,40.384943],[-5.683476,40.385994],[-5.683824,40.386735],[-5.683965,40.389092],[-5.684541,40.390319],[-5.684653,40.39082],[-5.684984,40.391184],[-5.687279,40.392803],[-5.687589,40.393108],[-5.687682,40.393776],[-5.687816,40.396733],[-5.688097,40.397387],[-5.688214,40.399429],[-5.688613,40.400312],[-5.689351,40.401112],[-5.689689,40.4018],[-5.689498,40.402467],[-5.689576,40.404133],[-5.689969,40.404785],[-5.690697,40.405357],[-5.691092,40.406009],[-5.691033,40.406779],[-5.690674,40.407229],[-5.690961,40.407685],[-5.69169,40.408262],[-5.69226,40.408885],[-5.692511,40.410065],[-5.693554,40.410698],[-5.694072,40.411439],[-5.694741,40.411979],[-5.695072,40.413259],[-5.695439,40.413581],[-5.69584,40.414238],[-5.69586,40.415091],[-5.695531,40.415691],[-5.693682,40.417204],[-5.693147,40.417912],[-5.69297,40.418442],[-5.692592,40.41883],[-5.692056,40.419755],[-5.69276,40.419881],[-5.69382,40.419863],[-5.695409,40.420108],[-5.696034,40.42039],[-5.69689,40.421083],[-5.698337,40.421369],[-5.698705,40.421669],[-5.698162,40.422606],[-5.697504,40.423317],[-5.696313,40.424121],[-5.696032,40.424444],[-5.69592,40.425063],[-5.69516,40.425948],[-5.695196,40.426746],[-5.695444,40.427227],[-5.695522,40.427986],[-5.695621,40.43073],[-5.695756,40.43144],[-5.696155,40.431813],[-5.696649,40.433101],[-5.696981,40.433465],[-5.698363,40.434433],[-5.698694,40.434797],[-5.698872,40.435413],[-5.699351,40.435993],[-5.69944,40.437375],[-5.699539,40.437659],[-5.700572,40.438679],[-5.700969,40.439338],[-5.700984,40.440189],[-5.700718,40.441113],[-5.700118,40.442153],[-5.698625,40.443647],[-5.698633,40.44419],[-5.700151,40.444734],[-5.700565,40.445044],[-5.700934,40.445863],[-5.700876,40.446632],[-5.700521,40.447079],[-5.700996,40.447881],[-5.70113,40.448823],[-5.702082,40.449532],[-5.702778,40.449669],[-5.703387,40.450098],[-5.703362,40.450446],[-5.702728,40.451016],[-5.702309,40.451948],[-5.701925,40.452278],[-5.700803,40.452827],[-5.700417,40.453159],[-5.699902,40.45401],[-5.699917,40.454311],[-5.700402,40.454876],[-5.700443,40.455679],[-5.700104,40.456343],[-5.698408,40.457748],[-5.697151,40.458375],[-5.696651,40.459836],[-5.696035,40.460414],[-5.695848,40.460935],[-5.695188,40.461553],[-5.694735,40.46232],[-5.693874,40.463012],[-5.692945,40.463584],[-5.692833,40.463919],[-5.692888,40.465504],[-5.692653,40.466418],[-5.692639,40.467107],[-5.691997,40.46822],[-5.690238,40.4684],[-5.689395,40.468972],[-5.688168,40.469489],[-5.687129,40.469803],[-5.685805,40.470326],[-5.684673,40.47113],[-5.683869,40.471251],[-5.682672,40.472309],[-5.68089,40.472695],[-5.679536,40.473079],[-5.678276,40.473229],[-5.678308,40.473762],[-5.678764,40.474302],[-5.678862,40.475683],[-5.679362,40.476337],[-5.679502,40.477139],[-5.679593,40.478896],[-5.679843,40.47939],[-5.679893,40.480233],[-5.67967,40.480812],[-5.679716,40.482711],[-5.679602,40.483144],[-5.679229,40.483408],[-5.679202,40.483945],[-5.681423,40.483859],[-5.682331,40.483914],[-5.682634,40.484133],[-5.683073,40.485496],[-5.683197,40.487857],[-5.683656,40.489192],[-5.684578,40.489895],[-5.684583,40.490082],[-5.683198,40.490961],[-5.682322,40.491426],[-5.68135,40.491601],[-5.679373,40.492279],[-5.67896,40.492759],[-5.67883,40.493579],[-5.678077,40.494422],[-5.677392,40.494804],[-5.676866,40.495592],[-5.676612,40.495672],[-5.675004,40.495741],[-5.674479,40.49599],[-5.673724,40.496831],[-5.673316,40.497063],[-5.672463,40.497237],[-5.672248,40.497738],[-5.671262,40.499249],[-5.671231,40.499815],[-5.670815,40.500293],[-5.669907,40.500646],[-5.668606,40.501687],[-5.667969,40.50192],[-5.667101,40.501613],[-5.665943,40.501357],[-5.665262,40.5016],[-5.66466,40.502345],[-5.664577,40.502815],[-5.664716,40.50354],[-5.665122,40.503917],[-5.665233,40.504675],[-5.665004,40.505339],[-5.664992,40.505944],[-5.664505,40.50721],[-5.664518,40.508416],[-5.664686,40.509239],[-5.664188,40.509866],[-5.662938,40.510939],[-5.662489,40.51171],[-5.661916,40.512173],[-5.660731,40.512557],[-5.66058,40.513102],[-5.661117,40.514357],[-5.661239,40.514992],[-5.661305,40.516766],[-5.661184,40.517183],[-5.660562,40.517757],[-5.660436,40.518382],[-5.659849,40.519805],[-5.659577,40.520136],[-5.661133,40.520561],[-5.662555,40.520584],[-5.663239,40.520951],[-5.664033,40.52105],[-5.665236,40.521468],[-5.666471,40.522325],[-5.666998,40.522904],[-5.667945,40.52322],[-5.668702,40.523689],[-5.669944,40.523782],[-5.671821,40.524024],[-5.672982,40.524632],[-5.67333,40.52498],[-5.674406,40.525233],[-5.675381,40.525129],[-5.6759,40.524402],[-5.677035,40.523898],[-5.677831,40.523833],[-5.679096,40.524157],[-5.679509,40.524145],[-5.680451,40.523774],[-5.681765,40.523758],[-5.682418,40.524178],[-5.68294,40.524762],[-5.684314,40.525738],[-5.685738,40.527138],[-5.686717,40.527506],[-5.687603,40.528035],[-5.688822,40.528353],[-5.690008,40.529108],[-5.691799,40.529191],[-5.692381,40.529508],[-5.693594,40.529825],[-5.694506,40.530246],[-5.695137,40.530664],[-5.695616,40.531204],[-5.696495,40.531885],[-5.697113,40.532128],[-5.698923,40.532146],[-5.699787,40.532699],[-5.703757,40.535529],[-5.704431,40.535753],[-5.705073,40.535519],[-5.70589,40.534785],[-5.706099,40.534279],[-5.708394,40.533304],[-5.709286,40.533158],[-5.710146,40.532595],[-5.710743,40.53245],[-5.711154,40.532138],[-5.712225,40.530809],[-5.712347,40.530181],[-5.712964,40.529165],[-5.713602,40.529211],[-5.715391,40.528866],[-5.715965,40.529174],[-5.715904,40.529553],[-5.716515,40.530042],[-5.717525,40.530387],[-5.718024,40.53068],[-5.719221,40.531103],[-5.720234,40.531174],[-5.722371,40.53152],[-5.72458,40.531493],[-5.725541,40.53155],[-5.726121,40.531869],[-5.727332,40.532188],[-5.727851,40.532465],[-5.729083,40.532805],[-5.728977,40.533488],[-5.729057,40.535313],[-5.729274,40.535794],[-5.729109,40.537084],[-5.729294,40.537746],[-5.7293,40.538346],[-5.729778,40.538684],[-5.730476,40.538627],[-5.730881,40.538827],[-5.733153,40.540475],[-5.734394,40.541095],[-5.735371,40.541231],[-5.735892,40.541506],[-5.736576,40.541647],[-5.737191,40.542079],[-5.737968,40.542845],[-5.738437,40.543007],[-5.739205,40.542912],[-5.740226,40.543564],[-5.740747,40.544149],[-5.741404,40.544561],[-5.742314,40.544658],[-5.742885,40.544892],[-5.743431,40.545844],[-5.744355,40.546489],[-5.74504,40.54663],[-5.745597,40.547345],[-5.746185,40.547561],[-5.746866,40.547561],[-5.747311,40.548191],[-5.748566,40.548647],[-5.750161,40.548979],[-5.751345,40.550422],[-5.752215,40.550727],[-5.752321,40.551459],[-5.750165,40.552333],[-5.749338,40.553051],[-5.749161,40.553361],[-5.746758,40.555352],[-5.746421,40.55611],[-5.746473,40.557042],[-5.747073,40.558274],[-5.747172,40.560152],[-5.747081,40.561353],[-5.748529,40.562158],[-5.749445,40.562577],[-5.750131,40.562718],[-5.751056,40.563826],[-5.751285,40.564338],[-5.752643,40.565653],[-5.752869,40.566306],[-5.753216,40.566489],[-5.753869,40.567354],[-5.754097,40.568331],[-5.754826,40.569134],[-5.755319,40.570041],[-5.756709,40.571092],[-5.757061,40.57154],[-5.757138,40.572103],[-5.75749,40.57255],[-5.758535,40.573329],[-5.758761,40.573844],[-5.760039,40.574736],[-5.760932,40.574558],[-5.76244,40.574573],[-5.762965,40.574753],[-5.764598,40.576166],[-5.765101,40.577297],[-5.765604,40.578098],[-5.765718,40.5794],[-5.766391,40.580812],[-5.766703,40.581112],[-5.76809,40.582078],[-5.768445,40.582523],[-5.768768,40.583568],[-5.768852,40.584813],[-5.768521,40.585348],[-5.767817,40.585937],[-5.767002,40.586816],[-5.766883,40.587225],[-5.76701,40.587827],[-5.767416,40.588202],[-5.767539,40.588652],[-5.767598,40.590066],[-5.768054,40.591407],[-5.768453,40.59178],[-5.768591,40.592505],[-5.768699,40.595912],[-5.768476,40.596497],[-5.768546,40.597793],[-5.768837,40.598626],[-5.769155,40.606326],[-5.769105,40.606637],[-5.768359,40.60723],[-5.768332,40.608542],[-5.766171,40.610301],[-5.765987,40.610824],[-5.765038,40.611673],[-5.764586,40.612441],[-5.76334,40.613515],[-5.762889,40.614284],[-5.761743,40.61521],[-5.761348,40.615364],[-5.759386,40.617322],[-5.757093,40.617427],[-5.756121,40.617736],[-5.755123,40.618484],[-5.754119,40.618761],[-5.754376,40.619373],[-5.756051,40.620676],[-5.756278,40.62119],[-5.757636,40.622267],[-5.758016,40.623156],[-5.758104,40.624324],[-5.758725,40.625933],[-5.758817,40.626853],[-5.759063,40.627341],[-5.759149,40.629166],[-5.758935,40.629749],[-5.758907,40.631127],[-5.758699,40.631698],[-5.758687,40.632345],[-5.75825,40.633015],[-5.758123,40.633638],[-5.757863,40.633975],[-5.756795,40.634676],[-5.756642,40.635139],[-5.755832,40.636219],[-5.755365,40.636664],[-5.755362,40.637596],[-5.754937,40.638155],[-5.754023,40.638505],[-5.753423,40.639031],[-5.752867,40.640239],[-5.752743,40.640864],[-5.752369,40.641252],[-5.751811,40.642163],[-5.75138,40.643383],[-5.751105,40.643841],[-5.750264,40.64455],[-5.749545,40.644991],[-5.749218,40.645975],[-5.749242,40.647277],[-5.748542,40.648328],[-5.749268,40.648821],[-5.749325,40.649896],[-5.748767,40.650392],[-5.747731,40.650598],[-5.747271,40.651279],[-5.746852,40.651585],[-5.746418,40.652279],[-5.745797,40.652854],[-5.745585,40.653648],[-5.745216,40.653908],[-5.744264,40.654159],[-5.743762,40.654964],[-5.743606,40.655944],[-5.743244,40.65634],[-5.743055,40.65686],[-5.741496,40.658231],[-5.741199,40.65931],[-5.741479,40.659956],[-5.741563,40.662099],[-5.741384,40.662667],[-5.741723,40.663206],[-5.742736,40.663879],[-5.744286,40.664083],[-5.744983,40.663896],[-5.745752,40.664123],[-5.746834,40.664879],[-5.74724,40.665015],[-5.748155,40.665668],[-5.748623,40.666358],[-5.750326,40.667482],[-5.750517,40.667937],[-5.751228,40.668524],[-5.751737,40.669418],[-5.752485,40.669829],[-5.754158,40.67103],[-5.75515,40.671543],[-5.755373,40.671812],[-5.757052,40.672723],[-5.757637,40.673556],[-5.757812,40.674175],[-5.75867,40.675458],[-5.758743,40.676217],[-5.758854,40.678948],[-5.758998,40.679272],[-5.760164,40.679877],[-5.762433,40.680673],[-5.763898,40.681965],[-5.764084,40.682424],[-5.76449,40.68274],[-5.76563,40.682972],[-5.768792,40.68289],[-5.769683,40.682903],[-5.77024,40.683049],[-5.771769,40.683074],[-5.77255,40.68332],[-5.775005,40.685049],[-5.776036,40.685996],[-5.776475,40.686081],[-5.778295,40.686061],[-5.779767,40.686303],[-5.78087,40.686803],[-5.783575,40.687313],[-5.784498,40.688053],[-5.785173,40.688111],[-5.786262,40.687925],[-5.787451,40.688675],[-5.787855,40.688812],[-5.789704,40.689871],[-5.791051,40.691259],[-5.792119,40.691633],[-5.79273,40.692068],[-5.793828,40.69327],[-5.795209,40.694244],[-5.795973,40.695019],[-5.797349,40.695996],[-5.797945,40.696536],[-5.798726,40.696647],[-5.800092,40.697725],[-5.800424,40.698091],[-5.8006,40.698709],[-5.801937,40.69995],[-5.802331,40.700603],[-5.802453,40.702514],[-5.803058,40.703601],[-5.803083,40.705349],[-5.802797,40.705669],[-5.801617,40.706573],[-5.80122,40.706729],[-5.800177,40.707538],[-5.801124,40.707563],[-5.804043,40.707508],[-5.804778,40.707663],[-5.80547,40.707512],[-5.806982,40.707717],[-5.807502,40.707995],[-5.808773,40.70836],[-5.80972,40.709221],[-5.810248,40.710188],[-5.811828,40.710861],[-5.813658,40.711376],[-5.814561,40.711807],[-5.815365,40.712317],[-5.816372,40.712664],[-5.817172,40.713178],[-5.818063,40.713433],[-5.819082,40.713448],[-5.820191,40.713769],[-5.821162,40.713327],[-5.823583,40.71134],[-5.824768,40.710658],[-5.825813,40.71036],[-5.828461,40.710263],[-5.829302,40.710314],[-5.829904,40.710523],[-5.830812,40.711183],[-5.831348,40.711911],[-5.83268,40.712381],[-5.833438,40.712454],[-5.834034,40.712755],[-5.835918,40.712855],[-5.836731,40.713039],[-5.838001,40.713819],[-5.838891,40.714019],[-5.839277,40.713957],[-5.839795,40.71353],[-5.84034,40.712606],[-5.840536,40.711582],[-5.841173,40.711155],[-5.841346,40.710705],[-5.842213,40.709793],[-5.842707,40.70972],[-5.844367,40.70995],[-5.845556,40.710289],[-5.847432,40.710256],[-5.849132,40.710504],[-5.849734,40.710714],[-5.850834,40.711453],[-5.851437,40.711666],[-5.852248,40.711685],[-5.854404,40.711157],[-5.855238,40.71058],[-5.856979,40.710033],[-5.858686,40.709941],[-5.859233,40.709769],[-5.860922,40.709617],[-5.861477,40.709271],[-5.864093,40.708385],[-5.864452,40.708127]]]},"properties":{"fid":1,"codigo":0,"nombre":"Tajo","perimetr_m":2016649,"area_m2":55780846887,"observacio":null}}
]}